Product Id,Product Handle,Product Title,Product Subtitle,Product Status,Product External Id,Product Description,Product Is Giftcard,Product Discountable,Product Thumbnail,Product Collection Id,Product Type Id,Product Weight,Product Length,Product Height,Product Width,Product Hs Code,Product Origin Country,Product Mid Code,Product Material,Product Created At,Product Updated At,Product Deleted At,Product Sales Channel 1,Product Sales Channel 2,Variant Id,Variant Title,Variant Sku,Variant Barcode,Variant Ean,Variant Upc,Variant Allow Backorder,Variant Manage Inventory,Variant Hs Code,Variant Origin Country,Variant Mid Code,Variant Material,Variant Weight,Variant Length,Variant Height,Variant Width,Variant Metadata.min_qty,Variant Metadata.wholesale_price,Variant Variant Rank,Variant Thumbnail,Variant Product Id,Variant Created At,Variant Updated At,Variant Deleted At,Variant Price COP,Variant Option 1 Id,Variant Option 1 Name,Variant Option 1 Value,Variant Metadata
prod_01KYNF54SZ26K5GHN95JFZTABA,invictus,Invictus,,published,,Fragancia inspirada en Paco Rabanne. Precio por gramo sin envase.,false,true,,pcol_01KYNF54AK5FYBQ0HWG5TF7Y06,,,,,,,,,,Tue Jul 28 2026 17:57:31 GMT-0500 (Colombia Standard Time),Tue Jul 28 2026 17:57:31 GMT-0500 (Colombia Standard Time),,sc_01KYNCV8FSSEG8B1MQC4QC6DA2,sc_01KYNF4WREP6XDE0A8VADDBEN8,variant_01KYNF57B4FGG67P9HKG9VRRCV,Default,f-invictus,,,,false,true,,,,,,,,,30,320,0,,prod_01KYNF54SZ26K5GHN95JFZTABA,Tue Jul 28 2026 17:57:34 GMT-0500 (Colombia Standard Time),Tue Jul 28 2026 17:57:34 GMT-0500 (Colombia Standard Time),,400,opt_01KYNF54SZCGZQ6TDATD62M8FH,Default,Default,"{""min_qty"":30,""wholesale_price"":320}"
prod_01KYNF54SZ78HC4XYSKA9V1H2P,chanel-n-5,Chanel Nº 5,,published,,Fragancia inspirada en Chanel. Precio por gramo sin envase.,false,true,,pcol_01KYNF54AK5FYBQ0HWG5TF7Y06,,,,,,,,,,Tue Jul 28 2026 17:57:31 GMT-0500 (Colombia Standard Time),Tue Jul 28 2026 17:57:31 GMT-0500 (Colombia Standard Time),,sc_01KYNCV8FSSEG8B1MQC4QC6DA2,sc_01KYNF4WREP6XDE0A8VADDBEN8,variant_01KYNF57B3877TSX3CT101Z8Y7,Default,f-chanel-5,,,,false,true,,,,,,,,,30,320,0,,prod_01KYNF54SZ78HC4XYSKA9V1H2P,Tue Jul 28 2026 17:57:34 GMT-0500 (Colombia Standard Time),Tue Jul 28 2026 17:57:34 GMT-0500 (Colombia Standard Time),,400,opt_01KYNF54SZDN5RHX1NDY0A4M9E,Default,Default,"{""min_qty"":30,""wholesale_price"":320}"
prod_01KYNF54SZAJ4M6XE6DDSY168S,acqua-di-gio,Acqua di Giò,,published,,Fragancia inspirada en Giorgio Armani. Precio por gramo sin envase.,false,true,,pcol_01KYNF54AK5FYBQ0HWG5TF7Y06,,,,,,,,,,Tue Jul 28 2026 17:57:31 GMT-0500 (Colombia Standard Time),Tue Jul 28 2026 17:57:31 GMT-0500 (Colombia Standard Time),,sc_01KYNCV8FSSEG8B1MQC4QC6DA2,sc_01KYNF4WREP6XDE0A8VADDBEN8,variant_01KYNF57B2JPYNZ8FHFCSR98GE,Default,f-acqua-di-gio,,,,false,true,,,,,,,,,30,328,0,,prod_01KYNF54SZAJ4M6XE6DDSY168S,Tue Jul 28 2026 17:57:34 GMT-0500 (Colombia Standard Time),Tue Jul 28 2026 17:57:34 GMT-0500 (Colombia Standard Time),,410,opt_01KYNF54SZWYT836KM7BNPTBAK,Default,Default,"{""min_qty"":30,""wholesale_price"":328}"
prod_01KYNF54SZH3DJSMT6DSVP0DEW,legend,Legend,,published,,Fragancia inspirada en Montblanc. Precio por gramo sin envase.,false,true,,pcol_01KYNF54AK5FYBQ0HWG5TF7Y06,,,,,,,,,,Tue Jul 28 2026 17:57:31 GMT-0500 (Colombia Standard Time),Tue Jul 28 2026 17:57:31 GMT-0500 (Colombia Standard Time),,sc_01KYNCV8FSSEG8B1MQC4QC6DA2,sc_01KYNF4WREP6XDE0A8VADDBEN8,variant_01KYNF57B4W4T1W16R3771EYX8,Default,f-legend,,,,false,true,,,,,,,,,30,320,0,,prod_01KYNF54SZH3DJSMT6DSVP0DEW,Tue Jul 28 2026 17:57:34 GMT-0500 (Colombia Standard Time),Tue Jul 28 2026 17:57:34 GMT-0500 (Colombia Standard Time),,400,opt_01KYNF54SZMS5XE42Q7ZW38KBG,Default,Default,"{""min_qty"":30,""wholesale_price"":320}"
prod_01KYNF54SZHG065QWM5MT2X0GD,eros,Eros,,published,,Fragancia inspirada en Versace. Precio por gramo sin envase.,false,true,,pcol_01KYNF54AK5FYBQ0HWG5TF7Y06,,,,,,,,,,Tue Jul 28 2026 17:57:31 GMT-0500 (Colombia Standard Time),Tue Jul 28 2026 17:57:31 GMT-0500 (Colombia Standard Time),,sc_01KYNCV8FSSEG8B1MQC4QC6DA2,sc_01KYNF4WREP6XDE0A8VADDBEN8,variant_01KYNF57B46KRDXZ15ZDNYRBCB,Default,f-eros,,,,false,true,,,,,,,,,30,320,0,,prod_01KYNF54SZHG065QWM5MT2X0GD,Tue Jul 28 2026 17:57:34 GMT-0500 (Colombia Standard Time),Tue Jul 28 2026 17:57:34 GMT-0500 (Colombia Standard Time),,400,opt_01KYNF54SZ22M22EE447YC1HQY,Default,Default,"{""min_qty"":30,""wholesale_price"":320}"
prod_01KYNF54SZTK42QS4ZE4QBAQ62,coco-mademoiselle,Coco Mademoiselle,,published,,Fragancia inspirada en Chanel. Precio por gramo sin envase.,false,true,,pcol_01KYNF54AK5FYBQ0HWG5TF7Y06,,,,,,,,,,Tue Jul 28 2026 17:57:31 GMT-0500 (Colombia Standard Time),Tue Jul 28 2026 17:57:31 GMT-0500 (Colombia Standard Time),,sc_01KYNCV8FSSEG8B1MQC4QC6DA2,sc_01KYNF4WREP6XDE0A8VADDBEN8,variant_01KYNF57B33XJZ2EQN2EWWF1RM,Default,f-coco-mademoiselle,,,,false,true,,,,,,,,,30,328,0,,prod_01KYNF54SZTK42QS4ZE4QBAQ62,Tue Jul 28 2026 17:57:34 GMT-0500 (Colombia Standard Time),Tue Jul 28 2026 17:57:34 GMT-0500 (Colombia Standard Time),,410,opt_01KYNF54SZG4WFH4EPJ5HPHRYJ,Default,Default,"{""min_qty"":30,""wholesale_price"":328}"
prod_01KYNF54SZTWPEXB346J20858C,one-million,One Million,,published,,Fragancia inspirada en Paco Rabanne. Precio por gramo sin envase.,false,true,,pcol_01KYNF54AK5FYBQ0HWG5TF7Y06,,,,,,,,,,Tue Jul 28 2026 17:57:31 GMT-0500 (Colombia Standard Time),Tue Jul 28 2026 17:57:31 GMT-0500 (Colombia Standard Time),,sc_01KYNCV8FSSEG8B1MQC4QC6DA2,sc_01KYNF4WREP6XDE0A8VADDBEN8,variant_01KYNF57B4A4795WH0GCV3X1V8,Default,f-one-million,,,,false,true,,,,,,,,,30,320,0,,prod_01KYNF54SZTWPEXB346J20858C,Tue Jul 28 2026 17:57:34 GMT-0500 (Colombia Standard Time),Tue Jul 28 2026 17:57:34 GMT-0500 (Colombia Standard Time),,400,opt_01KYNF54SZTMNRAQNHG4MG5BS0,Default,Default,"{""min_qty"":30,""wholesale_price"":320}"
prod_01KYNF54SZW6TVWJAHANQ1CHRQ,la-vie-est-belle,La Vie Est Belle,,published,,Fragancia inspirada en Lancôme. Precio por gramo sin envase.,false,true,,pcol_01KYNF54AK5FYBQ0HWG5TF7Y06,,,,,,,,,,Tue Jul 28 2026 17:57:31 GMT-0500 (Colombia Standard Time),Tue Jul 28 2026 17:57:31 GMT-0500 (Colombia Standard Time),,sc_01KYNCV8FSSEG8B1MQC4QC6DA2,sc_01KYNF4WREP6XDE0A8VADDBEN8,variant_01KYNF57B3RBXX999NHVBWPXEY,Default,f-la-vie-est-belle,,,,false,true,,,,,,,,,30,320,0,,prod_01KYNF54SZW6TVWJAHANQ1CHRQ,Tue Jul 28 2026 17:57:34 GMT-0500 (Colombia Standard Time),Tue Jul 28 2026 17:57:34 GMT-0500 (Colombia Standard Time),,400,opt_01KYNF54SZKETWETW9GE3N5FM4,Default,Default,"{""min_qty"":30,""wholesale_price"":320}"
prod_01KYNF54SZW8FGM6HCW23YYJ7H,good-girl,Good Girl,,published,,Fragancia inspirada en Carolina Herrera. Precio por gramo sin envase.,false,true,,pcol_01KYNF54AK5FYBQ0HWG5TF7Y06,,,,,,,,,,Tue Jul 28 2026 17:57:31 GMT-0500 (Colombia Standard Time),Tue Jul 28 2026 17:57:31 GMT-0500 (Colombia Standard Time),,sc_01KYNCV8FSSEG8B1MQC4QC6DA2,sc_01KYNF4WREP6XDE0A8VADDBEN8,variant_01KYNF57B4KZPWVK8CNB13KQ7A,Default,f-good-girl,,,,false,true,,,,,,,,,30,320,0,,prod_01KYNF54SZW8FGM6HCW23YYJ7H,Tue Jul 28 2026 17:57:34 GMT-0500 (Colombia Standard Time),Tue Jul 28 2026 17:57:34 GMT-0500 (Colombia Standard Time),,400,opt_01KYNF54SZADE5C9DY64XGRSG2,Default,Default,"{""min_qty"":30,""wholesale_price"":320}"
prod_01KYNF54SZZKM7PF9DZWNA3MX7,fahrenheit,Fahrenheit,,published,,Fragancia inspirada en Christian Dior. Precio por gramo sin envase.,false,true,,pcol_01KYNF54AK5FYBQ0HWG5TF7Y06,,,,,,,,,,Tue Jul 28 2026 17:57:31 GMT-0500 (Colombia Standard Time),Tue Jul 28 2026 17:57:31 GMT-0500 (Colombia Standard Time),,sc_01KYNCV8FSSEG8B1MQC4QC6DA2,sc_01KYNF4WREP6XDE0A8VADDBEN8,variant_01KYNF57B4ZWRD06V57K14HZVB,Default,f-fahrenheit,,,,false,true,,,,,,,,,30,320,0,,prod_01KYNF54SZZKM7PF9DZWNA3MX7,Tue Jul 28 2026 17:57:34 GMT-0500 (Colombia Standard Time),Tue Jul 28 2026 17:57:34 GMT-0500 (Colombia Standard Time),,400,opt_01KYNF54SZK24WDCXJRM15BSXQ,Default,Default,"{""min_qty"":30,""wholesale_price"":320}"
prod_01KYNF59K6N120JG765H7FVKV2,1-million-replica-agrafe-100-ml-aaa,1 Million Réplica Agrafe 100 ml AAA,,published,,Envase AAA · 100 ml · cierre Agrafe,false,true,,pcol_01KYNF54AKSX3Y8RFNJ53P89S3,,,,,,,,,,Tue Jul 28 2026 17:57:36 GMT-0500 (Colombia Standard Time),Tue Jul 28 2026 17:57:36 GMT-0500 (Colombia Standard Time),,sc_01KYNCV8FSSEG8B1MQC4QC6DA2,sc_01KYNF4WREP6XDE0A8VADDBEN8,variant_01KYNF5C20MCXQ2Y0GJ7ZZ7TV5,Default,b-1million-aaa,,,,false,true,,,,,,,,,6,24000,0,,prod_01KYNF59K6N120JG765H7FVKV2,Tue Jul 28 2026 17:57:39 GMT-0500 (Colombia Standard Time),Tue Jul 28 2026 17:57:39 GMT-0500 (Colombia Standard Time),,30000,opt_01KYNF59K7MX5NSNYKFE6FXNR4,Default,Default,"{""min_qty"":6,""wholesale_price"":24000}"
prod_01KYNF59K73XSDGG3XK09GETRD,legend-replica-100-ml,Legend Réplica 100 ml,,published,,Envase AA · 100 ml · cierre Rosca,false,true,,pcol_01KYNF54AKSX3Y8RFNJ53P89S3,,,,,,,,,,Tue Jul 28 2026 17:57:36 GMT-0500 (Colombia Standard Time),Tue Jul 28 2026 17:57:36 GMT-0500 (Colombia Standard Time),,sc_01KYNCV8FSSEG8B1MQC4QC6DA2,sc_01KYNF4WREP6XDE0A8VADDBEN8,variant_01KYNF5C219J3DB3QZ718SWGCQ,Default,b-legend-std,,,,false,true,,,,,,,,,6,9360,0,,prod_01KYNF59K73XSDGG3XK09GETRD,Tue Jul 28 2026 17:57:39 GMT-0500 (Colombia Standard Time),Tue Jul 28 2026 17:57:39 GMT-0500 (Colombia Standard Time),,11700,opt_01KYNF59K7Z9ZKZ733YZDHPA3W,Default,Default,"{""min_qty"":6,""wholesale_price"":9360}"
prod_01KYNF59K79X4PWC9DBRQ3G1N9,copa-invictus-replica-100-ml,Copa (Invictus) Réplica 100 ml,,published,,Envase AA · 100 ml · cierre Rosca,false,true,,pcol_01KYNF54AKSX3Y8RFNJ53P89S3,,,,,,,,,,Tue Jul 28 2026 17:57:36 GMT-0500 (Colombia Standard Time),Tue Jul 28 2026 17:57:36 GMT-0500 (Colombia Standard Time),,sc_01KYNCV8FSSEG8B1MQC4QC6DA2,sc_01KYNF4WREP6XDE0A8VADDBEN8,variant_01KYNF5C21DB519A3H129A4CNC,Default,b-invictus-std,,,,false,true,,,,,,,,,6,8800,0,,prod_01KYNF59K79X4PWC9DBRQ3G1N9,Tue Jul 28 2026 17:57:39 GMT-0500 (Colombia Standard Time),Tue Jul 28 2026 17:57:39 GMT-0500 (Colombia Standard Time),,11000,opt_01KYNF59K7XYSRX4AKNFJVQMHX,Default,Default,"{""min_qty"":6,""wholesale_price"":8800}"
prod_01KYNF59K7BQDD4GDGE4CV37HC,eros-agrafe-100-ml-aaa,Eros Agrafe 100 ml AAA,,published,,Envase AAA · 100 ml · cierre Agrafe,false,true,,pcol_01KYNF54AKSX3Y8RFNJ53P89S3,,,,,,,,,,Tue Jul 28 2026 17:57:36 GMT-0500 (Colombia Standard Time),Tue Jul 28 2026 17:57:36 GMT-0500 (Colombia Standard Time),,sc_01KYNCV8FSSEG8B1MQC4QC6DA2,sc_01KYNF4WREP6XDE0A8VADDBEN8,variant_01KYNF5C2024WXZVQ50VB2ZYWD,Default,b-eros-aaa,,,,false,true,,,,,,,,,6,24000,0,,prod_01KYNF59K7BQDD4GDGE4CV37HC,Tue Jul 28 2026 17:57:39 GMT-0500 (Colombia Standard Time),Tue Jul 28 2026 17:57:39 GMT-0500 (Colombia Standard Time),,30000,opt_01KYNF59K7N8G0Z460JGEQDEC4,Default,Default,"{""min_qty"":6,""wholesale_price"":24000}"
prod_01KYNF59K7BT37118C4T50A5Q3,chanel-n-5-canada-replica-100-ml,Chanel Nº5 (Canadá) Réplica 100 ml,,published,,Envase AA · 100 ml · cierre Rosca,false,true,,pcol_01KYNF54AKSX3Y8RFNJ53P89S3,,,,,,,,,,Tue Jul 28 2026 17:57:36 GMT-0500 (Colombia Standard Time),Tue Jul 28 2026 17:57:36 GMT-0500 (Colombia Standard Time),,sc_01KYNCV8FSSEG8B1MQC4QC6DA2,sc_01KYNF4WREP6XDE0A8VADDBEN8,variant_01KYNF5C21G0XDGSW80ZQWKRJN,Default,b-chanel5-std,,,,false,true,,,,,,,,,6,7440,0,,prod_01KYNF59K7BT37118C4T50A5Q3,Tue Jul 28 2026 17:57:39 GMT-0500 (Colombia Standard Time),Tue Jul 28 2026 17:57:39 GMT-0500 (Colombia Standard Time),,9300,opt_01KYNF59K7VKK325GHYX65CWY3,Default,Default,"{""min_qty"":6,""wholesale_price"":7440}"
prod_01KYNF59K7CP61X09DXPS37N98,eros-replica-100-ml,Eros Réplica 100 ml,,published,,Envase AA · 100 ml · cierre Rosca,false,true,,pcol_01KYNF54AKSX3Y8RFNJ53P89S3,,,,,,,,,,Tue Jul 28 2026 17:57:36 GMT-0500 (Colombia Standard Time),Tue Jul 28 2026 17:57:36 GMT-0500 (Colombia Standard Time),,sc_01KYNCV8FSSEG8B1MQC4QC6DA2,sc_01KYNF4WREP6XDE0A8VADDBEN8,variant_01KYNF5C21W81DSG5RX09GPZKY,Default,b-eros-std,,,,false,true,,,,,,,,,6,9280,0,,prod_01KYNF59K7CP61X09DXPS37N98,Tue Jul 28 2026 17:57:39 GMT-0500 (Colombia Standard Time),Tue Jul 28 2026 17:57:39 GMT-0500 (Colombia Standard Time),,11600,opt_01KYNF59K7HRPF3QWE6M465NEW,Default,Default,"{""min_qty"":6,""wholesale_price"":9280}"
prod_01KYNF59K7HXNX19GTVSP3S37X,cilindrico-de-lujo-100-ml,Cilíndrico de Lujo 100 ml,,published,,Envase AA · 100 ml · cierre Rosca,false,true,,pcol_01KYNF54AKSX3Y8RFNJ53P89S3,,,,,,,,,,Tue Jul 28 2026 17:57:36 GMT-0500 (Colombia Standard Time),Tue Jul 28 2026 17:57:36 GMT-0500 (Colombia Standard Time),,sc_01KYNCV8FSSEG8B1MQC4QC6DA2,sc_01KYNF4WREP6XDE0A8VADDBEN8,variant_01KYNF5C21WXDVZZF5SD7VW8KP,Default,b-cilindrico-lujo,,,,false,true,,,,,,,,,6,4400,0,,prod_01KYNF59K7HXNX19GTVSP3S37X,Tue Jul 28 2026 17:57:39 GMT-0500 (Colombia Standard Time),Tue Jul 28 2026 17:57:39 GMT-0500 (Colombia Standard Time),,5500,opt_01KYNF59K7E68WQT7KTMJFAT64,Default,Default,"{""min_qty"":6,""wholesale_price"":4400}"
prod_01KYNF59K7W6WBQKXPSBT2N4T6,1-million-replica-agrafe-100-ml,1 Million Réplica Agrafe 100 ml,,published,,Envase AA · 100 ml · cierre Agrafe,false,true,,pcol_01KYNF54AKSX3Y8RFNJ53P89S3,,,,,,,,,,Tue Jul 28 2026 17:57:36 GMT-0500 (Colombia Standard Time),Tue Jul 28 2026 17:57:36 GMT-0500 (Colombia Standard Time),,sc_01KYNCV8FSSEG8B1MQC4QC6DA2,sc_01KYNF4WREP6XDE0A8VADDBEN8,variant_01KYNF5C206QH3RNR13SBJYD8F,Default,b-1million-std,,,,false,true,,,,,,,,,6,17760,0,,prod_01KYNF59K7W6WBQKXPSBT2N4T6,Tue Jul 28 2026 17:57:39 GMT-0500 (Colombia Standard Time),Tue Jul 28 2026 17:57:39 GMT-0500 (Colombia Standard Time),,22200,opt_01KYNF59K7J9T5SQHH18YZ47SQ,Default,Default,"{""min_qty"":6,""wholesale_price"":17760}"
prod_01KYNF59K7W7YR9569E9MQNVPG,fahrenheit-replica-100-ml,Fahrenheit Réplica 100 ml,,published,,Envase AA · 100 ml · cierre Rosca,false,true,,pcol_01KYNF54AKSX3Y8RFNJ53P89S3,,,,,,,,,,Tue Jul 28 2026 17:57:36 GMT-0500 (Colombia Standard Time),Tue Jul 28 2026 17:57:36 GMT-0500 (Colombia Standard Time),,sc_01KYNCV8FSSEG8B1MQC4QC6DA2,sc_01KYNF4WREP6XDE0A8VADDBEN8,variant_01KYNF5C21H3NG1ATZDMA85979,Default,b-fahrenheit-std,,,,false,true,,,,,,,,,6,7200,0,,prod_01KYNF59K7W7YR9569E9MQNVPG,Tue Jul 28 2026 17:57:39 GMT-0500 (Colombia Standard Time),Tue Jul 28 2026 17:57:39 GMT-0500 (Colombia Standard Time),,9000,opt_01KYNF59K7VM244FBWTZ37ZG42,Default,Default,"{""min_qty"":6,""wholesale_price"":7200}"
prod_01KYNF59K7WMQZ9QG7RJB1VQDW,good-girl-tacon-90-ml,Good Girl (Tacón) 90 ml,,published,,Envase AA · 90 ml · cierre Rosca,false,true,,pcol_01KYNF54AKSX3Y8RFNJ53P89S3,,,,,,,,,,Tue Jul 28 2026 17:57:36 GMT-0500 (Colombia Standard Time),Tue Jul 28 2026 17:57:36 GMT-0500 (Colombia Standard Time),,sc_01KYNCV8FSSEG8B1MQC4QC6DA2,sc_01KYNF4WREP6XDE0A8VADDBEN8,variant_01KYNF5C21R6HDX1TFRRSMXMRQ,Default,b-goodgirl-std,,,,false,true,,,,,,,,,6,11600,0,,prod_01KYNF59K7WMQZ9QG7RJB1VQDW,Tue Jul 28 2026 17:57:39 GMT-0500 (Colombia Standard Time),Tue Jul 28 2026 17:57:39 GMT-0500 (Colombia Standard Time),,14500,opt_01KYNF59K7B53XSXXKNJ9R675N,Default,Default,"{""min_qty"":6,""wholesale_price"":11600}"
prod_01KYNF5E973J9VAECRXGEPTP7R,alcohol-desodorizado-valvula-spray-30-ml,Alcohol Desodorizado (válvula spray) 30 ml,,published,,Alcohol desodorizado especializado para perfumería.,false,true,,pcol_01KYNF54AKSX3Y8RFNJ53P89S3,,,,,,,,,,Tue Jul 28 2026 17:57:41 GMT-0500 (Colombia Standard Time),Tue Jul 28 2026 17:57:41 GMT-0500 (Colombia Standard Time),,sc_01KYNCV8FSSEG8B1MQC4QC6DA2,sc_01KYNF4WREP6XDE0A8VADDBEN8,variant_01KYNF5GQXJ7C4BR1TNZ3CYFN5,Default,alc-30,,,,false,true,,,,,,,,,6,1280,0,,prod_01KYNF5E973J9VAECRXGEPTP7R,Tue Jul 28 2026 17:57:44 GMT-0500 (Colombia Standard Time),Tue Jul 28 2026 17:57:44 GMT-0500 (Colombia Standard Time),,1600,opt_01KYNF5E982BBWW12ZTFRSSJYQ,Default,Default,"{""min_qty"":6,""wholesale_price"":1280}"
prod_01KYNF5E97CZ0YZEY1XJ3ATTX3,generico-agrafe-100-ml,Genérico Agrafe 100 ml,,published,,Envase Generico · 100 ml · cierre Agrafe,false,true,,pcol_01KYNF54AKSX3Y8RFNJ53P89S3,,,,,,,,,,Tue Jul 28 2026 17:57:41 GMT-0500 (Colombia Standard Time),Tue Jul 28 2026 17:57:41 GMT-0500 (Colombia Standard Time),,sc_01KYNCV8FSSEG8B1MQC4QC6DA2,sc_01KYNF4WREP6XDE0A8VADDBEN8,variant_01KYNF5GQW36NPVJJTK9RAPQN0,Default,b-generico-agrafe-100,,,,false,true,,,,,,,,,6,6000,0,,prod_01KYNF5E97CZ0YZEY1XJ3ATTX3,Tue Jul 28 2026 17:57:44 GMT-0500 (Colombia Standard Time),Tue Jul 28 2026 17:57:44 GMT-0500 (Colombia Standard Time),,7500,opt_01KYNF5E98HYWXT7K4V07DTA6S,Default,Default,"{""min_qty"":6,""wholesale_price"":6000}"
prod_01KYNF5E97Q1421R8FP3KQFMWV,generico-rosca-100-ml,Genérico Rosca 100 ml,,published,,Envase Generico · 100 ml · cierre Rosca,false,true,,pcol_01KYNF54AKSX3Y8RFNJ53P89S3,,,,,,,,,,Tue Jul 28 2026 17:57:41 GMT-0500 (Colombia Standard Time),Tue Jul 28 2026 17:57:41 GMT-0500 (Colombia Standard Time),,sc_01KYNCV8FSSEG8B1MQC4QC6DA2,sc_01KYNF4WREP6XDE0A8VADDBEN8,variant_01KYNF5GQXKP9RWQ4A4EXC1ZR9,Default,b-generico-rosca-100,,,,false,true,,,,,,,,,6,3520,0,,prod_01KYNF5E97Q1421R8FP3KQFMWV,Tue Jul 28 2026 17:57:44 GMT-0500 (Colombia Standard Time),Tue Jul 28 2026 17:57:44 GMT-0500 (Colombia Standard Time),,4400,opt_01KYNF5E98CB2WQ121S6B7YNH6,Default,Default,"{""min_qty"":6,""wholesale_price"":3520}"
prod_01KYNF5E97XEAJT6H4N7WN56FK,generico-rosca-30-ml,Genérico Rosca 30 ml,,published,,Envase Generico · 30 ml · cierre Rosca,false,true,,pcol_01KYNF54AKSX3Y8RFNJ53P89S3,,,,,,,,,,Tue Jul 28 2026 17:57:41 GMT-0500 (Colombia Standard Time),Tue Jul 28 2026 17:57:41 GMT-0500 (Colombia Standard Time),,sc_01KYNCV8FSSEG8B1MQC4QC6DA2,sc_01KYNF4WREP6XDE0A8VADDBEN8,variant_01KYNF5GQX7Q4RDAX15MQE8NZ0,Default,b-generico-rosca-30,,,,false,true,,,,,,,,,6,2000,0,,prod_01KYNF5E97XEAJT6H4N7WN56FK,Tue Jul 28 2026 17:57:44 GMT-0500 (Colombia Standard Time),Tue Jul 28 2026 17:57:44 GMT-0500 (Colombia Standard Time),,2500,opt_01KYNF5E98318NKGA5QA1DTS6X,Default,Default,"{""min_qty"":6,""wholesale_price"":2000}"
prod_01KYNF5E98CH2WJEPAE17285DZ,alcohol-desodorizado-valvula-spray-125-ml,Alcohol Desodorizado (válvula spray) 125 ml,,published,,Alcohol desodorizado especializado para perfumería.,false,true,,pcol_01KYNF54AKSX3Y8RFNJ53P89S3,,,,,,,,,,Tue Jul 28 2026 17:57:41 GMT-0500 (Colombia Standard Time),Tue Jul 28 2026 17:57:41 GMT-0500 (Colombia Standard Time),,sc_01KYNCV8FSSEG8B1MQC4QC6DA2,sc_01KYNF4WREP6XDE0A8VADDBEN8,variant_01KYNF5GQXTKBYP0RR0D6PXSGM,Default,alc-125,,,,false,true,,,,,,,,,6,2800,0,,prod_01KYNF5E98CH2WJEPAE17285DZ,Tue Jul 28 2026 17:57:44 GMT-0500 (Colombia Standard Time),Tue Jul 28 2026 17:57:44 GMT-0500 (Colombia Standard Time),,3500,opt_01KYNF5E98VSFS5ZTEQW0RSFKX,Default,Default,"{""min_qty"":6,""wholesale_price"":2800}"
prod_01KYNF5E98KPSEW1R021PYF3MS,feromona-unisex,Feromona Unisex,,published,,Aditivo de feromonas unisex.,false,true,,pcol_01KYNF54AKSX3Y8RFNJ53P89S3,,,,,,,,,,Tue Jul 28 2026 17:57:41 GMT-0500 (Colombia Standard Time),Wed Jul 29 2026 13:49:19 GMT-0500 (Colombia Standard Time),,sc_01KYNCV8FSSEG8B1MQC4QC6DA2,sc_01KYNF4WREP6XDE0A8VADDBEN8,variant_01KYNF5GQYFSCMMEZMNA5V20KD,Default,ph-unisex,,,,false,true,,,,,,,,,6,4400,0,,prod_01KYNF5E98KPSEW1R021PYF3MS,Tue Jul 28 2026 17:57:44 GMT-0500 (Colombia Standard Time),Tue Jul 28 2026 17:57:44 GMT-0500 (Colombia Standard Time),,5500,opt_01KYNF5E98NWPXJTAS1YX40MDA,Default,Default,"{""min_qty"":6,""wholesale_price"":4400}"
prod_01KYNF5E98SSHAT2M1WHPBWBV4,feromona-masculina,Feromona Masculina,,published,,Aditivo de feromonas para fragancias caballero.,false,true,,pcol_01KYNF54AKSX3Y8RFNJ53P89S3,,,,,,,,,,Tue Jul 28 2026 17:57:41 GMT-0500 (Colombia Standard Time),Wed Jul 29 2026 13:49:16 GMT-0500 (Colombia Standard Time),,sc_01KYNCV8FSSEG8B1MQC4QC6DA2,sc_01KYNF4WREP6XDE0A8VADDBEN8,variant_01KYNF5GQY4HZQ7K4937CNNA9X,Default,ph-masculina,,,,false,true,,,,,,,,,6,4000,0,,prod_01KYNF5E98SSHAT2M1WHPBWBV4,Tue Jul 28 2026 17:57:44 GMT-0500 (Colombia Standard Time),Tue Jul 28 2026 17:57:44 GMT-0500 (Colombia Standard Time),,5000,opt_01KYNF5E98BCQ5Q1BEH8AG6Z2B,Default,Default,"{""min_qty"":6,""wholesale_price"":4000}"
prod_01KYNF5E98W17GGDY3WYJ8A96M,alcohol-desodorizado-valvula-spray-60-ml,Alcohol Desodorizado (válvula spray) 60 ml,,published,,Alcohol desodorizado especializado para perfumería.,false,true,,pcol_01KYNF54AKSX3Y8RFNJ53P89S3,,,,,,,,,,Tue Jul 28 2026 17:57:41 GMT-0500 (Colombia Standard Time),Tue Jul 28 2026 17:57:41 GMT-0500 (Colombia Standard Time),,sc_01KYNCV8FSSEG8B1MQC4QC6DA2,sc_01KYNF4WREP6XDE0A8VADDBEN8,variant_01KYNF5GQXCQXD84P41JV12P7Z,Default,alc-60,,,,false,true,,,,,,,,,6,1760,0,,prod_01KYNF5E98W17GGDY3WYJ8A96M,Tue Jul 28 2026 17:57:44 GMT-0500 (Colombia Standard Time),Tue Jul 28 2026 17:57:44 GMT-0500 (Colombia Standard Time),,2200,opt_01KYNF5E986PM5S568JFSNMHMC,Default,Default,"{""min_qty"":6,""wholesale_price"":1760}"
prod_01KYNF5E98X6HY43ZJHVT36X7M,feromona-femenina,Feromona Femenina,,published,,Aditivo de feromonas para fragancias dama.,false,true,,pcol_01KYNF54AKSX3Y8RFNJ53P89S3,,,,,,,,,,Tue Jul 28 2026 17:57:41 GMT-0500 (Colombia Standard Time),Wed Jul 29 2026 13:49:13 GMT-0500 (Colombia Standard Time),,sc_01KYNCV8FSSEG8B1MQC4QC6DA2,sc_01KYNF4WREP6XDE0A8VADDBEN8,variant_01KYNF5GQXCRNMRJMW28X8HX7T,Default,ph-femenina,,,,false,true,,,,,,,,,6,4000,0,,prod_01KYNF5E98X6HY43ZJHVT36X7M,Tue Jul 28 2026 17:57:44 GMT-0500 (Colombia Standard Time),Tue Jul 28 2026 17:57:44 GMT-0500 (Colombia Standard Time),,5000,opt_01KYNF5E9831T6B7XE7H3YXWC8,Default,Default,"{""min_qty"":6,""wholesale_price"":4000}"
prod_01KYNF5E98XNG8TEZCC8VWAWJP,anillo-acero-lujo-dama,Anillo Acero Lujo (Dama),,published,,,false,true,,pcol_01KYNF54AK6VNWKFF3R0GE0JQE,,,,,,,,,,Tue Jul 28 2026 17:57:41 GMT-0500 (Colombia Standard Time),Tue Jul 28 2026 17:57:41 GMT-0500 (Colombia Standard Time),,sc_01KYNCV8FSSEG8B1MQC4QC6DA2,sc_01KYNF4WREP6XDE0A8VADDBEN8,variant_01KYNF5GQYVFQ99R5D3REJF3ZH,Default,cs-anillo-lujo-f,,,,false,true,,,,,,,,,6,8000,0,,prod_01KYNF5E98XNG8TEZCC8VWAWJP,Tue Jul 28 2026 17:57:44 GMT-0500 (Colombia Standard Time),Tue Jul 28 2026 17:57:44 GMT-0500 (Colombia Standard Time),,10000,opt_01KYNF5E98BNNVJFD1R2CFZFXY,Default,Default,"{""min_qty"":6,""wholesale_price"":8000}"
prod_01KYNF5JYQ129GVN0HPCFP65R3,agua-de-linos-spray-125-ml,Agua de Linos Spray 125 ml,,published,,,false,true,,pcol_01KYNF54AK6J1J9YFFJ9329JV8,,,,,,,,,,Tue Jul 28 2026 17:57:46 GMT-0500 (Colombia Standard Time),Tue Jul 28 2026 17:57:46 GMT-0500 (Colombia Standard Time),,sc_01KYNCV8FSSEG8B1MQC4QC6DA2,sc_01KYNF4WREP6XDE0A8VADDBEN8,variant_01KYNF5ND610BJB0YM6Z6MDW31,Default,cs-agua-linos,,,,false,true,,,,,,,,,1,5600,0,,prod_01KYNF5JYQ129GVN0HPCFP65R3,Tue Jul 28 2026 17:57:48 GMT-0500 (Colombia Standard Time),Tue Jul 28 2026 17:57:48 GMT-0500 (Colombia Standard Time),,7000,opt_01KYNF5JYRP4STX6H9FMF222JF,Default,Default,"{""min_qty"":1,""wholesale_price"":5600}"
prod_01KYNF5JYQ87AVAPKCJMNWJ7JY,cosmetiquera-tipo-maletin,Cosmetiquera Tipo Maletín,,published,,,false,true,,pcol_01KYNF54AK6VNWKFF3R0GE0JQE,,,,,,,,,,Tue Jul 28 2026 17:57:46 GMT-0500 (Colombia Standard Time),Tue Jul 28 2026 17:57:46 GMT-0500 (Colombia Standard Time),,sc_01KYNCV8FSSEG8B1MQC4QC6DA2,sc_01KYNF4WREP6XDE0A8VADDBEN8,variant_01KYNF5ND5PF9ZQ2CB28QVTKSZ,Default,cs-cosmetiquera,,,,false,true,,,,,,,,,6,20000,0,,prod_01KYNF5JYQ87AVAPKCJMNWJ7JY,Tue Jul 28 2026 17:57:48 GMT-0500 (Colombia Standard Time),Tue Jul 28 2026 17:57:48 GMT-0500 (Colombia Standard Time),,25000,opt_01KYNF5JYR1A6X2DC14S1973HT,Default,Default,"{""min_qty"":6,""wholesale_price"":20000}"
prod_01KYNF5JYQH3TTGTJ1HB1Z48X5,argolla-acero-lujo,Argolla Acero Lujo,,published,,,false,true,,pcol_01KYNF54AK6VNWKFF3R0GE0JQE,,,,,,,,,,Tue Jul 28 2026 17:57:46 GMT-0500 (Colombia Standard Time),Tue Jul 28 2026 17:57:46 GMT-0500 (Colombia Standard Time),,sc_01KYNCV8FSSEG8B1MQC4QC6DA2,sc_01KYNF4WREP6XDE0A8VADDBEN8,variant_01KYNF5ND5RCH1HRMEYN9PNS73,Default,cs-argolla-lujo,,,,false,true,,,,,,,,,6,8000,0,,prod_01KYNF5JYQH3TTGTJ1HB1Z48X5,Tue Jul 28 2026 17:57:48 GMT-0500 (Colombia Standard Time),Tue Jul 28 2026 17:57:48 GMT-0500 (Colombia Standard Time),,10000,opt_01KYNF5JYRKVMK40P9F1AWZVF2,Default,Default,"{""min_qty"":6,""wholesale_price"":8000}"
prod_01KYNF5JYQR8CMCDTXJ0FBZP53,arete-covergold-lujo,Arete Covergold Lujo,,published,,,false,true,,pcol_01KYNF54AK6VNWKFF3R0GE0JQE,,,,,,,,,,Tue Jul 28 2026 17:57:46 GMT-0500 (Colombia Standard Time),Tue Jul 28 2026 17:57:46 GMT-0500 (Colombia Standard Time),,sc_01KYNCV8FSSEG8B1MQC4QC6DA2,sc_01KYNF4WREP6XDE0A8VADDBEN8,variant_01KYNF5ND5RMRDBYAWDMYV3ZXC,Default,cs-arete-covergold,,,,false,true,,,,,,,,,6,12000,0,,prod_01KYNF5JYQR8CMCDTXJ0FBZP53,Tue Jul 28 2026 17:57:48 GMT-0500 (Colombia Standard Time),Tue Jul 28 2026 17:57:48 GMT-0500 (Colombia Standard Time),,15000,opt_01KYNF5JYR4DTMAA5VYAW7G6JM,Default,Default,"{""min_qty"":6,""wholesale_price"":12000}"
prod_01KYNF5JYQY1D5EW2FWANTRGC8,billetera-cuero-fina-caballero,Billetera Cuero Fina (Caballero),,published,,,false,true,,pcol_01KYNF54AK6VNWKFF3R0GE0JQE,,,,,,,,,,Tue Jul 28 2026 17:57:46 GMT-0500 (Colombia Standard Time),Tue Jul 28 2026 17:57:46 GMT-0500 (Colombia Standard Time),,sc_01KYNCV8FSSEG8B1MQC4QC6DA2,sc_01KYNF4WREP6XDE0A8VADDBEN8,variant_01KYNF5ND5XQ3WPZBSBJGYCY2R,Default,cs-billetera-cuero-m,,,,false,true,,,,,,,,,6,24000,0,,prod_01KYNF5JYQY1D5EW2FWANTRGC8,Tue Jul 28 2026 17:57:48 GMT-0500 (Colombia Standard Time),Tue Jul 28 2026 17:57:48 GMT-0500 (Colombia Standard Time),,30000,opt_01KYNF5JYR93ZKRR9S3YJ6F5T6,Default,Default,"{""min_qty"":6,""wholesale_price"":24000}"
prod_01KYNF5JYQYG7TGVYC76JNJEQ3,esencial-ambiental-panda-gotero,Esencial Ambiental Panda (Gotero),,published,,,false,true,,pcol_01KYNF54AK6J1J9YFFJ9329JV8,,,,,,,,,,Tue Jul 28 2026 17:57:46 GMT-0500 (Colombia Standard Time),Tue Jul 28 2026 17:57:46 GMT-0500 (Colombia Standard Time),,sc_01KYNCV8FSSEG8B1MQC4QC6DA2,sc_01KYNF4WREP6XDE0A8VADDBEN8,variant_01KYNF5ND6FMJKHQ7TA1YJGQE1,Default,cs-esencial-panda,,,,false,true,,,,,,,,,1,4000,0,,prod_01KYNF5JYQYG7TGVYC76JNJEQ3,Tue Jul 28 2026 17:57:48 GMT-0500 (Colombia Standard Time),Tue Jul 28 2026 17:57:48 GMT-0500 (Colombia Standard Time),,5000,opt_01KYNF5JYRYB6HKZSM9N4YAWD2,Default,Default,"{""min_qty"":1,""wholesale_price"":4000}"
prod_01KYNF5JYRA15FB6AS507EXJ8C,room-spray-lavanda-125,Room Spray Lavanda 125 ml,,published,,Ambientador en spray para espacios interiores.,false,true,,pcol_01KYNF54AK6J1J9YFFJ9329JV8,,,,,,,,,,Tue Jul 28 2026 17:57:46 GMT-0500 (Colombia Standard Time),Tue Jul 28 2026 17:57:46 GMT-0500 (Colombia Standard Time),,sc_01KYNCV8FSSEG8B1MQC4QC6DA2,sc_01KYNF4WREP6XDE0A8VADDBEN8,variant_01KYNF5ND6SXTXE4HPQX0VNGBA,Default,hc-room-spray-lavanda,,,,false,true,,,,,,,,,1,9600,0,,prod_01KYNF5JYRA15FB6AS507EXJ8C,Tue Jul 28 2026 17:57:48 GMT-0500 (Colombia Standard Time),Tue Jul 28 2026 17:57:48 GMT-0500 (Colombia Standard Time),,12000,opt_01KYNF5JYR2HEM6EBRRGMZK27P,Default,Default,"{""min_qty"":1,""wholesale_price"":9600}"
prod_01KYNF5JYRB08CWSW2C4KVZ9MT,esencia-humidificador-jazmin,Esencia Humidificador Jazmín,,published,,Esencia concentrada para humidificadores.,false,true,,pcol_01KYNF54AK6J1J9YFFJ9329JV8,,,,,,,,,,Tue Jul 28 2026 17:57:46 GMT-0500 (Colombia Standard Time),Tue Jul 28 2026 17:57:46 GMT-0500 (Colombia Standard Time),,sc_01KYNCV8FSSEG8B1MQC4QC6DA2,sc_01KYNF4WREP6XDE0A8VADDBEN8,variant_01KYNF5ND6K3KN9EQCA1VYD51Z,Default,hc-humidificador-jazmin,,,,false,true,,,,,,,,,1,6400,0,,prod_01KYNF5JYRB08CWSW2C4KVZ9MT,Tue Jul 28 2026 17:57:48 GMT-0500 (Colombia Standard Time),Tue Jul 28 2026 17:57:48 GMT-0500 (Colombia Standard Time),,8000,opt_01KYNF5JYR1N2VC45DPETDRNCC,Default,Default,"{""min_qty"":1,""wholesale_price"":6400}"
prod_01KYNF5JYRD4Z56E6BMK1B84EF,esencia-humidificador-vainilla,Esencia Humidificador Vainilla,,published,,Esencia concentrada para humidificadores.,false,true,,pcol_01KYNF54AK6J1J9YFFJ9329JV8,,,,,,,,,,Tue Jul 28 2026 17:57:46 GMT-0500 (Colombia Standard Time),Tue Jul 28 2026 17:57:46 GMT-0500 (Colombia Standard Time),,sc_01KYNCV8FSSEG8B1MQC4QC6DA2,sc_01KYNF4WREP6XDE0A8VADDBEN8,variant_01KYNF5ND64HZFNGS73FKG929H,Default,hc-humidificador-vainilla,,,,false,true,,,,,,,,,1,6400,0,,prod_01KYNF5JYRD4Z56E6BMK1B84EF,Tue Jul 28 2026 17:57:48 GMT-0500 (Colombia Standard Time),Tue Jul 28 2026 17:57:48 GMT-0500 (Colombia Standard Time),,8000,opt_01KYNF5JYRK841XGK1WH44GR60,Default,Default,"{""min_qty"":1,""wholesale_price"":6400}"
prod_01KYNF5JYRSF91E5NKA50M31YJ,room-spray-citrico-125,Room Spray Cítrico 125 ml,,published,,Ambientador cítrico fresco para el hogar.,false,true,,pcol_01KYNF54AK6J1J9YFFJ9329JV8,,,,,,,,,,Tue Jul 28 2026 17:57:46 GMT-0500 (Colombia Standard Time),Tue Jul 28 2026 17:57:46 GMT-0500 (Colombia Standard Time),,sc_01KYNCV8FSSEG8B1MQC4QC6DA2,sc_01KYNF4WREP6XDE0A8VADDBEN8,variant_01KYNF5ND6DBV17D16R3TGSC13,Default,hc-room-spray-citrico,,,,false,true,,,,,,,,,1,9600,0,,prod_01KYNF5JYRSF91E5NKA50M31YJ,Tue Jul 28 2026 17:57:48 GMT-0500 (Colombia Standard Time),Tue Jul 28 2026 17:57:48 GMT-0500 (Colombia Standard Time),,12000,opt_01KYNF5JYRRYEZQQYFBVJE0K11,Default,Default,"{""min_qty"":1,""wholesale_price"":9600}"
prod_01KYNF5QMG01G3QKCT0H9QBQDZ,cinturon-cuero-caballero,Cinturón Cuero Caballero,,published,,Cinturón de cuero genuino.,false,true,,pcol_01KYNF54AK6VNWKFF3R0GE0JQE,,,,,,,,,,Tue Jul 28 2026 17:57:51 GMT-0500 (Colombia Standard Time),Tue Jul 28 2026 17:57:51 GMT-0500 (Colombia Standard Time),,sc_01KYNCV8FSSEG8B1MQC4QC6DA2,sc_01KYNF4WREP6XDE0A8VADDBEN8,variant_01KYNF5T289Y5K6XP7XVFW5SFW,Default,acc-cinturon-caballero,,,,false,true,,,,,,,,,1,36000,0,,prod_01KYNF5QMG01G3QKCT0H9QBQDZ,Tue Jul 28 2026 17:57:53 GMT-0500 (Colombia Standard Time),Tue Jul 28 2026 17:57:53 GMT-0500 (Colombia Standard Time),,45000,opt_01KYNF5QMGAE95EN8W59E08HRR,Default,Default,"{""min_qty"":1,""wholesale_price"":36000}"
prod_01KYNF5QMGGBMWSWQ7S9YGCPG6,bolso-tote-cuero,Bolso Tote Cuero,,published,,Bolso tote en cuero sintético de lujo.,false,true,,pcol_01KYNF54AK6VNWKFF3R0GE0JQE,,,,,,,,,,Tue Jul 28 2026 17:57:51 GMT-0500 (Colombia Standard Time),Tue Jul 28 2026 17:57:51 GMT-0500 (Colombia Standard Time),,sc_01KYNCV8FSSEG8B1MQC4QC6DA2,sc_01KYNF4WREP6XDE0A8VADDBEN8,variant_01KYNF5T285EGGQD0F0645M71A,Default,acc-bolso-tote,,,,false,true,,,,,,,,,1,68000,0,,prod_01KYNF5QMGGBMWSWQ7S9YGCPG6,Tue Jul 28 2026 17:57:53 GMT-0500 (Colombia Standard Time),Tue Jul 28 2026 17:57:53 GMT-0500 (Colombia Standard Time),,85000,opt_01KYNF5QMGK3X29B1XQ98E1KER,Default,Default,"{""min_qty"":1,""wholesale_price"":68000}"
prod_01KYNF5QMGHZW2J40FPPJ4C2JT,desodorante-dama,Desodorante Dama,,published,,Desodorante con fragancia Perfumas.,false,true,,pcol_01KYNF54AK6J1J9YFFJ9329JV8,,,,,,,,,,Tue Jul 28 2026 17:57:51 GMT-0500 (Colombia Standard Time),Tue Jul 28 2026 17:57:51 GMT-0500 (Colombia Standard Time),,sc_01KYNCV8FSSEG8B1MQC4QC6DA2,sc_01KYNF4WREP6XDE0A8VADDBEN8,variant_01KYNF5T27V8AR0B8HDRRHGMFM,Default,hc-desodorante-dama,,,,false,true,,,,,,,,,1,12000,0,,prod_01KYNF5QMGHZW2J40FPPJ4C2JT,Tue Jul 28 2026 17:57:53 GMT-0500 (Colombia Standard Time),Tue Jul 28 2026 17:57:53 GMT-0500 (Colombia Standard Time),,15000,opt_01KYNF5QMG12PE858DCEXGSMCW,Default,Default,"{""min_qty"":1,""wholesale_price"":12000}"
prod_01KYNF5QMGMN0HG405E2J50WZW,desodorante-caballero,Desodorante Caballero,,published,,Desodorante con fragancia Perfumas.,false,true,,pcol_01KYNF54AK6J1J9YFFJ9329JV8,,,,,,,,,,Tue Jul 28 2026 17:57:51 GMT-0500 (Colombia Standard Time),Tue Jul 28 2026 17:57:51 GMT-0500 (Colombia Standard Time),,sc_01KYNCV8FSSEG8B1MQC4QC6DA2,sc_01KYNF4WREP6XDE0A8VADDBEN8,variant_01KYNF5T28QCNW67BJKMFJAT3A,Default,hc-desodorante-caballero,,,,false,true,,,,,,,,,1,12000,0,,prod_01KYNF5QMGMN0HG405E2J50WZW,Tue Jul 28 2026 17:57:53 GMT-0500 (Colombia Standard Time),Tue Jul 28 2026 17:57:53 GMT-0500 (Colombia Standard Time),,15000,opt_01KYNF5QMGHT04WWTJ18SV23TX,Default,Default,"{""min_qty"":1,""wholesale_price"":12000}"
prod_01KYNJ2T2XN9R4KCB9CPZFDWSB,custom-perfume-build,Fragancia personalizada,,published,,Build-to-order perfume (custom price),false,true,,,,,,,,,,,,Tue Jul 28 2026 18:48:41 GMT-0500 (Colombia Standard Time),Tue Jul 28 2026 18:48:41 GMT-0500 (Colombia Standard Time),,,,variant_01KYNJ2WHRBPM28QFBDP637T8N,Custom build,custom-perfume-build,,,,false,false,,,,,,,,,,,0,,prod_01KYNJ2T2XN9R4KCB9CPZFDWSB,Tue Jul 28 2026 18:48:43 GMT-0500 (Colombia Standard Time),Tue Jul 28 2026 18:48:43 GMT-0500 (Colombia Standard Time),,0,opt_01KYNJ2T2XM5V1RMNR6V4N0CYP,Default,Default,
prod_01KYQGE7DJ1QY437QCC8TV1YHZ,acqua-di-gio-dama,ACQUA DI GIO,,published,,Esencia inspirada en GIORGIO ARMANI. Precio por gramo sin envase.,false,true,,pcol_01KYNF54AKSX3Y8RFNJ53P89S3,,,,,,,,,,Wed Jul 29 2026 12:58:27 GMT-0500 (Colombia Standard Time),Wed Jul 29 2026 12:58:27 GMT-0500 (Colombia Standard Time),,sc_01KYNCV8FSSEG8B1MQC4QC6DA2,sc_01KYNF4WREP6XDE0A8VADDBEN8,variant_01KYQGE9B9KK0FE5HPSMFWHN3N,Default,ess-1-M,,,,false,true,,,,,,,,,30,390,0,,prod_01KYQGE7DJ1QY437QCC8TV1YHZ,Wed Jul 29 2026 12:58:28 GMT-0500 (Colombia Standard Time),Wed Jul 29 2026 12:58:28 GMT-0500 (Colombia Standard Time),,410,opt_01KYQGE7DKA4SNXD7TH8Y7DC2Y,Default,Default,"{""min_qty"":30,""wholesale_price"":390}"
prod_01KYQGE7DJ5F1DHS5Y5YSZXSJB,animale-dama,ANIMALE,,published,,Esencia inspirada en ANIMALE. Precio por gramo sin envase.,false,true,,pcol_01KYNF54AKSX3Y8RFNJ53P89S3,,,,,,,,,,Wed Jul 29 2026 12:58:27 GMT-0500 (Colombia Standard Time),Wed Jul 29 2026 12:58:27 GMT-0500 (Colombia Standard Time),,sc_01KYNCV8FSSEG8B1MQC4QC6DA2,sc_01KYNF4WREP6XDE0A8VADDBEN8,variant_01KYQGE9BA39362BQA7Z2XTR4A,Default,ess-2-M,,,,false,true,,,,,,,,,30,390,0,,prod_01KYQGE7DJ5F1DHS5Y5YSZXSJB,Wed Jul 29 2026 12:58:28 GMT-0500 (Colombia Standard Time),Wed Jul 29 2026 12:58:28 GMT-0500 (Colombia Standard Time),,410,opt_01KYQGE7DKF3VPDA95FZQFR2AS,Default,Default,"{""min_qty"":30,""wholesale_price"":390}"
prod_01KYQGE7DJAN97P478MQ7V8N46,anais-anais-dama,ANAIS ANAIS,,published,,Esencia inspirada en CACHAREL. Precio por gramo sin envase.,false,true,,pcol_01KYNF54AKSX3Y8RFNJ53P89S3,,,,,,,,,,Wed Jul 29 2026 12:58:27 GMT-0500 (Colombia Standard Time),Wed Jul 29 2026 12:58:27 GMT-0500 (Colombia Standard Time),,sc_01KYNCV8FSSEG8B1MQC4QC6DA2,sc_01KYNF4WREP6XDE0A8VADDBEN8,variant_01KYQGE9BAZ9BRT5QCPB073NYT,Default,ess-4-M,,,,false,true,,,,,,,,,30,390,0,,prod_01KYQGE7DJAN97P478MQ7V8N46,Wed Jul 29 2026 12:58:28 GMT-0500 (Colombia Standard Time),Wed Jul 29 2026 12:58:28 GMT-0500 (Colombia Standard Time),,410,opt_01KYQGE7DKM85DS0P0AYHFA7A6,Default,Default,"{""min_qty"":30,""wholesale_price"":390}"
prod_01KYQGE7DJB9P5BJGQB6SGZNBN,boss-intense-dama,BOSS INTENSE,,published,,Esencia inspirada en HUGO BOSS. Precio por gramo sin envase.,false,true,,pcol_01KYNF54AKSX3Y8RFNJ53P89S3,,,,,,,,,,Wed Jul 29 2026 12:58:27 GMT-0500 (Colombia Standard Time),Wed Jul 29 2026 12:58:27 GMT-0500 (Colombia Standard Time),,sc_01KYNCV8FSSEG8B1MQC4QC6DA2,sc_01KYNF4WREP6XDE0A8VADDBEN8,variant_01KYQGE9BA6ZJAJKV7AEE6KH7X,Default,ess-6-M,,,,false,true,,,,,,,,,30,390,0,,prod_01KYQGE7DJB9P5BJGQB6SGZNBN,Wed Jul 29 2026 12:58:28 GMT-0500 (Colombia Standard Time),Wed Jul 29 2026 12:58:28 GMT-0500 (Colombia Standard Time),,410,opt_01KYQGE7DK4JFSEY9JYNGHDYFC,Default,Default,"{""min_qty"":30,""wholesale_price"":390}"
prod_01KYQGE7DJEBJT9TPJ2TTZ82QQ,ange-ou-demon-dama,ANGE OU DEMON,,published,,Esencia inspirada en GIVENCHY. Precio por gramo sin envase.,false,true,,pcol_01KYNF54AKSX3Y8RFNJ53P89S3,,,,,,,,,,Wed Jul 29 2026 12:58:27 GMT-0500 (Colombia Standard Time),Wed Jul 29 2026 12:58:27 GMT-0500 (Colombia Standard Time),,sc_01KYNCV8FSSEG8B1MQC4QC6DA2,sc_01KYNF4WREP6XDE0A8VADDBEN8,variant_01KYQGE9BA73RH4FD29VFYSH1A,Default,ess-5-M,,,,false,true,,,,,,,,,30,390,0,,prod_01KYQGE7DJEBJT9TPJ2TTZ82QQ,Wed Jul 29 2026 12:58:28 GMT-0500 (Colombia Standard Time),Wed Jul 29 2026 12:58:28 GMT-0500 (Colombia Standard Time),,410,opt_01KYQGE7DKM25FWD00MSAYWT92,Default,Default,"{""min_qty"":30,""wholesale_price"":390}"
prod_01KYQGE7DJGSZYJ14QXCYJ7KTJ,amor-amor-dama,AMOR AMOR,,published,,Esencia inspirada en CACHAREL. Precio por gramo sin envase.,false,true,,pcol_01KYNF54AKSX3Y8RFNJ53P89S3,,,,,,,,,,Wed Jul 29 2026 12:58:27 GMT-0500 (Colombia Standard Time),Wed Jul 29 2026 12:58:27 GMT-0500 (Colombia Standard Time),,sc_01KYNCV8FSSEG8B1MQC4QC6DA2,sc_01KYNF4WREP6XDE0A8VADDBEN8,variant_01KYQGE9BAGE8MG801N8CJCBAH,Default,ess-3-M,,,,false,true,,,,,,,,,30,390,0,,prod_01KYQGE7DJGSZYJ14QXCYJ7KTJ,Wed Jul 29 2026 12:58:28 GMT-0500 (Colombia Standard Time),Wed Jul 29 2026 12:58:28 GMT-0500 (Colombia Standard Time),,410,opt_01KYQGE7DKM8X49054XWMR6P67,Default,Default
prod_01KYQGE7DJR3WXW82EPZFTYPQR,boss-orange-dama,BOSS ORANGE,,published,,Esencia inspirada en HUGO BOSS. Precio por gramo sin envase.,false,true,,pcol_01KYNF54AKSX3Y8RFNJ53P89S3,,,,,,,,,,Wed Jul 29 2026 12:58:27 GMT-0500 (Colombia Standard Time),Wed Jul 29 2026 12:58:27 GMT-0500 (Colombia Standard Time),,sc_01KYNCV8FSSEG8B1MQC4QC6DA2,sc_01KYNF4WREP6XDE0A8VADDBEN8,variant_01KYQGE9BATJCWHR94JWPF2GWS,Default,ess-7-M,,,,false,true,,,,,,,,,30,390,0,,prod_01KYQGE7DJR3WXW82EPZFTYPQR,Wed Jul 29 2026 12:58:28 GMT-0500 (Colombia Standard Time),Wed Jul 29 2026 12:58:28 GMT-0500 (Colombia Standard Time),,410,opt_01KYQGE7DKPTMJNS3YN16QPK8C,Default,Default
prod_01KYQGE7DK37JFSF4H43D3TFNP,carolina-herrera-dama,CAROLINA HERRERA,,published,,Esencia inspirada en CAROLINA HERRERA. Precio por gramo sin envase.,false,true,,pcol_01KYNF54AKSX3Y8RFNJ53P89S3,,,,,,,,,,Wed Jul 29 2026 12:58:27 GMT-0500 (Colombia Standard Time),Wed Jul 29 2026 12:58:27 GMT-0500 (Colombia Standard Time),,sc_01KYNCV8FSSEG8B1MQC4QC6DA2,sc_01KYNF4WREP6XDE0A8VADDBEN8,variant_01KYQGE9BBM0VKMT0ZFRK5KARZ,Default,ess-9-M,,,,false,true,,,,,,,,,30,380,0,,prod_01KYQGE7DK37JFSF4H43D3TFNP,Wed Jul 29 2026 12:58:28 GMT-0500 (Colombia Standard Time),Wed Jul 29 2026 12:58:28 GMT-0500 (Colombia Standard Time),,400,opt_01KYQGE7DK3765VFPEQBH0WP4H,Default,Default
prod_01KYQGE7DK52RMWGH2HKZF2H1J,can-can-dama,CAN CAN,,published,,Esencia inspirada en PARIS HILTON. Precio por gramo sin envase.,false,true,,pcol_01KYNF54AKSX3Y8RFNJ53P89S3,,,,,,,,,,Wed Jul 29 2026 12:58:27 GMT-0500 (Colombia Standard Time),Wed Jul 29 2026 12:58:27 GMT-0500 (Colombia Standard Time),,sc_01KYNCV8FSSEG8B1MQC4QC6DA2,sc_01KYNF4WREP6XDE0A8VADDBEN8,variant_01KYQGE9BAQ50271DZBGA8RV65,Default,ess-8-M,,,,false,true,,,,,,,,,30,380,0,,prod_01KYQGE7DK52RMWGH2HKZF2H1J,Wed Jul 29 2026 12:58:28 GMT-0500 (Colombia Standard Time),Wed Jul 29 2026 12:58:28 GMT-0500 (Colombia Standard Time),,400,opt_01KYQGE7DKF820GVB3TNJHHCJ7,Default,Default
prod_01KYQGE7DKVWCWZG3AW9JMVCY9,ch-carolina-herrera-dama,CH CAROLINA HERRERA,,published,,Esencia inspirada en CAROLINA HERRERA. Precio por gramo sin envase.,false,true,,pcol_01KYNF54AKSX3Y8RFNJ53P89S3,,,,,,,,,,Wed Jul 29 2026 12:58:27 GMT-0500 (Colombia Standard Time),Wed Jul 29 2026 12:58:27 GMT-0500 (Colombia Standard Time),,sc_01KYNCV8FSSEG8B1MQC4QC6DA2,sc_01KYNF4WREP6XDE0A8VADDBEN8,variant_01KYQGE9BBSET38J4705VSQ2NX,Default,ess-10-M,,,,false,true,,,,,,,,,30,380,0,,prod_01KYQGE7DKVWCWZG3AW9JMVCY9,Wed Jul 29 2026 12:58:28 GMT-0500 (Colombia Standard Time),Wed Jul 29 2026 12:58:28 GMT-0500 (Colombia Standard Time),,400,opt_01KYQGE7DK50FG4SQT5DYHZRX4,Default,Default
prod_01KYQGEB2449T002601NZX14G8,halloween-dama,HALLOWEEN,,published,,Esencia inspirada en JESUS DEL POZO. Precio por gramo sin envase.,false,true,,pcol_01KYNF54AKSX3Y8RFNJ53P89S3,,,,,,,,,,Wed Jul 29 2026 12:58:30 GMT-0500 (Colombia Standard Time),Wed Jul 29 2026 12:58:30 GMT-0500 (Colombia Standard Time),,sc_01KYNCV8FSSEG8B1MQC4QC6DA2,sc_01KYNF4WREP6XDE0A8VADDBEN8,variant_01KYQGECX3W84QKJCR3WGBG2VB,Default,ess-18-M,,,,false,true,,,,,,,,,30,390,0,,prod_01KYQGEB2449T002601NZX14G8,Wed Jul 29 2026 12:58:32 GMT-0500 (Colombia Standard Time),Wed Jul 29 2026 12:58:32 GMT-0500 (Colombia Standard Time),,410,opt_01KYQGEB25MK1PZ5BH55YV3908,Default,Default
prod_01KYQGEB24EZB3A73XX6F9J6VF,coco-mademoiselle-dama,COCO MADEMOISELLE,,published,,Esencia inspirada en CHANEL. Precio por gramo sin envase.,false,true,,pcol_01KYNF54AKSX3Y8RFNJ53P89S3,,,,,,,,,,Wed Jul 29 2026 12:58:30 GMT-0500 (Colombia Standard Time),Wed Jul 29 2026 12:58:30 GMT-0500 (Colombia Standard Time),,sc_01KYNCV8FSSEG8B1MQC4QC6DA2,sc_01KYNF4WREP6XDE0A8VADDBEN8,variant_01KYQGECX3G0RZAFD0G1PXBBQ1,Default,ess-13-M,,,,false,true,,,,,,,,,30,390,0,,prod_01KYQGEB24EZB3A73XX6F9J6VF,Wed Jul 29 2026 12:58:32 GMT-0500 (Colombia Standard Time),Wed Jul 29 2026 12:58:32 GMT-0500 (Colombia Standard Time),,410,opt_01KYQGEB25A6W43GQVX90SZV6C,Default,Default
prod_01KYQGEB24H95N3XP7HFNTQS9V,heiress-dama,HEIRESS,,published,,Esencia inspirada en PARIS HILTON. Precio por gramo sin envase.,false,true,,pcol_01KYNF54AKSX3Y8RFNJ53P89S3,,,,,,,,,,Wed Jul 29 2026 12:58:30 GMT-0500 (Colombia Standard Time),Wed Jul 29 2026 12:58:30 GMT-0500 (Colombia Standard Time),,sc_01KYNCV8FSSEG8B1MQC4QC6DA2,sc_01KYNF4WREP6XDE0A8VADDBEN8,variant_01KYQGECX38CPVXNJNNW2DM2E4,Default,ess-19-M,,,,false,true,,,,,,,,,30,380,0,,prod_01KYQGEB24H95N3XP7HFNTQS9V,Wed Jul 29 2026 12:58:32 GMT-0500 (Colombia Standard Time),Wed Jul 29 2026 12:58:32 GMT-0500 (Colombia Standard Time),,400,opt_01KYQGEB25VJ5RK0GC7YYR39EZ,Default,Default
prod_01KYQGEB24KA9YK1DT83R9ZQY8,chance-dama,CHANCE,,published,,Esencia inspirada en CHANEL. Precio por gramo sin envase.,false,true,,pcol_01KYNF54AKSX3Y8RFNJ53P89S3,,,,,,,,,,Wed Jul 29 2026 12:58:30 GMT-0500 (Colombia Standard Time),Wed Jul 29 2026 12:58:30 GMT-0500 (Colombia Standard Time),,sc_01KYNCV8FSSEG8B1MQC4QC6DA2,sc_01KYNF4WREP6XDE0A8VADDBEN8,variant_01KYQGECX200AVTAJX3W9868C4,Default,ess-11-M,,,,false,true,,,,,,,,,30,390,0,,prod_01KYQGEB24KA9YK1DT83R9ZQY8,Wed Jul 29 2026 12:58:32 GMT-0500 (Colombia Standard Time),Wed Jul 29 2026 12:58:32 GMT-0500 (Colombia Standard Time),,410,opt_01KYQGEB25EXHS3Z17ZE114A7V,Default,Default
prod_01KYQGEB24MK3F06BET2PF3AQ5,dolce-gabbana-dama,DOLCE & GABBANA,,published,,Esencia inspirada en DOLCE & GABBANA. Precio por gramo sin envase.,false,true,,pcol_01KYNF54AKSX3Y8RFNJ53P89S3,,,,,,,,,,Wed Jul 29 2026 12:58:30 GMT-0500 (Colombia Standard Time),Wed Jul 29 2026 12:58:30 GMT-0500 (Colombia Standard Time),,sc_01KYNCV8FSSEG8B1MQC4QC6DA2,sc_01KYNF4WREP6XDE0A8VADDBEN8,variant_01KYQGECX3YEDNS7FA3KZWHDAY,Default,ess-14-M,,,,false,true,,,,,,,,,30,390,0,,prod_01KYQGEB24MK3F06BET2PF3AQ5,Wed Jul 29 2026 12:58:32 GMT-0500 (Colombia Standard Time),Wed Jul 29 2026 12:58:32 GMT-0500 (Colombia Standard Time),,410,opt_01KYQGEB25FFJKNVHHKJ3EM22S,Default,Default
prod_01KYQGEB24ND9SK9XR2ZH63T65,escape-dama,ESCAPE,,published,,Esencia inspirada en CALVIN KLEIN. Precio por gramo sin envase.,false,true,,pcol_01KYNF54AKSX3Y8RFNJ53P89S3,,,,,,,,,,Wed Jul 29 2026 12:58:30 GMT-0500 (Colombia Standard Time),Wed Jul 29 2026 12:58:30 GMT-0500 (Colombia Standard Time),,sc_01KYNCV8FSSEG8B1MQC4QC6DA2,sc_01KYNF4WREP6XDE0A8VADDBEN8,variant_01KYQGECX3HW4MGGM7TC9R72B6,Default,ess-15-M,,,,false,true,,,,,,,,,30,390,0,,prod_01KYQGEB24ND9SK9XR2ZH63T65,Wed Jul 29 2026 12:58:32 GMT-0500 (Colombia Standard Time),Wed Jul 29 2026 12:58:32 GMT-0500 (Colombia Standard Time),,410,opt_01KYQGEB258RJMXVKQ1714A7S8,Default,Default
prod_01KYQGEB24RTAMKKTD7NVCC89S,fantasy-dama,FANTASY,,published,,Esencia inspirada en BRITNEY SPEARS. Precio por gramo sin envase.,false,true,,pcol_01KYNF54AKSX3Y8RFNJ53P89S3,,,,,,,,,,Wed Jul 29 2026 12:58:30 GMT-0500 (Colombia Standard Time),Wed Jul 29 2026 12:58:30 GMT-0500 (Colombia Standard Time),,sc_01KYNCV8FSSEG8B1MQC4QC6DA2,sc_01KYNF4WREP6XDE0A8VADDBEN8,variant_01KYQGECX32W2BYV9N13XYRBGE,Default,ess-16-M,,,,false,true,,,,,,,,,30,380,0,,prod_01KYQGEB24RTAMKKTD7NVCC89S,Wed Jul 29 2026 12:58:32 GMT-0500 (Colombia Standard Time),Wed Jul 29 2026 12:58:32 GMT-0500 (Colombia Standard Time),,400,opt_01KYQGEB253VJPV3KY5VPHN3VG,Default,Default
prod_01KYQGEB24WE0A678MPADC3NFY,flower-dama,FLOWER,,published,,Esencia inspirada en KENZO. Precio por gramo sin envase.,false,true,,pcol_01KYNF54AKSX3Y8RFNJ53P89S3,,,,,,,,,,Wed Jul 29 2026 12:58:30 GMT-0500 (Colombia Standard Time),Wed Jul 29 2026 12:58:30 GMT-0500 (Colombia Standard Time),,sc_01KYNCV8FSSEG8B1MQC4QC6DA2,sc_01KYNF4WREP6XDE0A8VADDBEN8,variant_01KYQGECX3HSQJJN73CNPCES3D,Default,ess-17-M,,,,false,true,,,,,,,,,30,390,0,,prod_01KYQGEB24WE0A678MPADC3NFY,Wed Jul 29 2026 12:58:32 GMT-0500 (Colombia Standard Time),Wed Jul 29 2026 12:58:32 GMT-0500 (Colombia Standard Time),,410,opt_01KYQGEB257NDNRAE7YMRG192T,Default,Default
prod_01KYQGEB24ZBRFFYEK68ZMJQW8,chanel-no-5-dama,CHANEL No 5,,published,,Esencia inspirada en CHANEL. Precio por gramo sin envase.,false,true,,pcol_01KYNF54AKSX3Y8RFNJ53P89S3,,,,,,,,,,Wed Jul 29 2026 12:58:30 GMT-0500 (Colombia Standard Time),Wed Jul 29 2026 12:58:30 GMT-0500 (Colombia Standard Time),,sc_01KYNCV8FSSEG8B1MQC4QC6DA2,sc_01KYNF4WREP6XDE0A8VADDBEN8,variant_01KYQGECX3RYJSDD3QDQ1SWYX0,Default,ess-12-M,,,,false,true,,,,,,,,,30,380,0,,prod_01KYQGEB24ZBRFFYEK68ZMJQW8,Wed Jul 29 2026 12:58:32 GMT-0500 (Colombia Standard Time),Wed Jul 29 2026 12:58:32 GMT-0500 (Colombia Standard Time),,400,opt_01KYQGEB25CSCGRW81F6MGPX4G,Default,Default
prod_01KYQGEB254F1T5NC7Q2H8MPJC,hugo-dama,HUGO,,published,,Esencia inspirada en HUGO BOSS. Precio por gramo sin envase.,false,true,,pcol_01KYNF54AKSX3Y8RFNJ53P89S3,,,,,,,,,,Wed Jul 29 2026 12:58:30 GMT-0500 (Colombia Standard Time),Wed Jul 29 2026 12:58:30 GMT-0500 (Colombia Standard Time),,sc_01KYNCV8FSSEG8B1MQC4QC6DA2,sc_01KYNF4WREP6XDE0A8VADDBEN8,variant_01KYQGECX3NNKKWKGBGR7DQ87B,Default,ess-20-M,,,,false,true,,,,,,,,,30,390,0,,prod_01KYQGEB254F1T5NC7Q2H8MPJC,Wed Jul 29 2026 12:58:32 GMT-0500 (Colombia Standard Time),Wed Jul 29 2026 12:58:32 GMT-0500 (Colombia Standard Time),,410,opt_01KYQGEB25WEXFSNB302FK5GQK,Default,Default
prod_01KYQGEEJK3RPKR927RX1BPC0B,coco-nut-dama,COCO NUT,,published,,Esencia inspirada en VICTORIA´S SECRET. Precio por gramo sin envase.,false,true,,pcol_01KYNF54AKSX3Y8RFNJ53P89S3,,,,,,,,,,Wed Jul 29 2026 12:58:34 GMT-0500 (Colombia Standard Time),Wed Jul 29 2026 12:58:34 GMT-0500 (Colombia Standard Time),,sc_01KYNCV8FSSEG8B1MQC4QC6DA2,sc_01KYNF4WREP6XDE0A8VADDBEN8,variant_01KYQGEGE90VN5KMRCW7780VH7,Default,ess-29-M,,,,false,true,,,,,,,,,30,333,0,,prod_01KYQGEEJK3RPKR927RX1BPC0B,Wed Jul 29 2026 12:58:36 GMT-0500 (Colombia Standard Time),Wed Jul 29 2026 12:58:36 GMT-0500 (Colombia Standard Time),,350,opt_01KYQGEEJKPRQDGJ57HB2J8TKJ,Default,Default
prod_01KYQGEEJK4ZVRS0ZYBPXZV3KT,hugo-boss-xx-dama,HUGO BOSS XX,,published,,Esencia inspirada en HUGO BOSS. Precio por gramo sin envase.,false,true,,pcol_01KYNF54AKSX3Y8RFNJ53P89S3,,,,,,,,,,Wed Jul 29 2026 12:58:34 GMT-0500 (Colombia Standard Time),Wed Jul 29 2026 12:58:34 GMT-0500 (Colombia Standard Time),,sc_01KYNCV8FSSEG8B1MQC4QC6DA2,sc_01KYNF4WREP6XDE0A8VADDBEN8,variant_01KYQGEGE9S1JJGGCT5FWWGDFG,Default,ess-21-M,,,,false,true,,,,,,,,,30,390,0,,prod_01KYQGEEJK4ZVRS0ZYBPXZV3KT,Wed Jul 29 2026 12:58:36 GMT-0500 (Colombia Standard Time),Wed Jul 29 2026 12:58:36 GMT-0500 (Colombia Standard Time),,410,opt_01KYQGEEJK11FBAEF88MPTGB98,Default,Default
prod_01KYQGEEJK70GZVCNY9NBDYXYY,natural-dama,NATURAL,,published,,Esencia inspirada en LACOSTE. Precio por gramo sin envase.,false,true,,pcol_01KYNF54AKSX3Y8RFNJ53P89S3,,,,,,,,,,Wed Jul 29 2026 12:58:34 GMT-0500 (Colombia Standard Time),Wed Jul 29 2026 12:58:34 GMT-0500 (Colombia Standard Time),,sc_01KYNCV8FSSEG8B1MQC4QC6DA2,sc_01KYNF4WREP6XDE0A8VADDBEN8,variant_01KYQGEGE9FT5AVNTHCRDNYVEG,Default,ess-24-M,,,,false,true,,,,,,,,,30,390,0,,prod_01KYQGEEJK70GZVCNY9NBDYXYY,Wed Jul 29 2026 12:58:36 GMT-0500 (Colombia Standard Time),Wed Jul 29 2026 12:58:36 GMT-0500 (Colombia Standard Time),,410,opt_01KYQGEEJKVAXZZGC6J5PJRAT7,Default,Default
prod_01KYQGEEJKAR2E2T0RMSYN3WPD,obsession-dama,OBSESSION,,published,,Esencia inspirada en CALVIN KLEIN. Precio por gramo sin envase.,false,true,,pcol_01KYNF54AKSX3Y8RFNJ53P89S3,,,,,,,,,,Wed Jul 29 2026 12:58:34 GMT-0500 (Colombia Standard Time),Wed Jul 29 2026 12:58:34 GMT-0500 (Colombia Standard Time),,sc_01KYNCV8FSSEG8B1MQC4QC6DA2,sc_01KYNF4WREP6XDE0A8VADDBEN8,variant_01KYQGEGE92CNBHNY0ESWZCZRT,Default,ess-30-M,,,,false,true,,,,,,,,,30,390,0,,prod_01KYQGEEJKAR2E2T0RMSYN3WPD,Wed Jul 29 2026 12:58:36 GMT-0500 (Colombia Standard Time),Wed Jul 29 2026 12:58:36 GMT-0500 (Colombia Standard Time),,410,opt_01KYQGEEJM05Y2KEM9VG3DRT1W,Default,Default
prod_01KYQGEEJKBP3GYRJ8V0KEKKSD,inspiration-dama,INSPIRATION,,published,,Esencia inspirada en LACOSTE. Precio por gramo sin envase.,false,true,,pcol_01KYNF54AKSX3Y8RFNJ53P89S3,,,,,,,,,,Wed Jul 29 2026 12:58:34 GMT-0500 (Colombia Standard Time),Wed Jul 29 2026 12:58:34 GMT-0500 (Colombia Standard Time),,sc_01KYNCV8FSSEG8B1MQC4QC6DA2,sc_01KYNF4WREP6XDE0A8VADDBEN8,variant_01KYQGEGE9QY9C91WJNXNQSXTN,Default,ess-26-M,,,,false,true,,,,,,,,,30,390,0,,prod_01KYQGEEJKBP3GYRJ8V0KEKKSD,Wed Jul 29 2026 12:58:36 GMT-0500 (Colombia Standard Time),Wed Jul 29 2026 12:58:36 GMT-0500 (Colombia Standard Time),,410,opt_01KYQGEEJKH0A8PYPG79XZCZ7H,Default,Default
prod_01KYQGEEJKDYKCG04EY38HQN52,lady-million-dama,LADY MILLION,,published,,Esencia inspirada en PACO RABANNE. Precio por gramo sin envase.,false,true,,pcol_01KYNF54AKSX3Y8RFNJ53P89S3,,,,,,,,,,Wed Jul 29 2026 12:58:34 GMT-0500 (Colombia Standard Time),Wed Jul 29 2026 12:58:34 GMT-0500 (Colombia Standard Time),,sc_01KYNCV8FSSEG8B1MQC4QC6DA2,sc_01KYNF4WREP6XDE0A8VADDBEN8,variant_01KYQGEGE97JAW1YS2285Y3073,Default,ess-27-M,,,,false,true,,,,,,,,,30,380,0,,prod_01KYQGEEJKDYKCG04EY38HQN52,Wed Jul 29 2026 12:58:36 GMT-0500 (Colombia Standard Time),Wed Jul 29 2026 12:58:36 GMT-0500 (Colombia Standard Time),,400,opt_01KYQGEEJKX8HVX70A10SF7RCF,Default,Default
prod_01KYQGEEJKSP9FVSK24N979WEQ,light-blue-dama,LIGHT BLUE,,published,,Esencia inspirada en DOLCE & GABBANA. Precio por gramo sin envase.,false,true,,pcol_01KYNF54AKSX3Y8RFNJ53P89S3,,,,,,,,,,Wed Jul 29 2026 12:58:34 GMT-0500 (Colombia Standard Time),Wed Jul 29 2026 12:58:34 GMT-0500 (Colombia Standard Time),,sc_01KYNCV8FSSEG8B1MQC4QC6DA2,sc_01KYNF4WREP6XDE0A8VADDBEN8,variant_01KYQGEGE91VKKYQN9XB0W65J1,Default,ess-28-M,,,,false,true,,,,,,,,,30,380,0,,prod_01KYQGEEJKSP9FVSK24N979WEQ,Wed Jul 29 2026 12:58:36 GMT-0500 (Colombia Standard Time),Wed Jul 29 2026 12:58:36 GMT-0500 (Colombia Standard Time),,400,opt_01KYQGEEJKTRZYZH0S97Q61FCY,Default,Default
prod_01KYQGEEJKW6ZNB1WMBF2SNXCN,l-eau-d-issey-dama,L'EAU D'ISSEY,,published,,Esencia inspirada en ISSEY MIYAKE. Precio por gramo sin envase.,false,true,,pcol_01KYNF54AKSX3Y8RFNJ53P89S3,,,,,,,,,,Wed Jul 29 2026 12:58:34 GMT-0500 (Colombia Standard Time),Wed Jul 29 2026 12:58:34 GMT-0500 (Colombia Standard Time),,sc_01KYNCV8FSSEG8B1MQC4QC6DA2,sc_01KYNF4WREP6XDE0A8VADDBEN8,variant_01KYQGEGE9H5MWDFCXKBDFHPS2,Default,ess-22-M,,,,false,true,,,,,,,,,30,380,0,,prod_01KYQGEEJKW6ZNB1WMBF2SNXCN,Wed Jul 29 2026 12:58:36 GMT-0500 (Colombia Standard Time),Wed Jul 29 2026 12:58:36 GMT-0500 (Colombia Standard Time),,400,opt_01KYQGEEJKN0DF5VE60QH5HQVX,Default,Default
prod_01KYQGEEJKX5QH6SXWN6FTAKCG,la-vie-est-belle-dama,LA VIE EST BELLE,,published,,Esencia inspirada en LANCOME. Precio por gramo sin envase.,false,true,,pcol_01KYNF54AKSX3Y8RFNJ53P89S3,,,,,,,,,,Wed Jul 29 2026 12:58:34 GMT-0500 (Colombia Standard Time),Wed Jul 29 2026 12:58:34 GMT-0500 (Colombia Standard Time),,sc_01KYNCV8FSSEG8B1MQC4QC6DA2,sc_01KYNF4WREP6XDE0A8VADDBEN8,variant_01KYQGEGE9K26EMRP3B5GARQC4,Default,ess-25-M,,,,false,true,,,,,,,,,30,380,0,,prod_01KYQGEEJKX5QH6SXWN6FTAKCG,Wed Jul 29 2026 12:58:36 GMT-0500 (Colombia Standard Time),Wed Jul 29 2026 12:58:36 GMT-0500 (Colombia Standard Time),,400,opt_01KYQGEEJK5SHSW1PTCXFT2XEF,Default,Default
prod_01KYQGEEJKZ3JWQ96CFDVV8FDB,j-adore-dama,J'ADORE,,published,,Esencia inspirada en CHRISTIAN DIOR. Precio por gramo sin envase.,false,true,,pcol_01KYNF54AKSX3Y8RFNJ53P89S3,,,,,,,,,,Wed Jul 29 2026 12:58:34 GMT-0500 (Colombia Standard Time),Wed Jul 29 2026 12:58:34 GMT-0500 (Colombia Standard Time),,sc_01KYNCV8FSSEG8B1MQC4QC6DA2,sc_01KYNF4WREP6XDE0A8VADDBEN8,variant_01KYQGEGE9QBM7FQH1H387E4QA,Default,ess-23-M,,,,false,true,,,,,,,,,30,418,0,,prod_01KYQGEEJKZ3JWQ96CFDVV8FDB,Wed Jul 29 2026 12:58:36 GMT-0500 (Colombia Standard Time),Wed Jul 29 2026 12:58:36 GMT-0500 (Colombia Standard Time),,440,opt_01KYQGEEJKNKNHY95JP2REFQ4N,Default,Default
prod_01KYQGEJ5M7WFQ6KQB0K8M4FQ6,touch-of-pink-dama,TOUCH OF PINK,,published,,Esencia inspirada en LACOSTE. Precio por gramo sin envase.,false,true,,pcol_01KYNF54AKSX3Y8RFNJ53P89S3,,,,,,,,,,Wed Jul 29 2026 12:58:38 GMT-0500 (Colombia Standard Time),Wed Jul 29 2026 12:58:38 GMT-0500 (Colombia Standard Time),,sc_01KYNCV8FSSEG8B1MQC4QC6DA2,sc_01KYNF4WREP6XDE0A8VADDBEN8,variant_01KYQGEM08BGB25MDZYNCF08Z2,Default,ess-37-M,,,,false,true,,,,,,,,,30,390,0,,prod_01KYQGEJ5M7WFQ6KQB0K8M4FQ6,Wed Jul 29 2026 12:58:39 GMT-0500 (Colombia Standard Time),Wed Jul 29 2026 12:58:39 GMT-0500 (Colombia Standard Time),,410,opt_01KYQGEJ5NJZTEEX5FKR8VMX8F,Default,Default
prod_01KYQGEJ5M9D1DMRT4JSJ4RMWT,shakira-rock-dama,SHAKIRA ROCK,,published,,Esencia inspirada en SHAKIRA. Precio por gramo sin envase.,false,true,,pcol_01KYNF54AKSX3Y8RFNJ53P89S3,,,,,,,,,,Wed Jul 29 2026 12:58:38 GMT-0500 (Colombia Standard Time),Wed Jul 29 2026 12:58:38 GMT-0500 (Colombia Standard Time),,sc_01KYNCV8FSSEG8B1MQC4QC6DA2,sc_01KYNF4WREP6XDE0A8VADDBEN8,variant_01KYQGEM08T7M58NDWBFVKJXCB,Default,ess-35-M,,,,false,true,,,,,,,,,30,380,0,,prod_01KYQGEJ5M9D1DMRT4JSJ4RMWT,Wed Jul 29 2026 12:58:39 GMT-0500 (Colombia Standard Time),Wed Jul 29 2026 12:58:39 GMT-0500 (Colombia Standard Time),,400,opt_01KYQGEJ5NTNCY6SQDMSVFQB7H,Default,Default
prod_01KYQGEJ5MD72QE2Q1SCJYQ21M,ralph-dama,RALPH,,published,,Esencia inspirada en RALPH LAUREN. Precio por gramo sin envase.,false,true,,pcol_01KYNF54AKSX3Y8RFNJ53P89S3,,,,,,,,,,Wed Jul 29 2026 12:58:38 GMT-0500 (Colombia Standard Time),Wed Jul 29 2026 12:58:38 GMT-0500 (Colombia Standard Time),,sc_01KYNCV8FSSEG8B1MQC4QC6DA2,sc_01KYNF4WREP6XDE0A8VADDBEN8,variant_01KYQGEM08A03ZQJAJJDTTD5VQ,Default,ess-33-M,,,,false,true,,,,,,,,,30,380,0,,prod_01KYQGEJ5MD72QE2Q1SCJYQ21M,Wed Jul 29 2026 12:58:39 GMT-0500 (Colombia Standard Time),Wed Jul 29 2026 12:58:39 GMT-0500 (Colombia Standard Time),,400,opt_01KYQGEJ5N8NR2K8C4HPDAMSQ9,Default,Default
prod_01KYQGEJ5MHE0SF9GVYQARAMNC,s-shakira-dama,S SHAKIRA,,published,,Esencia inspirada en SHAKIRA. Precio por gramo sin envase.,false,true,,pcol_01KYNF54AKSX3Y8RFNJ53P89S3,,,,,,,,,,Wed Jul 29 2026 12:58:38 GMT-0500 (Colombia Standard Time),Wed Jul 29 2026 12:58:38 GMT-0500 (Colombia Standard Time),,sc_01KYNCV8FSSEG8B1MQC4QC6DA2,sc_01KYNF4WREP6XDE0A8VADDBEN8,variant_01KYQGEM085QYCVNBRDKB8K5DE,Default,ess-34-M,,,,false,true,,,,,,,,,30,390,0,,prod_01KYQGEJ5MHE0SF9GVYQARAMNC,Wed Jul 29 2026 12:58:39 GMT-0500 (Colombia Standard Time),Wed Jul 29 2026 12:58:39 GMT-0500 (Colombia Standard Time),,410,opt_01KYQGEJ5NPGAZYYF5WYX85PRJ,Default,Default
prod_01KYQGEJ5MM9GEP1XE3G5FVKQW,paris-hilton-dama,PARIS HILTON,,published,,Esencia inspirada en PARIS HILTON. Precio por gramo sin envase.,false,true,,pcol_01KYNF54AKSX3Y8RFNJ53P89S3,,,,,,,,,,Wed Jul 29 2026 12:58:38 GMT-0500 (Colombia Standard Time),Wed Jul 29 2026 12:58:38 GMT-0500 (Colombia Standard Time),,sc_01KYNCV8FSSEG8B1MQC4QC6DA2,sc_01KYNF4WREP6XDE0A8VADDBEN8,variant_01KYQGEM080HMZG8627W0WBZ00,Default,ess-32-M,,,,false,true,,,,,,,,,30,380,0,,prod_01KYQGEJ5MM9GEP1XE3G5FVKQW,Wed Jul 29 2026 12:58:39 GMT-0500 (Colombia Standard Time),Wed Jul 29 2026 12:58:39 GMT-0500 (Colombia Standard Time),,400,opt_01KYQGEJ5N6NQSMECRHHQXCKAC,Default,Default
prod_01KYQGEJ5MQKWN2XNK0NDW27F5,very-irresistible-dama,VERY IRRESISTIBLE,,published,,Esencia inspirada en GIVENCHY. Precio por gramo sin envase.,false,true,,pcol_01KYNF54AKSX3Y8RFNJ53P89S3,,,,,,,,,,Wed Jul 29 2026 12:58:38 GMT-0500 (Colombia Standard Time),Wed Jul 29 2026 12:58:38 GMT-0500 (Colombia Standard Time),,sc_01KYNCV8FSSEG8B1MQC4QC6DA2,sc_01KYNF4WREP6XDE0A8VADDBEN8,variant_01KYQGEM0860ZFVMRK5MFQ7WSN,Default,ess-39-M,,,,false,true,,,,,,,,,30,390,0,,prod_01KYQGEJ5MQKWN2XNK0NDW27F5,Wed Jul 29 2026 12:58:39 GMT-0500 (Colombia Standard Time),Wed Jul 29 2026 12:58:39 GMT-0500 (Colombia Standard Time),,410,opt_01KYQGEJ5N9NQ83WV1AFBXFM8W,Default,Default
prod_01KYQGEJ5MST0N6BPNRV8XQ9XH,ultraviolet-dama,ULTRAVIOLET,,published,,Esencia inspirada en PACO RABANNE. Precio por gramo sin envase.,false,true,,pcol_01KYNF54AKSX3Y8RFNJ53P89S3,,,,,,,,,,Wed Jul 29 2026 12:58:38 GMT-0500 (Colombia Standard Time),Wed Jul 29 2026 12:58:38 GMT-0500 (Colombia Standard Time),,sc_01KYNCV8FSSEG8B1MQC4QC6DA2,sc_01KYNF4WREP6XDE0A8VADDBEN8,variant_01KYQGEM087JTFGFW2TA46D5B6,Default,ess-38-M,,,,false,true,,,,,,,,,30,390,0,,prod_01KYQGEJ5MST0N6BPNRV8XQ9XH,Wed Jul 29 2026 12:58:39 GMT-0500 (Colombia Standard Time),Wed Jul 29 2026 12:58:39 GMT-0500 (Colombia Standard Time),,410,opt_01KYQGEJ5N7FM0282TJWSZM950,Default,Default
prod_01KYQGEJ5MWG3VN9DCY73NMD8C,sofia-dama,SOFIA,,published,,Esencia inspirada en SOFIA VERGARA. Precio por gramo sin envase.,false,true,,pcol_01KYNF54AKSX3Y8RFNJ53P89S3,,,,,,,,,,Wed Jul 29 2026 12:58:38 GMT-0500 (Colombia Standard Time),Wed Jul 29 2026 12:58:38 GMT-0500 (Colombia Standard Time),,sc_01KYNCV8FSSEG8B1MQC4QC6DA2,sc_01KYNF4WREP6XDE0A8VADDBEN8,variant_01KYQGEM08G0HJ2DKGB901PWMJ,Default,ess-36-M,,,,false,true,,,,,,,,,30,380,0,,prod_01KYQGEJ5MWG3VN9DCY73NMD8C,Wed Jul 29 2026 12:58:39 GMT-0500 (Colombia Standard Time),Wed Jul 29 2026 12:58:39 GMT-0500 (Colombia Standard Time),,400,opt_01KYQGEJ5N76SHPW7KKVCF5R7Z,Default,Default
prod_01KYQGEJ5MX1DE0FE017W9R2ER,omnia-cristalline-dama,OMNIA CRISTALLINE,,published,,Esencia inspirada en BVLGARI. Precio por gramo sin envase.,false,true,,pcol_01KYNF54AKSX3Y8RFNJ53P89S3,,,,,,,,,,Wed Jul 29 2026 12:58:38 GMT-0500 (Colombia Standard Time),Wed Jul 29 2026 12:58:38 GMT-0500 (Colombia Standard Time),,sc_01KYNCV8FSSEG8B1MQC4QC6DA2,sc_01KYNF4WREP6XDE0A8VADDBEN8,variant_01KYQGEM080RG03RSCGMKH7VFF,Default,ess-31-M,,,,false,true,,,,,,,,,30,380,0,,prod_01KYQGEJ5MX1DE0FE017W9R2ER,Wed Jul 29 2026 12:58:39 GMT-0500 (Colombia Standard Time),Wed Jul 29 2026 12:58:39 GMT-0500 (Colombia Standard Time),,400,opt_01KYQGEJ5NTQRVSR3KRZ1MMG9R,Default,Default
prod_01KYQGEJ5N10DXDAFA3M4QDGG3,212-sexy-dama,212 SEXY,,published,,Esencia inspirada en CAROLINA HERRERA. Precio por gramo sin envase.,false,true,,pcol_01KYNF54AKSX3Y8RFNJ53P89S3,,,,,,,,,,Wed Jul 29 2026 12:58:38 GMT-0500 (Colombia Standard Time),Wed Jul 29 2026 12:58:38 GMT-0500 (Colombia Standard Time),,sc_01KYNCV8FSSEG8B1MQC4QC6DA2,sc_01KYNF4WREP6XDE0A8VADDBEN8,variant_01KYQGEM09Q0XW43CBYKRH41KT,Default,ess-40-M,,,,false,true,,,,,,,,,30,390,0,,prod_01KYQGEJ5N10DXDAFA3M4QDGG3,Wed Jul 29 2026 12:58:39 GMT-0500 (Colombia Standard Time),Wed Jul 29 2026 12:58:39 GMT-0500 (Colombia Standard Time),,410,opt_01KYQGEJ5N07KHCCF6QC9YGJZ5,Default,Default
prod_01KYQGENNG0QJDZC2VZRA3TZZS,273-dama,273°,,published,,Esencia inspirada en BEVERLY HILLS. Precio por gramo sin envase.,false,true,,pcol_01KYNF54AKSX3Y8RFNJ53P89S3,,,,,,,,,,Wed Jul 29 2026 12:58:41 GMT-0500 (Colombia Standard Time),Wed Jul 29 2026 12:58:41 GMT-0500 (Colombia Standard Time),,sc_01KYNCV8FSSEG8B1MQC4QC6DA2,sc_01KYNF4WREP6XDE0A8VADDBEN8,variant_01KYQGEQFWR8WESBJ10EGBYHAE,Default,ess-42-M,,,,false,true,,,,,,,,,30,380,0,,prod_01KYQGENNG0QJDZC2VZRA3TZZS,Wed Jul 29 2026 12:58:43 GMT-0500 (Colombia Standard Time),Wed Jul 29 2026 12:58:43 GMT-0500 (Colombia Standard Time),,400,opt_01KYQGENNG6FKV3DGPQ74EAFPP,Default,Default
prod_01KYQGENNG1RTE3VNGEW7QMR6V,tommy-girl-dama,TOMMY GIRL,,published,,Esencia inspirada en TOMMY HILFIGER. Precio por gramo sin envase.,false,true,,pcol_01KYNF54AKSX3Y8RFNJ53P89S3,,,,,,,,,,Wed Jul 29 2026 12:58:41 GMT-0500 (Colombia Standard Time),Wed Jul 29 2026 12:58:41 GMT-0500 (Colombia Standard Time),,sc_01KYNCV8FSSEG8B1MQC4QC6DA2,sc_01KYNF4WREP6XDE0A8VADDBEN8,variant_01KYQGEQFWDA3DQ2BNH3HQ9F5M,Default,ess-44-M,,,,false,true,,,,,,,,,30,380,0,,prod_01KYQGENNG1RTE3VNGEW7QMR6V,Wed Jul 29 2026 12:58:43 GMT-0500 (Colombia Standard Time),Wed Jul 29 2026 12:58:43 GMT-0500 (Colombia Standard Time),,400,opt_01KYQGENNG1G9E46FR9REJBHAG,Default,Default
prod_01KYQGENNG63NPA8MT7M1ZMFCB,360-dama,360 °,,published,,Esencia inspirada en PERRY ELLIS. Precio por gramo sin envase.,false,true,,pcol_01KYNF54AKSX3Y8RFNJ53P89S3,,,,,,,,,,Wed Jul 29 2026 12:58:41 GMT-0500 (Colombia Standard Time),Wed Jul 29 2026 12:58:41 GMT-0500 (Colombia Standard Time),,sc_01KYNCV8FSSEG8B1MQC4QC6DA2,sc_01KYNF4WREP6XDE0A8VADDBEN8,variant_01KYQGEQFW7FNRHZR88ZVWHNG1,Default,ess-43-M,,,,false,true,,,,,,,,,30,380,0,,prod_01KYQGENNG63NPA8MT7M1ZMFCB,Wed Jul 29 2026 12:58:43 GMT-0500 (Colombia Standard Time),Wed Jul 29 2026 12:58:43 GMT-0500 (Colombia Standard Time),,400,opt_01KYQGENNG2JQBFEVGTD5D4GJA,Default,Default
prod_01KYQGENNGH0166YQRTSVM2HMM,lolita-lempicka-dama,LOLITA LEMPICKA,,published,,Esencia inspirada en LOLITA LEMPICKA. Precio por gramo sin envase.,false,true,,pcol_01KYNF54AKSX3Y8RFNJ53P89S3,,,,,,,,,,Wed Jul 29 2026 12:58:41 GMT-0500 (Colombia Standard Time),Wed Jul 29 2026 12:58:41 GMT-0500 (Colombia Standard Time),,sc_01KYNCV8FSSEG8B1MQC4QC6DA2,sc_01KYNF4WREP6XDE0A8VADDBEN8,variant_01KYQGEQFX99AWRV95MNQFSSAA,Default,ess-51-M,,,,false,true,,,,,,,,,30,390,0,,prod_01KYQGENNGH0166YQRTSVM2HMM,Wed Jul 29 2026 12:58:43 GMT-0500 (Colombia Standard Time),Wed Jul 29 2026 12:58:43 GMT-0500 (Colombia Standard Time),,410,opt_01KYQGENNG2C6A2FY25W07TB5Q,Default,Default
prod_01KYQGENNGJZ2N7YSVTA7DTNX2,212-vip-dama,212 VIP,,published,,Esencia inspirada en CAROLINA HERRERA. Precio por gramo sin envase.,false,true,,pcol_01KYNF54AKSX3Y8RFNJ53P89S3,,,,,,,,,,Wed Jul 29 2026 12:58:41 GMT-0500 (Colombia Standard Time),Wed Jul 29 2026 12:58:41 GMT-0500 (Colombia Standard Time),,sc_01KYNCV8FSSEG8B1MQC4QC6DA2,sc_01KYNF4WREP6XDE0A8VADDBEN8,variant_01KYQGEQFW6808BCK5H1SA30DR,Default,ess-41-M,,,,false,true,,,,,,,,,30,380,0,,prod_01KYQGENNGJZ2N7YSVTA7DTNX2,Wed Jul 29 2026 12:58:43 GMT-0500 (Colombia Standard Time),Wed Jul 29 2026 12:58:43 GMT-0500 (Colombia Standard Time),,400,opt_01KYQGENNGF5F57G3H5VBETK5F,Default,Default
prod_01KYQGENNGKNGRE9PSR3HX5JGF,burberry-dama,BURBERRY,,published,,Esencia inspirada en BURBERRY. Precio por gramo sin envase.,false,true,,pcol_01KYNF54AKSX3Y8RFNJ53P89S3,,,,,,,,,,Wed Jul 29 2026 12:58:41 GMT-0500 (Colombia Standard Time),Wed Jul 29 2026 12:58:41 GMT-0500 (Colombia Standard Time),,sc_01KYNCV8FSSEG8B1MQC4QC6DA2,sc_01KYNF4WREP6XDE0A8VADDBEN8,variant_01KYQGEQFX8TYJXG3P8PHKZR1E,Default,ess-49-M,,,,false,true,,,,,,,,,30,390,0,,prod_01KYQGENNGKNGRE9PSR3HX5JGF,Wed Jul 29 2026 12:58:43 GMT-0500 (Colombia Standard Time),Wed Jul 29 2026 12:58:43 GMT-0500 (Colombia Standard Time),,410,opt_01KYQGENNGKABWCK3RXY6YZSQT,Default,Default
prod_01KYQGENNGMYB1EF3TZ787S7GM,organza-dama,ORGANZA,,published,,Esencia inspirada en GIVENCHY. Precio por gramo sin envase.,false,true,,pcol_01KYNF54AKSX3Y8RFNJ53P89S3,,,,,,,,,,Wed Jul 29 2026 12:58:41 GMT-0500 (Colombia Standard Time),Wed Jul 29 2026 12:58:41 GMT-0500 (Colombia Standard Time),,sc_01KYNCV8FSSEG8B1MQC4QC6DA2,sc_01KYNF4WREP6XDE0A8VADDBEN8,variant_01KYQGEQFW33QV28AQY7H2M83D,Default,ess-48-M,,,,false,true,,,,,,,,,30,390,0,,prod_01KYQGENNGMYB1EF3TZ787S7GM,Wed Jul 29 2026 12:58:43 GMT-0500 (Colombia Standard Time),Wed Jul 29 2026 12:58:43 GMT-0500 (Colombia Standard Time),,410,opt_01KYQGENNGBK77S4VH9S45TSV0,Default,Default
prod_01KYQGENNGQDHHW62GS41MM32N,tresor-dama,TRESOR,,published,,Esencia inspirada en LANCOME. Precio por gramo sin envase.,false,true,,pcol_01KYNF54AKSX3Y8RFNJ53P89S3,,,,,,,,,,Wed Jul 29 2026 12:58:41 GMT-0500 (Colombia Standard Time),Wed Jul 29 2026 12:58:41 GMT-0500 (Colombia Standard Time),,sc_01KYNCV8FSSEG8B1MQC4QC6DA2,sc_01KYNF4WREP6XDE0A8VADDBEN8,variant_01KYQGEQFWWD6ZY2BQEWKAX0BW,Default,ess-45-M,,,,false,true,,,,,,,,,30,390,0,,prod_01KYQGENNGQDHHW62GS41MM32N,Wed Jul 29 2026 12:58:43 GMT-0500 (Colombia Standard Time),Wed Jul 29 2026 12:58:43 GMT-0500 (Colombia Standard Time),,410,opt_01KYQGENNGRVJWKPKZC9FZMGPG,Default,Default
prod_01KYQGENNGR55CF6BWHNTZCJXK,euphoria-dama,EUPHORIA,,published,,Esencia inspirada en CALVIN KLEIN. Precio por gramo sin envase.,false,true,,pcol_01KYNF54AKSX3Y8RFNJ53P89S3,,,,,,,,,,Wed Jul 29 2026 12:58:41 GMT-0500 (Colombia Standard Time),Wed Jul 29 2026 12:58:41 GMT-0500 (Colombia Standard Time),,sc_01KYNCV8FSSEG8B1MQC4QC6DA2,sc_01KYNF4WREP6XDE0A8VADDBEN8,variant_01KYQGEQFX7RY0RCPWE1KHG83B,Default,ess-52-M,,,,false,true,,,,,,,,,30,390,0,,prod_01KYQGENNGR55CF6BWHNTZCJXK,Wed Jul 29 2026 12:58:43 GMT-0500 (Colombia Standard Time),Wed Jul 29 2026 12:58:43 GMT-0500 (Colombia Standard Time),,410,opt_01KYQGENNGYBZ59HQZYXHEK2PD,Default,Default
prod_01KYQGENNGRE5H8DZTVZAKTAYM,amarige-dama,AMARIGE,,published,,Esencia inspirada en GIVENCHY. Precio por gramo sin envase.,false,true,,pcol_01KYNF54AKSX3Y8RFNJ53P89S3,,,,,,,,,,Wed Jul 29 2026 12:58:41 GMT-0500 (Colombia Standard Time),Wed Jul 29 2026 12:58:41 GMT-0500 (Colombia Standard Time),,sc_01KYNCV8FSSEG8B1MQC4QC6DA2,sc_01KYNF4WREP6XDE0A8VADDBEN8,variant_01KYQGEQFWAT071MCYJPAT2HGK,Default,ess-46-M,,,,false,true,,,,,,,,,30,380,0,,prod_01KYQGENNGRE5H8DZTVZAKTAYM,Wed Jul 29 2026 12:58:43 GMT-0500 (Colombia Standard Time),Wed Jul 29 2026 12:58:43 GMT-0500 (Colombia Standard Time),,400,opt_01KYQGENNGNNN6NJZHT4J8GAFS,Default,Default
prod_01KYQGES4Q6GZ6JS1CTQG7VS4N,omnia-amethyste-dama,OMNIA AMETHYSTE,,published,,Esencia inspirada en BVLGARI. Precio por gramo sin envase.,false,true,,pcol_01KYNF54AKSX3Y8RFNJ53P89S3,,,,,,,,,,Wed Jul 29 2026 12:58:45 GMT-0500 (Colombia Standard Time),Wed Jul 29 2026 12:58:45 GMT-0500 (Colombia Standard Time),,sc_01KYNCV8FSSEG8B1MQC4QC6DA2,sc_01KYNF4WREP6XDE0A8VADDBEN8,variant_01KYQGETZ5AHZH0QR605JQTXEA,Default,ess-62-M,,,,false,true,,,,,,,,,30,380,0,,prod_01KYQGES4Q6GZ6JS1CTQG7VS4N,Wed Jul 29 2026 12:58:47 GMT-0500 (Colombia Standard Time),Wed Jul 29 2026 12:58:47 GMT-0500 (Colombia Standard Time),,400,opt_01KYQGES4R1S9MER6MVHX45GKM,Default,Default
prod_01KYQGES4QF2EJ7BNPJF9KCHZX,angel-dama,ANGEL,,published,,Esencia inspirada en THIERRY MUGLER. Precio por gramo sin envase.,false,true,,pcol_01KYNF54AKSX3Y8RFNJ53P89S3,,,,,,,,,,Wed Jul 29 2026 12:58:45 GMT-0500 (Colombia Standard Time),Wed Jul 29 2026 12:58:45 GMT-0500 (Colombia Standard Time),,sc_01KYNCV8FSSEG8B1MQC4QC6DA2,sc_01KYNF4WREP6XDE0A8VADDBEN8,variant_01KYQGETZ49G3XF0KRZZ3C3SKV,Default,ess-55-M,,,,false,true,,,,,,,,,30,390,0,,prod_01KYQGES4QF2EJ7BNPJF9KCHZX,Wed Jul 29 2026 12:58:47 GMT-0500 (Colombia Standard Time),Wed Jul 29 2026 12:58:47 GMT-0500 (Colombia Standard Time),,410,opt_01KYQGES4RK4953ZX77TEK92GF,Default,Default
prod_01KYQGES4QHE2CW1RT6NAV74WQ,poison-dama,POISON,,published,,Esencia inspirada en CHRISTIAN DIOR. Precio por gramo sin envase.,false,true,,pcol_01KYNF54AKSX3Y8RFNJ53P89S3,,,,,,,,,,Wed Jul 29 2026 12:58:45 GMT-0500 (Colombia Standard Time),Wed Jul 29 2026 12:58:45 GMT-0500 (Colombia Standard Time),,sc_01KYNCV8FSSEG8B1MQC4QC6DA2,sc_01KYNF4WREP6XDE0A8VADDBEN8,variant_01KYQGETZ4AYJR5FG367CQHA66,Default,ess-57-M,,,,false,true,,,,,,,,,30,380,0,,prod_01KYQGES4QHE2CW1RT6NAV74WQ,Wed Jul 29 2026 12:58:47 GMT-0500 (Colombia Standard Time),Wed Jul 29 2026 12:58:47 GMT-0500 (Colombia Standard Time),,400,opt_01KYQGES4RN5C0AE6288NT57D5,Default,Default
prod_01KYQGES4QHK4W9D4SZAW7K92T,white-diamonds-dama,WHITE DIAMONDS,,published,,Esencia inspirada en ELIZABETH TAYLOR. Precio por gramo sin envase.,false,true,,pcol_01KYNF54AKSX3Y8RFNJ53P89S3,,,,,,,,,,Wed Jul 29 2026 12:58:45 GMT-0500 (Colombia Standard Time),Wed Jul 29 2026 12:58:45 GMT-0500 (Colombia Standard Time),,sc_01KYNCV8FSSEG8B1MQC4QC6DA2,sc_01KYNF4WREP6XDE0A8VADDBEN8,variant_01KYQGETZ5XA5VZG2G9NKZK0J6,Default,ess-63-M,,,,false,true,,,,,,,,,30,390,0,,prod_01KYQGES4QHK4W9D4SZAW7K92T,Wed Jul 29 2026 12:58:47 GMT-0500 (Colombia Standard Time),Wed Jul 29 2026 12:58:47 GMT-0500 (Colombia Standard Time),,410,opt_01KYQGES4RDX2JN5WTXJYCNWX1,Default,Default
prod_01KYQGES4QHPECDE3RE0092PZ9,deep-red-dama,DEEP RED,,published,,Esencia inspirada en HUGO BOSS. Precio por gramo sin envase.,false,true,,pcol_01KYNF54AKSX3Y8RFNJ53P89S3,,,,,,,,,,Wed Jul 29 2026 12:58:45 GMT-0500 (Colombia Standard Time),Wed Jul 29 2026 12:58:45 GMT-0500 (Colombia Standard Time),,sc_01KYNCV8FSSEG8B1MQC4QC6DA2,sc_01KYNF4WREP6XDE0A8VADDBEN8,variant_01KYQGETZ4B8AGYRVACMG54T74,Default,ess-53-M,,,,false,true,,,,,,,,,30,390,0,,prod_01KYQGES4QHPECDE3RE0092PZ9,Wed Jul 29 2026 12:58:47 GMT-0500 (Colombia Standard Time),Wed Jul 29 2026 12:58:47 GMT-0500 (Colombia Standard Time),,410,opt_01KYQGES4QZ2MAH2WMSQ8JTSWG,Default,Default
prod_01KYQGES4QNQQP91Y6Q590ZR3Z,paloma-picasso-dama,PALOMA PICASSO,,published,,Esencia inspirada en PALOMA PICASSO. Precio por gramo sin envase.,false,true,,pcol_01KYNF54AKSX3Y8RFNJ53P89S3,,,,,,,,,,Wed Jul 29 2026 12:58:45 GMT-0500 (Colombia Standard Time),Wed Jul 29 2026 12:58:45 GMT-0500 (Colombia Standard Time),,sc_01KYNCV8FSSEG8B1MQC4QC6DA2,sc_01KYNF4WREP6XDE0A8VADDBEN8,variant_01KYQGETZ4JAMXB4DVBWWBM3HG,Default,ess-56-M,,,,false,true,,,,,,,,,30,399,0,,prod_01KYQGES4QNQQP91Y6Q590ZR3Z,Wed Jul 29 2026 12:58:47 GMT-0500 (Colombia Standard Time),Wed Jul 29 2026 12:58:47 GMT-0500 (Colombia Standard Time),,420,opt_01KYQGES4RHH6QN8H57H5Q4582,Default,Default
prod_01KYQGES4QSJTDSQ2SHWY0XK8H,360-red-dama,360 ° RED,,published,,Esencia inspirada en PERRY ELLIS. Precio por gramo sin envase.,false,true,,pcol_01KYNF54AKSX3Y8RFNJ53P89S3,,,,,,,,,,Wed Jul 29 2026 12:58:45 GMT-0500 (Colombia Standard Time),Wed Jul 29 2026 12:58:45 GMT-0500 (Colombia Standard Time),,sc_01KYNCV8FSSEG8B1MQC4QC6DA2,sc_01KYNF4WREP6XDE0A8VADDBEN8,variant_01KYQGETZ4SFRP82QN3TAADBZQ,Default,ess-58-M,,,,false,true,,,,,,,,,30,390,0,,prod_01KYQGES4QSJTDSQ2SHWY0XK8H,Wed Jul 29 2026 12:58:47 GMT-0500 (Colombia Standard Time),Wed Jul 29 2026 12:58:47 GMT-0500 (Colombia Standard Time),,410,opt_01KYQGES4RMGKPVVWJB7XP6BH2,Default,Default
prod_01KYQGES4QWN71BQ2HB04QPPS7,midnight-fantasy-dama,MIDNIGHT FANTASY,,published,,Esencia inspirada en BRITNEY SPEARS. Precio por gramo sin envase.,false,true,,pcol_01KYNF54AKSX3Y8RFNJ53P89S3,,,,,,,,,,Wed Jul 29 2026 12:58:45 GMT-0500 (Colombia Standard Time),Wed Jul 29 2026 12:58:45 GMT-0500 (Colombia Standard Time),,sc_01KYNCV8FSSEG8B1MQC4QC6DA2,sc_01KYNF4WREP6XDE0A8VADDBEN8,variant_01KYQGETZ4JR32S0GES5D3GA8D,Default,ess-54-M,,,,false,true,,,,,,,,,30,390,0,,prod_01KYQGES4QWN71BQ2HB04QPPS7,Wed Jul 29 2026 12:58:47 GMT-0500 (Colombia Standard Time),Wed Jul 29 2026 12:58:47 GMT-0500 (Colombia Standard Time),,410,opt_01KYQGES4RC679SG2BW128MGE4,Default,Default
prod_01KYQGES4QZ3365E5J418PMXVT,212-dama,212,,published,,Esencia inspirada en CAROLINA HERRERA. Precio por gramo sin envase.,false,true,,pcol_01KYNF54AKSX3Y8RFNJ53P89S3,,,,,,,,,,Wed Jul 29 2026 12:58:45 GMT-0500 (Colombia Standard Time),Wed Jul 29 2026 12:58:45 GMT-0500 (Colombia Standard Time),,sc_01KYNCV8FSSEG8B1MQC4QC6DA2,sc_01KYNF4WREP6XDE0A8VADDBEN8,variant_01KYQGETZ59AF7TC1JZ3G3HY00,Default,ess-60-M,,,,false,true,,,,,,,,,30,380,0,,prod_01KYQGES4QZ3365E5J418PMXVT,Wed Jul 29 2026 12:58:47 GMT-0500 (Colombia Standard Time),Wed Jul 29 2026 12:58:47 GMT-0500 (Colombia Standard Time),,400,opt_01KYQGES4RQNFXG1V7FGHRXNWR,Default,Default
prod_01KYQGES4QZC48Q6AW46V8ZVEE,212-vip-rose-dama,212 VIP ROSE,,published,,Esencia inspirada en CAROLINA HERRERA. Precio por gramo sin envase.,false,true,,pcol_01KYNF54AKSX3Y8RFNJ53P89S3,,,,,,,,,,Wed Jul 29 2026 12:58:45 GMT-0500 (Colombia Standard Time),Wed Jul 29 2026 12:58:45 GMT-0500 (Colombia Standard Time),,sc_01KYNCV8FSSEG8B1MQC4QC6DA2,sc_01KYNF4WREP6XDE0A8VADDBEN8,variant_01KYQGETZ5HFCX4NGZJRPGMB56,Default,ess-61-M,,,,false,true,,,,,,,,,30,380,0,,prod_01KYQGES4QZC48Q6AW46V8ZVEE,Wed Jul 29 2026 12:58:47 GMT-0500 (Colombia Standard Time),Wed Jul 29 2026 12:58:47 GMT-0500 (Colombia Standard Time),,400,opt_01KYQGES4R3K4NTN1BGCVPS7AV,Default,Default
prod_01KYQGEWM564C0YJFNTR7B9ERY,femme-dama,FEMME,,published,,Esencia inspirada en HUGO BOSS. Precio por gramo sin envase.,false,true,,pcol_01KYNF54AKSX3Y8RFNJ53P89S3,,,,,,,,,,Wed Jul 29 2026 12:58:48 GMT-0500 (Colombia Standard Time),Wed Jul 29 2026 12:58:48 GMT-0500 (Colombia Standard Time),,sc_01KYNCV8FSSEG8B1MQC4QC6DA2,sc_01KYNF4WREP6XDE0A8VADDBEN8,variant_01KYQGEYEGJX8EH1WNV43PA5HV,Default,ess-66-M,,,,false,true,,,,,,,,,30,409,0,,prod_01KYQGEWM564C0YJFNTR7B9ERY,Wed Jul 29 2026 12:58:50 GMT-0500 (Colombia Standard Time),Wed Jul 29 2026 12:58:50 GMT-0500 (Colombia Standard Time),,430,opt_01KYQGEWM6CA5BST30JXDSY6P6,Default,Default
prod_01KYQGEWM5K5598JVE1CXY8S9V,lady-emblem-dama,LADY EMBLEM,,published,,Esencia inspirada en MONTBLANC. Precio por gramo sin envase.,false,true,,pcol_01KYNF54AKSX3Y8RFNJ53P89S3,,,,,,,,,,Wed Jul 29 2026 12:58:48 GMT-0500 (Colombia Standard Time),Wed Jul 29 2026 12:58:48 GMT-0500 (Colombia Standard Time),,sc_01KYNCV8FSSEG8B1MQC4QC6DA2,sc_01KYNF4WREP6XDE0A8VADDBEN8,variant_01KYQGEYEGYB2MWXDC7K0R17K6,Default,ess-65-M,,,,false,true,,,,,,,,,30,390,0,,prod_01KYQGEWM5K5598JVE1CXY8S9V,Wed Jul 29 2026 12:58:50 GMT-0500 (Colombia Standard Time),Wed Jul 29 2026 12:58:50 GMT-0500 (Colombia Standard Time),,410,opt_01KYQGEWM6VW9V62J1DK213XA7,Default,Default
prod_01KYQGEWM5YKDPAB4GHJHVYNT3,omnia-coral-dama,OMNIA CORAL,,published,,Esencia inspirada en BVLGARI. Precio por gramo sin envase.,false,true,,pcol_01KYNF54AKSX3Y8RFNJ53P89S3,,,,,,,,,,Wed Jul 29 2026 12:58:48 GMT-0500 (Colombia Standard Time),Wed Jul 29 2026 12:58:48 GMT-0500 (Colombia Standard Time),,sc_01KYNCV8FSSEG8B1MQC4QC6DA2,sc_01KYNF4WREP6XDE0A8VADDBEN8,variant_01KYQGEYEG54AZY0W6PNNBYBDJ,Default,ess-64-M,,,,false,true,,,,,,,,,30,380,0,,prod_01KYQGEWM5YKDPAB4GHJHVYNT3,Wed Jul 29 2026 12:58:50 GMT-0500 (Colombia Standard Time),Wed Jul 29 2026 12:58:50 GMT-0500 (Colombia Standard Time),,400,opt_01KYQGEWM6G477Q27AJP98F0YS,Default,Default
prod_01KYQGEWM61C4NJHWBSJEGWH85,elixir-dama,ELIXIR,,published,,Esencia inspirada en SHAKIRA. Precio por gramo sin envase.,false,true,,pcol_01KYNF54AKSX3Y8RFNJ53P89S3,,,,,,,,,,Wed Jul 29 2026 12:58:48 GMT-0500 (Colombia Standard Time),Wed Jul 29 2026 12:58:48 GMT-0500 (Colombia Standard Time),,sc_01KYNCV8FSSEG8B1MQC4QC6DA2,sc_01KYNF4WREP6XDE0A8VADDBEN8,variant_01KYQGEYEGSSRVJ96Y601QJN2J,Default,ess-69-M,,,,false,true,,,,,,,,,30,390,0,,prod_01KYQGEWM61C4NJHWBSJEGWH85,Wed Jul 29 2026 12:58:50 GMT-0500 (Colombia Standard Time),Wed Jul 29 2026 12:58:50 GMT-0500 (Colombia Standard Time),,410,opt_01KYQGEWM69DY668F559PECHCW,Default,Default
prod_01KYQGEWM67F12V8C9NVSC9Y3W,olympea-dama,OLYMPEA,,published,,Esencia inspirada en PACO RABANNE. Precio por gramo sin envase.,false,true,,pcol_01KYNF54AKSX3Y8RFNJ53P89S3,,,,,,,,,,Wed Jul 29 2026 12:58:48 GMT-0500 (Colombia Standard Time),Wed Jul 29 2026 12:58:48 GMT-0500 (Colombia Standard Time),,sc_01KYNCV8FSSEG8B1MQC4QC6DA2,sc_01KYNF4WREP6XDE0A8VADDBEN8,variant_01KYQGEYEGNN8R8AV815X4C9NH,Default,ess-68-M,,,,false,true,,,,,,,,,30,380,0,,prod_01KYQGEWM67F12V8C9NVSC9Y3W,Wed Jul 29 2026 12:58:50 GMT-0500 (Colombia Standard Time),Wed Jul 29 2026 12:58:50 GMT-0500 (Colombia Standard Time),,400,opt_01KYQGEWM61C8KXXF35X0GBARY,Default,Default
prod_01KYQGEWM6DF63KGKXWRM29SDK,blv-dama,BLV,,published,,Esencia inspirada en BVLGARI. Precio por gramo sin envase.,false,true,,pcol_01KYNF54AKSX3Y8RFNJ53P89S3,,,,,,,,,,Wed Jul 29 2026 12:58:48 GMT-0500 (Colombia Standard Time),Wed Jul 29 2026 12:58:48 GMT-0500 (Colombia Standard Time),,sc_01KYNCV8FSSEG8B1MQC4QC6DA2,sc_01KYNF4WREP6XDE0A8VADDBEN8,variant_01KYQGEYEGQET71BAD5SJF9QZ7,Default,ess-70-M,,,,false,true,,,,,,,,,30,390,0,,prod_01KYQGEWM6DF63KGKXWRM29SDK,Wed Jul 29 2026 12:58:50 GMT-0500 (Colombia Standard Time),Wed Jul 29 2026 12:58:50 GMT-0500 (Colombia Standard Time),,410,opt_01KYQGEWM60SHMGVD0XT077KW1,Default,Default
prod_01KYQGEWM6G7D91E8FYD4ZZ53T,dazzle-dama,DAZZLE,,published,,Esencia inspirada en PARIS HILTON. Precio por gramo sin envase.,false,true,,pcol_01KYNF54AKSX3Y8RFNJ53P89S3,,,,,,,,,,Wed Jul 29 2026 12:58:48 GMT-0500 (Colombia Standard Time),Wed Jul 29 2026 12:58:48 GMT-0500 (Colombia Standard Time),,sc_01KYNCV8FSSEG8B1MQC4QC6DA2,sc_01KYNF4WREP6XDE0A8VADDBEN8,variant_01KYQGEYEH4WZS5FXX3JZ5ZBAS,Default,ess-73-M,,,,false,true,,,,,,,,,30,380,0,,prod_01KYQGEWM6G7D91E8FYD4ZZ53T,Wed Jul 29 2026 12:58:50 GMT-0500 (Colombia Standard Time),Wed Jul 29 2026 12:58:50 GMT-0500 (Colombia Standard Time),,400,opt_01KYQGEWM6MEFZ4TBGMCK3BRNP,Default,Default
prod_01KYQGEWM6TS1CQRA320B3FJX3,love-spell-dama,LOVE SPELL,,published,,Esencia inspirada en VICTORIA´S SECRET. Precio por gramo sin envase.,false,true,,pcol_01KYNF54AKSX3Y8RFNJ53P89S3,,,,,,,,,,Wed Jul 29 2026 12:58:48 GMT-0500 (Colombia Standard Time),Wed Jul 29 2026 12:58:48 GMT-0500 (Colombia Standard Time),,sc_01KYNCV8FSSEG8B1MQC4QC6DA2,sc_01KYNF4WREP6XDE0A8VADDBEN8,variant_01KYQGEYEGJ65NYBGWT5XSQYY4,Default,ess-67-M,,,,false,true,,,,,,,,,30,333,0,,prod_01KYQGEWM6TS1CQRA320B3FJX3,Wed Jul 29 2026 12:58:50 GMT-0500 (Colombia Standard Time),Wed Jul 29 2026 12:58:50 GMT-0500 (Colombia Standard Time),,350,opt_01KYQGEWM628KH2EJ96CV7C0RJ,Default,Default
prod_01KYQGEWM6TYJA9E8AZTH6FJ60,guess-dama,GUESS,,published,,Esencia inspirada en GUESS. Precio por gramo sin envase.,false,true,,pcol_01KYNF54AKSX3Y8RFNJ53P89S3,,,,,,,,,,Wed Jul 29 2026 12:58:48 GMT-0500 (Colombia Standard Time),Wed Jul 29 2026 12:58:48 GMT-0500 (Colombia Standard Time),,sc_01KYNCV8FSSEG8B1MQC4QC6DA2,sc_01KYNF4WREP6XDE0A8VADDBEN8,variant_01KYQGEYEHZ0K3VAXBP032RE41,Default,ess-71-M,,,,false,true,,,,,,,,,30,380,0,,prod_01KYQGEWM6TYJA9E8AZTH6FJ60,Wed Jul 29 2026 12:58:50 GMT-0500 (Colombia Standard Time),Wed Jul 29 2026 12:58:50 GMT-0500 (Colombia Standard Time),,400,opt_01KYQGEWM6JGQA3QGDGCGGTS9J,Default,Default
prod_01KYQGEWM6YTGFY96W1RR293XC,be-delicius-dama,BE DELICIUS,,published,,Esencia inspirada en DONNA KARAN. Precio por gramo sin envase.,false,true,,pcol_01KYNF54AKSX3Y8RFNJ53P89S3,,,,,,,,,,Wed Jul 29 2026 12:58:48 GMT-0500 (Colombia Standard Time),Wed Jul 29 2026 12:58:48 GMT-0500 (Colombia Standard Time),,sc_01KYNCV8FSSEG8B1MQC4QC6DA2,sc_01KYNF4WREP6XDE0A8VADDBEN8,variant_01KYQGEYEHTA4A95258T062DY3,Default,ess-72-M,,,,false,true,,,,,,,,,30,409,0,,prod_01KYQGEWM6YTGFY96W1RR293XC,Wed Jul 29 2026 12:58:50 GMT-0500 (Colombia Standard Time),Wed Jul 29 2026 12:58:50 GMT-0500 (Colombia Standard Time),,430,opt_01KYQGEWM62GCCHCH5HSKG3W5Z,Default,Default
prod_01KYQGF03E0D4XGJM516FJ3PK9,gaia-dama,GAIA,,published,,Esencia inspirada en YAMBAL. Precio por gramo sin envase.,false,true,,pcol_01KYNF54AKSX3Y8RFNJ53P89S3,,,,,,,,,,Wed Jul 29 2026 12:58:52 GMT-0500 (Colombia Standard Time),Wed Jul 29 2026 12:58:52 GMT-0500 (Colombia Standard Time),,sc_01KYNCV8FSSEG8B1MQC4QC6DA2,sc_01KYNF4WREP6XDE0A8VADDBEN8,variant_01KYQGF1XRK5KHCBBAW636DCM1,Default,ess-80-M,,,,false,true,,,,,,,,,30,380,0,,prod_01KYQGF03E0D4XGJM516FJ3PK9,Wed Jul 29 2026 12:58:54 GMT-0500 (Colombia Standard Time),Wed Jul 29 2026 12:58:54 GMT-0500 (Colombia Standard Time),,400,opt_01KYQGF03EDGCFS7JK4NTA3RW9,Default,Default
prod_01KYQGF03E18MXNXT9T7DZJHZ1,body-dama,BODY,,published,,Esencia inspirada en BURBERRY. Precio por gramo sin envase.,false,true,,pcol_01KYNF54AKSX3Y8RFNJ53P89S3,,,,,,,,,,Wed Jul 29 2026 12:58:52 GMT-0500 (Colombia Standard Time),Wed Jul 29 2026 12:58:52 GMT-0500 (Colombia Standard Time),,sc_01KYNCV8FSSEG8B1MQC4QC6DA2,sc_01KYNF4WREP6XDE0A8VADDBEN8,variant_01KYQGF1XQSP2XS7EV64JP83E4,Default,ess-78-M,,,,false,true,,,,,,,,,30,475,0,,prod_01KYQGF03E18MXNXT9T7DZJHZ1,Wed Jul 29 2026 12:58:54 GMT-0500 (Colombia Standard Time),Wed Jul 29 2026 12:58:54 GMT-0500 (Colombia Standard Time),,500,opt_01KYQGF03E2QYQWF6CDC91VQNN,Default,Default
prod_01KYQGF03E1W7RS8BGFV5VAVK8,ccori-passion-dama,CCORI PASSION,,published,,Esencia inspirada en YANBAL. Precio por gramo sin envase.,false,true,,pcol_01KYNF54AKSX3Y8RFNJ53P89S3,,,,,,,,,,Wed Jul 29 2026 12:58:52 GMT-0500 (Colombia Standard Time),Wed Jul 29 2026 12:58:52 GMT-0500 (Colombia Standard Time),,sc_01KYNCV8FSSEG8B1MQC4QC6DA2,sc_01KYNF4WREP6XDE0A8VADDBEN8,variant_01KYQGF1XRAVZPE6V0BYWBQY6S,Default,ess-85-M,,,,false,true,,,,,,,,,30,380,0,,prod_01KYQGF03E1W7RS8BGFV5VAVK8,Wed Jul 29 2026 12:58:54 GMT-0500 (Colombia Standard Time),Wed Jul 29 2026 12:58:54 GMT-0500 (Colombia Standard Time),,400,opt_01KYQGF03EPDPFMBZJ1FQ9T5W1,Default,Default
prod_01KYQGF03E6PNS1D9MK0D41Z7A,sorbetto-rosso-dama,SORBETTO ROSSO,,published,,Esencia inspirada en ESCADA. Precio por gramo sin envase.,false,true,,pcol_01KYNF54AKSX3Y8RFNJ53P89S3,,,,,,,,,,Wed Jul 29 2026 12:58:52 GMT-0500 (Colombia Standard Time),Wed Jul 29 2026 12:58:52 GMT-0500 (Colombia Standard Time),,sc_01KYNCV8FSSEG8B1MQC4QC6DA2,sc_01KYNF4WREP6XDE0A8VADDBEN8,variant_01KYQGF1XQCEWK6A47EYKZS98Q,Default,ess-75-M,,,,false,true,,,,,,,,,30,380,0,,prod_01KYQGF03E6PNS1D9MK0D41Z7A,Wed Jul 29 2026 12:58:54 GMT-0500 (Colombia Standard Time),Wed Jul 29 2026 12:58:54 GMT-0500 (Colombia Standard Time),,400,opt_01KYQGF03EJXQ70DB17R83F1Q8,Default,Default
prod_01KYQGF03E7XE2V5TV71NGGAC0,cielo-noche-dama,CIELO NOCHE,,published,,Esencia inspirada en YANBAL. Precio por gramo sin envase.,false,true,,pcol_01KYNF54AKSX3Y8RFNJ53P89S3,,,,,,,,,,Wed Jul 29 2026 12:58:52 GMT-0500 (Colombia Standard Time),Wed Jul 29 2026 12:58:52 GMT-0500 (Colombia Standard Time),,sc_01KYNCV8FSSEG8B1MQC4QC6DA2,sc_01KYNF4WREP6XDE0A8VADDBEN8,variant_01KYQGF1XR4MYMS0FT62D6T3RW,Default,ess-84-M,,,,false,true,,,,,,,,,30,380,0,,prod_01KYQGF03E7XE2V5TV71NGGAC0,Wed Jul 29 2026 12:58:54 GMT-0500 (Colombia Standard Time),Wed Jul 29 2026 12:58:54 GMT-0500 (Colombia Standard Time),,400,opt_01KYQGF03EF0FS4EVE76WBVAE4,Default,Default
prod_01KYQGF03EBE9GMR625ND88TW6,oscar-dama,OSCAR,,published,,Esencia inspirada en OSCAR DE LA RENTA. Precio por gramo sin envase.,false,true,,pcol_01KYNF54AKSX3Y8RFNJ53P89S3,,,,,,,,,,Wed Jul 29 2026 12:58:52 GMT-0500 (Colombia Standard Time),Wed Jul 29 2026 12:58:52 GMT-0500 (Colombia Standard Time),,sc_01KYNCV8FSSEG8B1MQC4QC6DA2,sc_01KYNF4WREP6XDE0A8VADDBEN8,variant_01KYQGF1XRC1M3W5C43DDAXDQN,Default,ess-81-M,,,,false,true,,,,,,,,,30,390,0,,prod_01KYQGF03EBE9GMR625ND88TW6,Wed Jul 29 2026 12:58:54 GMT-0500 (Colombia Standard Time),Wed Jul 29 2026 12:58:54 GMT-0500 (Colombia Standard Time),,410,opt_01KYQGF03E7YNP8MAKWM3576GZ,Default,Default
prod_01KYQGF03EQKEPST7XTXHPHMKM,sparkling-dama,SPARKLING,,published,,Esencia inspirada en LACOSTE. Precio por gramo sin envase.,false,true,,pcol_01KYNF54AKSX3Y8RFNJ53P89S3,,,,,,,,,,Wed Jul 29 2026 12:58:52 GMT-0500 (Colombia Standard Time),Wed Jul 29 2026 12:58:52 GMT-0500 (Colombia Standard Time),,sc_01KYNCV8FSSEG8B1MQC4QC6DA2,sc_01KYNF4WREP6XDE0A8VADDBEN8,variant_01KYQGF1XQB9GWDPTTV5ETE8DT,Default,ess-77-M,,,,false,true,,,,,,,,,30,390,0,,prod_01KYQGF03EQKEPST7XTXHPHMKM,Wed Jul 29 2026 12:58:54 GMT-0500 (Colombia Standard Time),Wed Jul 29 2026 12:58:54 GMT-0500 (Colombia Standard Time),,410,opt_01KYQGF03E0CSBYYYZAKHFPTW1,Default,Default
prod_01KYQGF03ERN8644SZB83SNHNE,good-girl-dama,GOOD GIRL,,published,,Esencia inspirada en CAROLINA HERRERA. Precio por gramo sin envase.,false,true,,pcol_01KYNF54AKSX3Y8RFNJ53P89S3,,,,,,,,,,Wed Jul 29 2026 12:58:52 GMT-0500 (Colombia Standard Time),Wed Jul 29 2026 12:58:52 GMT-0500 (Colombia Standard Time),,sc_01KYNCV8FSSEG8B1MQC4QC6DA2,sc_01KYNF4WREP6XDE0A8VADDBEN8,variant_01KYQGF1XRKVRTW0WDHXA2M246,Default,ess-79-M,,,,false,true,,,,,,,,,30,380,0,,prod_01KYQGF03ERN8644SZB83SNHNE,Wed Jul 29 2026 12:58:54 GMT-0500 (Colombia Standard Time),Wed Jul 29 2026 12:58:54 GMT-0500 (Colombia Standard Time),,400,opt_01KYQGF03EGYJD78SB99S6BZS5,Default,Default
prod_01KYQGF03ESXQXJRRZ1P4NYRGT,classique-dama,CLASSIQUE,,published,,Esencia inspirada en JEAN PAUL GAULTIER. Precio por gramo sin envase.,false,true,,pcol_01KYNF54AKSX3Y8RFNJ53P89S3,,,,,,,,,,Wed Jul 29 2026 12:58:52 GMT-0500 (Colombia Standard Time),Wed Jul 29 2026 12:58:52 GMT-0500 (Colombia Standard Time),,sc_01KYNCV8FSSEG8B1MQC4QC6DA2,sc_01KYNF4WREP6XDE0A8VADDBEN8,variant_01KYQGF1XRS7WD6CQ22CD1GTNP,Default,ess-83-M,,,,false,true,,,,,,,,,30,390,0,,prod_01KYQGF03ESXQXJRRZ1P4NYRGT,Wed Jul 29 2026 12:58:54 GMT-0500 (Colombia Standard Time),Wed Jul 29 2026 12:58:54 GMT-0500 (Colombia Standard Time),,410,opt_01KYQGF03E88D1N0DHBJ4PAF3F,Default,Default
prod_01KYQGF03EWX72HQTKFY94YRS5,ch-sublime-dama,CH SUBLIME,,published,,Esencia inspirada en CAROLINA HERRERA. Precio por gramo sin envase.,false,true,,pcol_01KYNF54AKSX3Y8RFNJ53P89S3,,,,,,,,,,Wed Jul 29 2026 12:58:52 GMT-0500 (Colombia Standard Time),Wed Jul 29 2026 12:58:52 GMT-0500 (Colombia Standard Time),,sc_01KYNCV8FSSEG8B1MQC4QC6DA2,sc_01KYNF4WREP6XDE0A8VADDBEN8,variant_01KYQGF1XRXHGKNTCXK8YQENMX,Default,ess-86-M,,,,false,true,,,,,,,,,30,390,0,,prod_01KYQGF03EWX72HQTKFY94YRS5,Wed Jul 29 2026 12:58:54 GMT-0500 (Colombia Standard Time),Wed Jul 29 2026 12:58:54 GMT-0500 (Colombia Standard Time),,410,opt_01KYQGF03FKAD6MSVVMY1758CH,Default,Default
prod_01KYQGF3JE1VX7XXSMNTB8VA2G,clinique-happy-dama,CLINIQUE HAPPY,,published,,Esencia inspirada en CLINIQUE. Precio por gramo sin envase.,false,true,,pcol_01KYNF54AKSX3Y8RFNJ53P89S3,,,,,,,,,,Wed Jul 29 2026 12:58:55 GMT-0500 (Colombia Standard Time),Wed Jul 29 2026 12:58:55 GMT-0500 (Colombia Standard Time),,sc_01KYNCV8FSSEG8B1MQC4QC6DA2,sc_01KYNF4WREP6XDE0A8VADDBEN8,variant_01KYQGF5CSKRDHKDGAV750B0G7,Default,ess-89-M,,,,false,true,,,,,,,,,30,390,0,,prod_01KYQGF3JE1VX7XXSMNTB8VA2G,Wed Jul 29 2026 12:58:57 GMT-0500 (Colombia Standard Time),Wed Jul 29 2026 12:58:57 GMT-0500 (Colombia Standard Time),,410,opt_01KYQGF3JFQ0X1ZMPKGB26XGAG,Default,Default
prod_01KYQGF3JEA764A857PMRN2YDZ,the-key-dama,THE KEY,,published,,Esencia inspirada en JUSTIN BIEBER. Precio por gramo sin envase.,false,true,,pcol_01KYNF54AKSX3Y8RFNJ53P89S3,,,,,,,,,,Wed Jul 29 2026 12:58:55 GMT-0500 (Colombia Standard Time),Wed Jul 29 2026 12:58:55 GMT-0500 (Colombia Standard Time),,sc_01KYNCV8FSSEG8B1MQC4QC6DA2,sc_01KYNF4WREP6XDE0A8VADDBEN8,variant_01KYQGF5CT5AXEWZCA77RP2FBW,Default,ess-90-M,,,,false,true,,,,,,,,,30,333,0,,prod_01KYQGF3JEA764A857PMRN2YDZ,Wed Jul 29 2026 12:58:57 GMT-0500 (Colombia Standard Time),Wed Jul 29 2026 12:58:57 GMT-0500 (Colombia Standard Time),,350,opt_01KYQGF3JFXGXWVB269S0WSZBT,Default,Default
prod_01KYQGF3JEF6Q1J21KFSK1FQE3,5th-avenue-dama,5TH AVENUE,,published,,Esencia inspirada en ELIZABETH ARDEN. Precio por gramo sin envase.,false,true,,pcol_01KYNF54AKSX3Y8RFNJ53P89S3,,,,,,,,,,Wed Jul 29 2026 12:58:55 GMT-0500 (Colombia Standard Time),Wed Jul 29 2026 12:58:55 GMT-0500 (Colombia Standard Time),,sc_01KYNCV8FSSEG8B1MQC4QC6DA2,sc_01KYNF4WREP6XDE0A8VADDBEN8,variant_01KYQGF5CSYSSPQM44C64TNEFX,Default,ess-87-M,,,,false,true,,,,,,,,,30,399,0,,prod_01KYQGF3JEF6Q1J21KFSK1FQE3,Wed Jul 29 2026 12:58:57 GMT-0500 (Colombia Standard Time),Wed Jul 29 2026 12:58:57 GMT-0500 (Colombia Standard Time),,420,opt_01KYQGF3JFKM14ENZBXNHFXTV0,Default,Default
prod_01KYQGF3JEFAVZQE6WKD43WVDC,eternity-dama,ETERNITY,,published,,Esencia inspirada en CALVIN KLEIN. Precio por gramo sin envase.,false,true,,pcol_01KYNF54AKSX3Y8RFNJ53P89S3,,,,,,,,,,Wed Jul 29 2026 12:58:55 GMT-0500 (Colombia Standard Time),Wed Jul 29 2026 12:58:55 GMT-0500 (Colombia Standard Time),,sc_01KYNCV8FSSEG8B1MQC4QC6DA2,sc_01KYNF4WREP6XDE0A8VADDBEN8,variant_01KYQGF5CS41ZRF0NZQRM70SX9,Default,ess-88-M,,,,false,true,,,,,,,,,30,390,0,,prod_01KYQGF3JEFAVZQE6WKD43WVDC,Wed Jul 29 2026 12:58:57 GMT-0500 (Colombia Standard Time),Wed Jul 29 2026 12:58:57 GMT-0500 (Colombia Standard Time),,410,opt_01KYQGF3JFZ1PT6GZ5V3MXYCSD,Default,Default
prod_01KYQGF3JEH6ETSV3BAD3CSV01,meow-dama,MEOW,,published,,Esencia inspirada en KATY PERRY. Precio por gramo sin envase.,false,true,,pcol_01KYNF54AKSX3Y8RFNJ53P89S3,,,,,,,,,,Wed Jul 29 2026 12:58:55 GMT-0500 (Colombia Standard Time),Wed Jul 29 2026 12:58:55 GMT-0500 (Colombia Standard Time),,sc_01KYNCV8FSSEG8B1MQC4QC6DA2,sc_01KYNF4WREP6XDE0A8VADDBEN8,variant_01KYQGF5CTGAGA0080D0QFE4TM,Default,ess-91-M,,,,false,true,,,,,,,,,30,380,0,,prod_01KYQGF3JEH6ETSV3BAD3CSV01,Wed Jul 29 2026 12:58:57 GMT-0500 (Colombia Standard Time),Wed Jul 29 2026 12:58:57 GMT-0500 (Colombia Standard Time),,400,opt_01KYQGF3JFKNXSST5HQPYE5594,Default,Default
prod_01KYQGF3JF2DKZ3JAYNDW3PKVC,love-addict-dama,LOVE ADDICT,,published,,Esencia inspirada en VICTORIA´S SECRET. Precio por gramo sin envase.,false,true,,pcol_01KYNF54AKSX3Y8RFNJ53P89S3,,,,,,,,,,Wed Jul 29 2026 12:58:55 GMT-0500 (Colombia Standard Time),Wed Jul 29 2026 12:58:55 GMT-0500 (Colombia Standard Time),,sc_01KYNCV8FSSEG8B1MQC4QC6DA2,sc_01KYNF4WREP6XDE0A8VADDBEN8,variant_01KYQGF5CTCP3N6P0YBW2T94FY,Default,ess-97-M,,,,false,true,,,,,,,,,30,333,0,,prod_01KYQGF3JF2DKZ3JAYNDW3PKVC,Wed Jul 29 2026 12:58:57 GMT-0500 (Colombia Standard Time),Wed Jul 29 2026 12:58:57 GMT-0500 (Colombia Standard Time),,350,opt_01KYQGF3JFMCXSKH5VK725HRNC,Default,Default
prod_01KYQGF3JF5MC5KHR87ZE5R70B,la-panthere-dama,LA PANTHERE,,published,,Esencia inspirada en CARTIER. Precio por gramo sin envase.,false,true,,pcol_01KYNF54AKSX3Y8RFNJ53P89S3,,,,,,,,,,Wed Jul 29 2026 12:58:55 GMT-0500 (Colombia Standard Time),Wed Jul 29 2026 12:58:55 GMT-0500 (Colombia Standard Time),,sc_01KYNCV8FSSEG8B1MQC4QC6DA2,sc_01KYNF4WREP6XDE0A8VADDBEN8,variant_01KYQGF5CT2H70EZZWGQZCZ0YJ,Default,ess-95-M,,,,false,true,,,,,,,,,30,380,0,,prod_01KYQGF3JF5MC5KHR87ZE5R70B,Wed Jul 29 2026 12:58:57 GMT-0500 (Colombia Standard Time),Wed Jul 29 2026 12:58:57 GMT-0500 (Colombia Standard Time),,400,opt_01KYQGF3JFPBN1FR7VH6DY98T7,Default,Default
prod_01KYQGF3JFPKEWDHBKSCZMTCJ8,siren-dama,SIREN,,published,,Esencia inspirada en PARIS HILTON. Precio por gramo sin envase.,false,true,,pcol_01KYNF54AKSX3Y8RFNJ53P89S3,,,,,,,,,,Wed Jul 29 2026 12:58:55 GMT-0500 (Colombia Standard Time),Wed Jul 29 2026 12:58:55 GMT-0500 (Colombia Standard Time),,sc_01KYNCV8FSSEG8B1MQC4QC6DA2,sc_01KYNF4WREP6XDE0A8VADDBEN8,variant_01KYQGF5CTRE80RQDBRE2BR6R1,Default,ess-94-M,,,,false,true,,,,,,,,,30,390,0,,prod_01KYQGF3JFPKEWDHBKSCZMTCJ8,Wed Jul 29 2026 12:58:57 GMT-0500 (Colombia Standard Time),Wed Jul 29 2026 12:58:57 GMT-0500 (Colombia Standard Time),,410,opt_01KYQGF3JF5RFWKBQ87GVDVEPH,Default,Default
prod_01KYQGF3JFTTSZKFR8H4GNECVV,ricci-ricci-dama,RICCI RICCI,,published,,Esencia inspirada en NINA RICCI. Precio por gramo sin envase.,false,true,,pcol_01KYNF54AKSX3Y8RFNJ53P89S3,,,,,,,,,,Wed Jul 29 2026 12:58:55 GMT-0500 (Colombia Standard Time),Wed Jul 29 2026 12:58:55 GMT-0500 (Colombia Standard Time),,sc_01KYNCV8FSSEG8B1MQC4QC6DA2,sc_01KYNF4WREP6XDE0A8VADDBEN8,variant_01KYQGF5CTS809FE7JJY9SZ9EP,Default,ess-93-M,,,,false,true,,,,,,,,,30,390,0,,prod_01KYQGF3JFTTSZKFR8H4GNECVV,Wed Jul 29 2026 12:58:57 GMT-0500 (Colombia Standard Time),Wed Jul 29 2026 12:58:57 GMT-0500 (Colombia Standard Time),,410,opt_01KYQGF3JF3GD2CJZ2K7ZHRP9M,Default,Default
prod_01KYQGF3JFY0T3BPDQ4G79CQFR,the-one-dama,THE ONE,,published,,Esencia inspirada en DOLCE & GABBANA. Precio por gramo sin envase.,false,true,,pcol_01KYNF54AKSX3Y8RFNJ53P89S3,,,,,,,,,,Wed Jul 29 2026 12:58:55 GMT-0500 (Colombia Standard Time),Wed Jul 29 2026 12:58:55 GMT-0500 (Colombia Standard Time),,sc_01KYNCV8FSSEG8B1MQC4QC6DA2,sc_01KYNF4WREP6XDE0A8VADDBEN8,variant_01KYQGF5CTCRA47FK9AZCM36AE,Default,ess-96-M,,,,false,true,,,,,,,,,30,390,0,,prod_01KYQGF3JFY0T3BPDQ4G79CQFR,Wed Jul 29 2026 12:58:57 GMT-0500 (Colombia Standard Time),Wed Jul 29 2026 12:58:57 GMT-0500 (Colombia Standard Time),,410,opt_01KYQGF3JFVG4N3MD768D9P2TE,Default,Default
prod_01KYQGF71V2YMSCV7BP0RF7GHQ,pure-seduction-dama,PURE SEDUCTION,,published,,Esencia inspirada en VICTORIA´S SECRET. Precio por gramo sin envase.,false,true,,pcol_01KYNF54AKSX3Y8RFNJ53P89S3,,,,,,,,,,Wed Jul 29 2026 12:58:59 GMT-0500 (Colombia Standard Time),Wed Jul 29 2026 12:58:59 GMT-0500 (Colombia Standard Time),,sc_01KYNCV8FSSEG8B1MQC4QC6DA2,sc_01KYNF4WREP6XDE0A8VADDBEN8,variant_01KYQGF8WR3BK3J92746RCA5WS,Default,ess-104-M,,,,false,true,,,,,,,,,30,333,0,,prod_01KYQGF71V2YMSCV7BP0RF7GHQ,Wed Jul 29 2026 12:59:01 GMT-0500 (Colombia Standard Time),Wed Jul 29 2026 12:59:01 GMT-0500 (Colombia Standard Time),,350,opt_01KYQGF71WWGD7Q1HXYXFWGGYD,Default,Default
prod_01KYQGF71V5Y2GSXQSNFE7H8GR,wild-madagascar-dama,WILD MADAGASCAR,,published,,Esencia inspirada en BATH AND BODY WORKS. Precio por gramo sin envase.,false,true,,pcol_01KYNF54AKSX3Y8RFNJ53P89S3,,,,,,,,,,Wed Jul 29 2026 12:58:59 GMT-0500 (Colombia Standard Time),Wed Jul 29 2026 12:58:59 GMT-0500 (Colombia Standard Time),,sc_01KYNCV8FSSEG8B1MQC4QC6DA2,sc_01KYNF4WREP6XDE0A8VADDBEN8,variant_01KYQGF8WR6Z039MRKBVAE6WBJ,Default,ess-103-M,,,,false,true,,,,,,,,,30,390,0,,prod_01KYQGF71V5Y2GSXQSNFE7H8GR,Wed Jul 29 2026 12:59:01 GMT-0500 (Colombia Standard Time),Wed Jul 29 2026 12:59:01 GMT-0500 (Colombia Standard Time),,410,opt_01KYQGF71WT91VGN9E8KESZMT0,Default,Default
prod_01KYQGF71VE07BJQTD1RCFR7K1,aqva-divina-dama,AQVA DIVINA,,published,,Esencia inspirada en BVLGARI. Precio por gramo sin envase.,false,true,,pcol_01KYNF54AKSX3Y8RFNJ53P89S3,,,,,,,,,,Wed Jul 29 2026 12:58:59 GMT-0500 (Colombia Standard Time),Wed Jul 29 2026 12:58:59 GMT-0500 (Colombia Standard Time),,sc_01KYNCV8FSSEG8B1MQC4QC6DA2,sc_01KYNF4WREP6XDE0A8VADDBEN8,variant_01KYQGF8WQB08DPQY71DN5V16K,Default,ess-99-M,,,,false,true,,,,,,,,,30,200,0,,prod_01KYQGF71VE07BJQTD1RCFR7K1,Wed Jul 29 2026 12:59:01 GMT-0500 (Colombia Standard Time),Wed Jul 29 2026 12:59:01 GMT-0500 (Colombia Standard Time),,210,opt_01KYQGF71WYHPQYXMFTHYX3RHT,Default,Default
prod_01KYQGF71VFD6EPD54S9HCH7MB,our-moment-dama,OUR MOMENT,,published,,Esencia inspirada en ONE DIRECTION. Precio por gramo sin envase.,false,true,,pcol_01KYNF54AKSX3Y8RFNJ53P89S3,,,,,,,,,,Wed Jul 29 2026 12:58:59 GMT-0500 (Colombia Standard Time),Wed Jul 29 2026 12:58:59 GMT-0500 (Colombia Standard Time),,sc_01KYNCV8FSSEG8B1MQC4QC6DA2,sc_01KYNF4WREP6XDE0A8VADDBEN8,variant_01KYQGF8WRA63Y1AX8J5YK4TS2,Default,ess-101-M,,,,false,true,,,,,,,,,30,200,0,,prod_01KYQGF71VFD6EPD54S9HCH7MB,Wed Jul 29 2026 12:59:01 GMT-0500 (Colombia Standard Time),Wed Jul 29 2026 12:59:01 GMT-0500 (Colombia Standard Time),,210,opt_01KYQGF71WZVASSD2DZFQT2WWA,Default,Default
prod_01KYQGF71VGFHHRZ7TF1EX3QJJ,mango-temptation-dama,MANGO TEMPTATION,,published,,Esencia inspirada en VICTORIA´S SECRET. Precio por gramo sin envase.,false,true,,pcol_01KYNF54AKSX3Y8RFNJ53P89S3,,,,,,,,,,Wed Jul 29 2026 12:58:59 GMT-0500 (Colombia Standard Time),Wed Jul 29 2026 12:58:59 GMT-0500 (Colombia Standard Time),,sc_01KYNCV8FSSEG8B1MQC4QC6DA2,sc_01KYNF4WREP6XDE0A8VADDBEN8,variant_01KYQGF8WR78WZXADMH69ZVZZP,Default,ess-106-M,,,,false,true,,,,,,,,,30,333,0,,prod_01KYQGF71VGFHHRZ7TF1EX3QJJ,Wed Jul 29 2026 12:59:01 GMT-0500 (Colombia Standard Time),Wed Jul 29 2026 12:59:01 GMT-0500 (Colombia Standard Time),,350,opt_01KYQGF71W0RWQEC2GTJA231QD,Default,Default
prod_01KYQGF71VK5KD53Q6EYNJBZ88,juiced-berry-dama,JUICED BERRY,,published,,Esencia inspirada en VICTORIA´S SECRET. Precio por gramo sin envase.,false,true,,pcol_01KYNF54AKSX3Y8RFNJ53P89S3,,,,,,,,,,Wed Jul 29 2026 12:58:59 GMT-0500 (Colombia Standard Time),Wed Jul 29 2026 12:58:59 GMT-0500 (Colombia Standard Time),,sc_01KYNCV8FSSEG8B1MQC4QC6DA2,sc_01KYNF4WREP6XDE0A8VADDBEN8,variant_01KYQGF8WRJPX5FCE1YMWMZ7M1,Default,ess-105-M,,,,false,true,,,,,,,,,30,333,0,,prod_01KYQGF71VK5KD53Q6EYNJBZ88,Wed Jul 29 2026 12:59:01 GMT-0500 (Colombia Standard Time),Wed Jul 29 2026 12:59:01 GMT-0500 (Colombia Standard Time),,350,opt_01KYQGF71WNQGFBWM5FQJ7K1YJ,Default,Default
prod_01KYQGF71VQR3G4CWM3F9Q9ZF8,next-girlfriend-dama,NEXT GIRLFRIEND,,published,,Esencia inspirada en JUSTIN BIEBER. Precio por gramo sin envase.,false,true,,pcol_01KYNF54AKSX3Y8RFNJ53P89S3,,,,,,,,,,Wed Jul 29 2026 12:58:59 GMT-0500 (Colombia Standard Time),Wed Jul 29 2026 12:58:59 GMT-0500 (Colombia Standard Time),,sc_01KYNCV8FSSEG8B1MQC4QC6DA2,sc_01KYNF4WREP6XDE0A8VADDBEN8,variant_01KYQGF8WR6178YQP16GRA2NBC,Default,ess-102-M,,,,false,true,,,,,,,,,30,333,0,,prod_01KYQGF71VQR3G4CWM3F9Q9ZF8,Wed Jul 29 2026 12:59:01 GMT-0500 (Colombia Standard Time),Wed Jul 29 2026 12:59:01 GMT-0500 (Colombia Standard Time),,350,opt_01KYQGF71WJPC9YWMK1X9YMBBE,Default,Default
prod_01KYQGF71VS95H9QW1YR5WZ0NM,secret-charm-dama,SECRET CHARM,,published,,Esencia inspirada en VICTORIA´S SECRET. Precio por gramo sin envase.,false,true,,pcol_01KYNF54AKSX3Y8RFNJ53P89S3,,,,,,,,,,Wed Jul 29 2026 12:58:59 GMT-0500 (Colombia Standard Time),Wed Jul 29 2026 12:58:59 GMT-0500 (Colombia Standard Time),,sc_01KYNCV8FSSEG8B1MQC4QC6DA2,sc_01KYNF4WREP6XDE0A8VADDBEN8,variant_01KYQGF8WQB3NXSJH3XKHCVSXP,Default,ess-98-M,,,,false,true,,,,,,,,,30,333,0,,prod_01KYQGF71VS95H9QW1YR5WZ0NM,Wed Jul 29 2026 12:59:01 GMT-0500 (Colombia Standard Time),Wed Jul 29 2026 12:59:01 GMT-0500 (Colombia Standard Time),,350,opt_01KYQGF71WNP4M2QACAKQHTMW1,Default,Default
prod_01KYQGF71VZ9134EEE1JH1HPJR,miss-dior-blooming-dama,MISS DIOR BLOOMING,,published,,Esencia inspirada en CHRISTIAN DIOR. Precio por gramo sin envase.,false,true,,pcol_01KYNF54AKSX3Y8RFNJ53P89S3,,,,,,,,,,Wed Jul 29 2026 12:58:59 GMT-0500 (Colombia Standard Time),Wed Jul 29 2026 12:58:59 GMT-0500 (Colombia Standard Time),,sc_01KYNCV8FSSEG8B1MQC4QC6DA2,sc_01KYNF4WREP6XDE0A8VADDBEN8,variant_01KYQGF8WR25CAYYWQJR3AGQ6F,Default,ess-100-M,,,,false,true,,,,,,,,,30,200,0,,prod_01KYQGF71VZ9134EEE1JH1HPJR,Wed Jul 29 2026 12:59:01 GMT-0500 (Colombia Standard Time),Wed Jul 29 2026 12:59:01 GMT-0500 (Colombia Standard Time),,210,opt_01KYQGF71WDQC98K03VRWM2BG4,Default,Default
prod_01KYQGF71WZYYR2TCZDARDF32K,vainilla-dama,VAINILLA,,published,,Esencia inspirada en VICTORIA´S SECRET. Precio por gramo sin envase.,false,true,,pcol_01KYNF54AKSX3Y8RFNJ53P89S3,,,,,,,,,,Wed Jul 29 2026 12:58:59 GMT-0500 (Colombia Standard Time),Wed Jul 29 2026 12:58:59 GMT-0500 (Colombia Standard Time),,sc_01KYNCV8FSSEG8B1MQC4QC6DA2,sc_01KYNF4WREP6XDE0A8VADDBEN8,variant_01KYQGF8WRZVJ8YJ589GC8VQB6,Default,ess-107-M,,,,false,true,,,,,,,,,30,333,0,,prod_01KYQGF71WZYYR2TCZDARDF32K,Wed Jul 29 2026 12:59:01 GMT-0500 (Colombia Standard Time),Wed Jul 29 2026 12:59:01 GMT-0500 (Colombia Standard Time),,350,opt_01KYQGF71W1J64QVZ96YCNSVVX,Default,Default
prod_01KYQGFAHK118754C5K857RAQ4,swiss-army-for-her-dama,SWISS ARMY FOR HER,,published,,Esencia inspirada en SWISS ARMY. Precio por gramo sin envase.,false,true,,pcol_01KYNF54AKSX3Y8RFNJ53P89S3,,,,,,,,,,Wed Jul 29 2026 12:59:02 GMT-0500 (Colombia Standard Time),Wed Jul 29 2026 12:59:02 GMT-0500 (Colombia Standard Time),,sc_01KYNCV8FSSEG8B1MQC4QC6DA2,sc_01KYNF4WREP6XDE0A8VADDBEN8,variant_01KYQGFCC4SHF610ZE0AYETB0B,Default,ess-110-M,,,,false,true,,,,,,,,,30,390,0,,prod_01KYQGFAHK118754C5K857RAQ4,Wed Jul 29 2026 12:59:04 GMT-0500 (Colombia Standard Time),Wed Jul 29 2026 12:59:04 GMT-0500 (Colombia Standard Time),,410,opt_01KYQGFAHM2VAVW8XQE5EBFW0H,Default,Default
prod_01KYQGFAHK6ZP9J6RKJ93PD1VC,total-attraction-dama,TOTAL ATTRACTION,,published,,Esencia inspirada en VICTORIA´S SECRET. Precio por gramo sin envase.,false,true,,pcol_01KYNF54AKSX3Y8RFNJ53P89S3,,,,,,,,,,Wed Jul 29 2026 12:59:02 GMT-0500 (Colombia Standard Time),Wed Jul 29 2026 12:59:02 GMT-0500 (Colombia Standard Time),,sc_01KYNCV8FSSEG8B1MQC4QC6DA2,sc_01KYNF4WREP6XDE0A8VADDBEN8,variant_01KYQGFCC4VBG63K37XPSW2FWZ,Default,ess-116-M,,,,false,true,,,,,,,,,30,333,0,,prod_01KYQGFAHK6ZP9J6RKJ93PD1VC,Wed Jul 29 2026 12:59:04 GMT-0500 (Colombia Standard Time),Wed Jul 29 2026 12:59:04 GMT-0500 (Colombia Standard Time),,350,opt_01KYQGFAHMVAXGB39NT9ATAD08,Default,Default
prod_01KYQGFAHK8K3FDMXM60XA2ETR,sheer-love-dama,SHEER LOVE,,published,,Esencia inspirada en VICTORIA´S SECRET. Precio por gramo sin envase.,false,true,,pcol_01KYNF54AKSX3Y8RFNJ53P89S3,,,,,,,,,,Wed Jul 29 2026 12:59:02 GMT-0500 (Colombia Standard Time),Wed Jul 29 2026 12:59:02 GMT-0500 (Colombia Standard Time),,sc_01KYNCV8FSSEG8B1MQC4QC6DA2,sc_01KYNF4WREP6XDE0A8VADDBEN8,variant_01KYQGFCC4D5JXQW971WBYNKVC,Default,ess-115-M,,,,false,true,,,,,,,,,30,333,0,,prod_01KYQGFAHK8K3FDMXM60XA2ETR,Wed Jul 29 2026 12:59:04 GMT-0500 (Colombia Standard Time),Wed Jul 29 2026 12:59:04 GMT-0500 (Colombia Standard Time),,350,opt_01KYQGFAHM9NRM6G490B9QYPNY,Default,Default
prod_01KYQGFAHK9FJZGQ4QBGV4DHYZ,colors-dama,COLORS,,published,,Esencia inspirada en BENETTON. Precio por gramo sin envase.,false,true,,pcol_01KYNF54AKSX3Y8RFNJ53P89S3,,,,,,,,,,Wed Jul 29 2026 12:59:02 GMT-0500 (Colombia Standard Time),Wed Jul 29 2026 12:59:02 GMT-0500 (Colombia Standard Time),,sc_01KYNCV8FSSEG8B1MQC4QC6DA2,sc_01KYNF4WREP6XDE0A8VADDBEN8,variant_01KYQGFCC4ZBWF6194MYZ2MVMT,Default,ess-108-M,,,,false,true,,,,,,,,,30,475,0,,prod_01KYQGFAHK9FJZGQ4QBGV4DHYZ,Wed Jul 29 2026 12:59:04 GMT-0500 (Colombia Standard Time),Wed Jul 29 2026 12:59:04 GMT-0500 (Colombia Standard Time),,500,opt_01KYQGFAHKGAAPDS99MP3E995Q,Default,Default
prod_01KYQGFAHKAJE3GKKNYAY3BXJY,bombshell-dama,BOMBSHELL,,published,,Esencia inspirada en VICTORIA´S SECRET. Precio por gramo sin envase.,false,true,,pcol_01KYNF54AKSX3Y8RFNJ53P89S3,,,,,,,,,,Wed Jul 29 2026 12:59:02 GMT-0500 (Colombia Standard Time),Wed Jul 29 2026 12:59:02 GMT-0500 (Colombia Standard Time),,sc_01KYNCV8FSSEG8B1MQC4QC6DA2,sc_01KYNF4WREP6XDE0A8VADDBEN8,variant_01KYQGFCC4W5AY9PY5XH7V0NF1,Default,ess-113-M,,,,false,true,,,,,,,,,30,333,0,,prod_01KYQGFAHKAJE3GKKNYAY3BXJY,Wed Jul 29 2026 12:59:04 GMT-0500 (Colombia Standard Time),Wed Jul 29 2026 12:59:04 GMT-0500 (Colombia Standard Time),,350,opt_01KYQGFAHMWBS56T1N8Z540Z5G,Default,Default
prod_01KYQGFAHKK42VSXD3NGJCKY2Y,bright-crystal-dama,BRIGHT CRYSTAL,,published,,Esencia inspirada en VERSACE. Precio por gramo sin envase.,false,true,,pcol_01KYNF54AKSX3Y8RFNJ53P89S3,,,,,,,,,,Wed Jul 29 2026 12:59:02 GMT-0500 (Colombia Standard Time),Wed Jul 29 2026 12:59:02 GMT-0500 (Colombia Standard Time),,sc_01KYNCV8FSSEG8B1MQC4QC6DA2,sc_01KYNF4WREP6XDE0A8VADDBEN8,variant_01KYQGFCC461XD9XJX8K2G4WVP,Default,ess-117-M,,,,false,true,,,,,,,,,30,380,0,,prod_01KYQGFAHKK42VSXD3NGJCKY2Y,Wed Jul 29 2026 12:59:04 GMT-0500 (Colombia Standard Time),Wed Jul 29 2026 12:59:04 GMT-0500 (Colombia Standard Time),,400,opt_01KYQGFAHMK4EHC0KY4RWAA3ZF,Default,Default
prod_01KYQGFAHKKBNMWSA3XTDG91MT,tribu-dama,TRIBU,,published,,Esencia inspirada en BENETTON. Precio por gramo sin envase.,false,true,,pcol_01KYNF54AKSX3Y8RFNJ53P89S3,,,,,,,,,,Wed Jul 29 2026 12:59:02 GMT-0500 (Colombia Standard Time),Wed Jul 29 2026 12:59:02 GMT-0500 (Colombia Standard Time),,sc_01KYNCV8FSSEG8B1MQC4QC6DA2,sc_01KYNF4WREP6XDE0A8VADDBEN8,variant_01KYQGFCC410RQN9B7V4ZZKAWR,Default,ess-112-M,,,,false,true,,,,,,,,,30,390,0,,prod_01KYQGFAHKKBNMWSA3XTDG91MT,Wed Jul 29 2026 12:59:04 GMT-0500 (Colombia Standard Time),Wed Jul 29 2026 12:59:04 GMT-0500 (Colombia Standard Time),,410,opt_01KYQGFAHMHATQVZSBVJGN1NFD,Default,Default
prod_01KYQGFAHKP73C28SHH52ZVJ20,pear-glace-dama,PEAR GLACE,,published,,Esencia inspirada en VICTORIA´S SECRET. Precio por gramo sin envase.,false,true,,pcol_01KYNF54AKSX3Y8RFNJ53P89S3,,,,,,,,,,Wed Jul 29 2026 12:59:02 GMT-0500 (Colombia Standard Time),Wed Jul 29 2026 12:59:02 GMT-0500 (Colombia Standard Time),,sc_01KYNCV8FSSEG8B1MQC4QC6DA2,sc_01KYNF4WREP6XDE0A8VADDBEN8,variant_01KYQGFCC411G384QCCNQVSD7J,Default,ess-114-M,,,,false,true,,,,,,,,,30,333,0,,prod_01KYQGFAHKP73C28SHH52ZVJ20,Wed Jul 29 2026 12:59:04 GMT-0500 (Colombia Standard Time),Wed Jul 29 2026 12:59:04 GMT-0500 (Colombia Standard Time),,350,opt_01KYQGFAHM76K8YVS385WEMYW2,Default,Default
prod_01KYQGFAHKT88RSE2Q3S53GH3D,emporio-armani-diamonds-dama,EMPORIO ARMANI DIAMONDS,,published,,Esencia inspirada en GIORGIO ARMANY. Precio por gramo sin envase.,false,true,,pcol_01KYNF54AKSX3Y8RFNJ53P89S3,,,,,,,,,,Wed Jul 29 2026 12:59:02 GMT-0500 (Colombia Standard Time),Wed Jul 29 2026 12:59:02 GMT-0500 (Colombia Standard Time),,sc_01KYNCV8FSSEG8B1MQC4QC6DA2,sc_01KYNF4WREP6XDE0A8VADDBEN8,variant_01KYQGFCC4VMWE16QW357X42D2,Default,ess-111-M,,,,false,true,,,,,,,,,30,390,0,,prod_01KYQGFAHKT88RSE2Q3S53GH3D,Wed Jul 29 2026 12:59:04 GMT-0500 (Colombia Standard Time),Wed Jul 29 2026 12:59:04 GMT-0500 (Colombia Standard Time),,410,opt_01KYQGFAHMHG7PPX29V32JDERR,Default,Default
prod_01KYQGFAHKXZRRXCR7JTKZPQ41,aqua-kiss-dama,AQUA KISS,,published,,Esencia inspirada en VICTORIA´S SECRET. Precio por gramo sin envase.,false,true,,pcol_01KYNF54AKSX3Y8RFNJ53P89S3,,,,,,,,,,Wed Jul 29 2026 12:59:02 GMT-0500 (Colombia Standard Time),Wed Jul 29 2026 12:59:02 GMT-0500 (Colombia Standard Time),,sc_01KYNCV8FSSEG8B1MQC4QC6DA2,sc_01KYNF4WREP6XDE0A8VADDBEN8,variant_01KYQGFCC49GM130MQT437G06M,Default,ess-109-M,,,,false,true,,,,,,,,,30,333,0,,prod_01KYQGFAHKXZRRXCR7JTKZPQ41,Wed Jul 29 2026 12:59:04 GMT-0500 (Colombia Standard Time),Wed Jul 29 2026 12:59:04 GMT-0500 (Colombia Standard Time),,350,opt_01KYQGFAHKZKX4741GG751EA4D,Default,Default
prod_01KYQGFE123R68BMZZ3SZXS2MT,toy-2-dama,TOY 2,,published,,Esencia inspirada en MOSCHINO. Precio por gramo sin envase.,false,true,,pcol_01KYNF54AKSX3Y8RFNJ53P89S3,,,,,,,,,,Wed Jul 29 2026 12:59:06 GMT-0500 (Colombia Standard Time),Wed Jul 29 2026 12:59:06 GMT-0500 (Colombia Standard Time),,sc_01KYNCV8FSSEG8B1MQC4QC6DA2,sc_01KYNF4WREP6XDE0A8VADDBEN8,variant_01KYQGFFVHJ2ABZX6YMBVYCWR1,Default,ess-129-M,,,,false,true,,,,,,,,,30,390,0,,prod_01KYQGFE123R68BMZZ3SZXS2MT,Wed Jul 29 2026 12:59:08 GMT-0500 (Colombia Standard Time),Wed Jul 29 2026 12:59:08 GMT-0500 (Colombia Standard Time),,410,opt_01KYQGFE121YHXJYK1E94Z6BT6,Default,Default
prod_01KYQGFE125QDCDDR092ZE69EP,temptation-dama,TEMPTATION,,published,,Esencia inspirada en YANBAL. Precio por gramo sin envase.,false,true,,pcol_01KYNF54AKSX3Y8RFNJ53P89S3,,,,,,,,,,Wed Jul 29 2026 12:59:06 GMT-0500 (Colombia Standard Time),Wed Jul 29 2026 12:59:06 GMT-0500 (Colombia Standard Time),,sc_01KYNCV8FSSEG8B1MQC4QC6DA2,sc_01KYNF4WREP6XDE0A8VADDBEN8,variant_01KYQGFFVHKKC9PG2B76D6DY8B,Default,ess-128-M,,,,false,true,,,,,,,,,30,380,0,,prod_01KYQGFE125QDCDDR092ZE69EP,Wed Jul 29 2026 12:59:08 GMT-0500 (Colombia Standard Time),Wed Jul 29 2026 12:59:08 GMT-0500 (Colombia Standard Time),,400,opt_01KYQGFE12SRB6WHBY9SRVZSMA,Default,Default
prod_01KYQGFE127R3DYC0ZMYRTTJ7D,black-xs-dama,BLACK XS,,published,,Esencia inspirada en PACO RABANNE. Precio por gramo sin envase.,false,true,,pcol_01KYNF54AKSX3Y8RFNJ53P89S3,,,,,,,,,,Wed Jul 29 2026 12:59:06 GMT-0500 (Colombia Standard Time),Wed Jul 29 2026 12:59:06 GMT-0500 (Colombia Standard Time),,sc_01KYNCV8FSSEG8B1MQC4QC6DA2,sc_01KYNF4WREP6XDE0A8VADDBEN8,variant_01KYQGFFVHXCNJN77B56A045PF,Default,ess-124-M,,,,false,true,,,,,,,,,30,390,0,,prod_01KYQGFE127R3DYC0ZMYRTTJ7D,Wed Jul 29 2026 12:59:08 GMT-0500 (Colombia Standard Time),Wed Jul 29 2026 12:59:08 GMT-0500 (Colombia Standard Time),,410,opt_01KYQGFE12QAH4TZAGR9DP1NA7,Default,Default
prod_01KYQGFE129NGP40YGPVZ0HDDC,scandal-dama,SCANDAL,,published,,Esencia inspirada en JEAN PAUL GAULTIER. Precio por gramo sin envase.,false,true,,pcol_01KYNF54AKSX3Y8RFNJ53P89S3,,,,,,,,,,Wed Jul 29 2026 12:59:06 GMT-0500 (Colombia Standard Time),Wed Jul 29 2026 12:59:06 GMT-0500 (Colombia Standard Time),,sc_01KYNCV8FSSEG8B1MQC4QC6DA2,sc_01KYNF4WREP6XDE0A8VADDBEN8,variant_01KYQGFFVGW8ZB5AWWERMJPN61,Default,ess-118-M,,,,false,true,,,,,,,,,30,380,0,,prod_01KYQGFE129NGP40YGPVZ0HDDC,Wed Jul 29 2026 12:59:08 GMT-0500 (Colombia Standard Time),Wed Jul 29 2026 12:59:08 GMT-0500 (Colombia Standard Time),,400,opt_01KYQGFE124KHHE82APCX6BWGM,Default,Default
prod_01KYQGFE12B95EKH32Q0QG85YP,bon-bon-dama,BON BON,,published,,Esencia inspirada en VICTOR & ROLF. Precio por gramo sin envase.,false,true,,pcol_01KYNF54AKSX3Y8RFNJ53P89S3,,,,,,,,,,Wed Jul 29 2026 12:59:06 GMT-0500 (Colombia Standard Time),Wed Jul 29 2026 12:59:06 GMT-0500 (Colombia Standard Time),,sc_01KYNCV8FSSEG8B1MQC4QC6DA2,sc_01KYNF4WREP6XDE0A8VADDBEN8,variant_01KYQGFFVH9WG3GGAJD46RPDC6,Default,ess-126-M,,,,false,true,,,,,,,,,30,390,0,,prod_01KYQGFE12B95EKH32Q0QG85YP,Wed Jul 29 2026 12:59:08 GMT-0500 (Colombia Standard Time),Wed Jul 29 2026 12:59:08 GMT-0500 (Colombia Standard Time),,410,opt_01KYQGFE12PAKRHC90JHTECAKS,Default,Default
prod_01KYQGFE12BPXJRTBR3NCH0AM5,osadia-dama,OSADIA,,published,,Esencia inspirada en YANBAL. Precio por gramo sin envase.,false,true,,pcol_01KYNF54AKSX3Y8RFNJ53P89S3,,,,,,,,,,Wed Jul 29 2026 12:59:06 GMT-0500 (Colombia Standard Time),Wed Jul 29 2026 12:59:06 GMT-0500 (Colombia Standard Time),,sc_01KYNCV8FSSEG8B1MQC4QC6DA2,sc_01KYNF4WREP6XDE0A8VADDBEN8,variant_01KYQGFFVHPKAQ95BKKN9JVF7V,Default,ess-127-M,,,,false,true,,,,,,,,,30,380,0,,prod_01KYQGFE12BPXJRTBR3NCH0AM5,Wed Jul 29 2026 12:59:08 GMT-0500 (Colombia Standard Time),Wed Jul 29 2026 12:59:08 GMT-0500 (Colombia Standard Time),,400,opt_01KYQGFE129TXFK4SFPRVFJSRJ,Default,Default
prod_01KYQGFE12JF9EPBK9P9V8K0FR,frozen-dama,FROZEN,,published,,Esencia inspirada en DISNEY. Precio por gramo sin envase.,false,true,,pcol_01KYNF54AKSX3Y8RFNJ53P89S3,,,,,,,,,,Wed Jul 29 2026 12:59:06 GMT-0500 (Colombia Standard Time),Wed Jul 29 2026 12:59:06 GMT-0500 (Colombia Standard Time),,sc_01KYNCV8FSSEG8B1MQC4QC6DA2,sc_01KYNF4WREP6XDE0A8VADDBEN8,variant_01KYQGFFVHHMD1120VFV47AC96,Default,ess-120-M,,,,false,true,,,,,,,,,30,380,0,,prod_01KYQGFE12JF9EPBK9P9V8K0FR,Wed Jul 29 2026 12:59:08 GMT-0500 (Colombia Standard Time),Wed Jul 29 2026 12:59:08 GMT-0500 (Colombia Standard Time),,400,opt_01KYQGFE12G6KVFS52JYTWKNAX,Default,Default
prod_01KYQGFE12KYE7N4MW08FFDXZZ,violetta-dama,VIOLETTA,,published,,Esencia inspirada en DISNEY. Precio por gramo sin envase.,false,true,,pcol_01KYNF54AKSX3Y8RFNJ53P89S3,,,,,,,,,,Wed Jul 29 2026 12:59:06 GMT-0500 (Colombia Standard Time),Wed Jul 29 2026 12:59:06 GMT-0500 (Colombia Standard Time),,sc_01KYNCV8FSSEG8B1MQC4QC6DA2,sc_01KYNF4WREP6XDE0A8VADDBEN8,variant_01KYQGFFVHKAF9P5MAB8HKFBKF,Default,ess-121-M,,,,false,true,,,,,,,,,30,380,0,,prod_01KYQGFE12KYE7N4MW08FFDXZZ,Wed Jul 29 2026 12:59:08 GMT-0500 (Colombia Standard Time),Wed Jul 29 2026 12:59:08 GMT-0500 (Colombia Standard Time),,400,opt_01KYQGFE12KAP8V3D3WWSE2M9F,Default,Default
prod_01KYQGFE12PEPHEVFB1RTHDZP2,touch-dama,TOUCH,,published,,Esencia inspirada en BEVERLY HILLS. Precio por gramo sin envase.,false,true,,pcol_01KYNF54AKSX3Y8RFNJ53P89S3,,,,,,,,,,Wed Jul 29 2026 12:59:06 GMT-0500 (Colombia Standard Time),Wed Jul 29 2026 12:59:06 GMT-0500 (Colombia Standard Time),,sc_01KYNCV8FSSEG8B1MQC4QC6DA2,sc_01KYNF4WREP6XDE0A8VADDBEN8,variant_01KYQGFFVHM3GG0FMD2Y0AZ9G8,Default,ess-125-M,,,,false,true,,,,,,,,,30,390,0,,prod_01KYQGFE12PEPHEVFB1RTHDZP2,Wed Jul 29 2026 12:59:08 GMT-0500 (Colombia Standard Time),Wed Jul 29 2026 12:59:08 GMT-0500 (Colombia Standard Time),,410,opt_01KYQGFE12PTQKPV7WCM8P4EH9,Default,Default
prod_01KYQGFE12R168V40PC4824EKT,ciedo-dia-dama,CIEDO DIA,,published,,Esencia inspirada en YANBAL. Precio por gramo sin envase.,false,true,,pcol_01KYNF54AKSX3Y8RFNJ53P89S3,,,,,,,,,,Wed Jul 29 2026 12:59:06 GMT-0500 (Colombia Standard Time),Wed Jul 29 2026 12:59:06 GMT-0500 (Colombia Standard Time),,sc_01KYNCV8FSSEG8B1MQC4QC6DA2,sc_01KYNF4WREP6XDE0A8VADDBEN8,variant_01KYQGFFVH23G7J8GMB8KPX6TP,Default,ess-119-M,,,,false,true,,,,,,,,,30,428,0,,prod_01KYQGFE12R168V40PC4824EKT,Wed Jul 29 2026 12:59:08 GMT-0500 (Colombia Standard Time),Wed Jul 29 2026 12:59:08 GMT-0500 (Colombia Standard Time),,450,opt_01KYQGFE12DTNJ1MSSRTF7G2Y4,Default,Default
prod_01KYQGFHGENGK28SN8YTC3HREY,chocolate-greedy-unisex-dama,CHOCOLATE GREEDY (UNISEX),,published,,Esencia inspirada en MONTALE. Precio por gramo sin envase.,false,true,,pcol_01KYNF54AKSX3Y8RFNJ53P89S3,,,,,,,,,,Wed Jul 29 2026 12:59:10 GMT-0500 (Colombia Standard Time),Wed Jul 29 2026 12:59:10 GMT-0500 (Colombia Standard Time),,sc_01KYNCV8FSSEG8B1MQC4QC6DA2,sc_01KYNF4WREP6XDE0A8VADDBEN8,variant_01KYQGFKAV7922B5EAFYNVGMC7,Default,ess-130-M,,,,false,true,,,,,,,,,30,409,0,,prod_01KYQGFHGENGK28SN8YTC3HREY,Wed Jul 29 2026 12:59:11 GMT-0500 (Colombia Standard Time),Wed Jul 29 2026 12:59:11 GMT-0500 (Colombia Standard Time),,430,opt_01KYQGFHGFFC6XHVB73K95XNWJ,Default,Default
prod_01KYQGFHGF04875MJZ7MX3Y7MA,coco-dama,COCO,,published,,Esencia inspirada en CHANEL. Precio por gramo sin envase.,false,true,,pcol_01KYNF54AKSX3Y8RFNJ53P89S3,,,,,,,,,,Wed Jul 29 2026 12:59:10 GMT-0500 (Colombia Standard Time),Wed Jul 29 2026 12:59:10 GMT-0500 (Colombia Standard Time),,sc_01KYNCV8FSSEG8B1MQC4QC6DA2,sc_01KYNF4WREP6XDE0A8VADDBEN8,variant_01KYQGFKAVV4RKD9S7FCRMHB2T,Default,ess-131-M,,,,false,true,,,,,,,,,30,390,0,,prod_01KYQGFHGF04875MJZ7MX3Y7MA,Wed Jul 29 2026 12:59:11 GMT-0500 (Colombia Standard Time),Wed Jul 29 2026 12:59:11 GMT-0500 (Colombia Standard Time),,410,opt_01KYQGFHGF4SAXAW8BM35P7N9K,Default,Default
prod_01KYQGFHGF9DW1RWA4KMQ8EXNY,famme-dama,FAMME,,published,,Esencia inspirada en PACO RABANNE. Precio por gramo sin envase.,false,true,,pcol_01KYNF54AKSX3Y8RFNJ53P89S3,,,,,,,,,,Wed Jul 29 2026 12:59:10 GMT-0500 (Colombia Standard Time),Wed Jul 29 2026 12:59:10 GMT-0500 (Colombia Standard Time),,sc_01KYNCV8FSSEG8B1MQC4QC6DA2,sc_01KYNF4WREP6XDE0A8VADDBEN8,variant_01KYQGFKAVWYFR79BAG4DF5WVA,Default,ess-133-M,,,,false,true,,,,,,,,,30,390,0,,prod_01KYQGFHGF9DW1RWA4KMQ8EXNY,Wed Jul 29 2026 12:59:11 GMT-0500 (Colombia Standard Time),Wed Jul 29 2026 12:59:11 GMT-0500 (Colombia Standard Time),,410,opt_01KYQGFHGF14G485EK8HT8T4X3,Default,Default
prod_01KYQGFHGFEK2PQ7DS3X4HSGFH,sweet-like-candy-dama,SWEET LIKE CANDY,,published,,Esencia inspirada en ARIANA GRANDE. Precio por gramo sin envase.,false,true,,pcol_01KYNF54AKSX3Y8RFNJ53P89S3,,,,,,,,,,Wed Jul 29 2026 12:59:10 GMT-0500 (Colombia Standard Time),Wed Jul 29 2026 12:59:10 GMT-0500 (Colombia Standard Time),,sc_01KYNCV8FSSEG8B1MQC4QC6DA2,sc_01KYNF4WREP6XDE0A8VADDBEN8,variant_01KYQGFKAWKDP5T48Y237WQYK1,Default,ess-137-M,,,,false,true,,,,,,,,,30,390,0,,prod_01KYQGFHGFEK2PQ7DS3X4HSGFH,Wed Jul 29 2026 12:59:11 GMT-0500 (Colombia Standard Time),Wed Jul 29 2026 12:59:11 GMT-0500 (Colombia Standard Time),,410,opt_01KYQGFHGF9SZ7MYQRHAV7TZWC,Default,Default
prod_01KYQGFHGFHS67H731PJ8XCZQZ,royal-amber-dama,ROYAL AMBER,,published,,Esencia inspirada en ORIENTICA. Precio por gramo sin envase.,false,true,,pcol_01KYNF54AKSX3Y8RFNJ53P89S3,,,,,,,,,,Wed Jul 29 2026 12:59:10 GMT-0500 (Colombia Standard Time),Wed Jul 29 2026 12:59:10 GMT-0500 (Colombia Standard Time),,sc_01KYNCV8FSSEG8B1MQC4QC6DA2,sc_01KYNF4WREP6XDE0A8VADDBEN8,variant_01KYQGFKAWC5FS25BYDZYDN930,Default,ess-136-M,,,,false,true,,,,,,,,,30,390,0,,prod_01KYQGFHGFHS67H731PJ8XCZQZ,Wed Jul 29 2026 12:59:11 GMT-0500 (Colombia Standard Time),Wed Jul 29 2026 12:59:11 GMT-0500 (Colombia Standard Time),,410,opt_01KYQGFHGFXVRNF146BKDES0N6,Default,Default
prod_01KYQGFHGFJX4BHF67HTDTYZMW,adrenalina-dama,ADRENALINA,,published,,Esencia inspirada en YANBAL. Precio por gramo sin envase.,false,true,,pcol_01KYNF54AKSX3Y8RFNJ53P89S3,,,,,,,,,,Wed Jul 29 2026 12:59:10 GMT-0500 (Colombia Standard Time),Wed Jul 29 2026 12:59:10 GMT-0500 (Colombia Standard Time),,sc_01KYNCV8FSSEG8B1MQC4QC6DA2,sc_01KYNF4WREP6XDE0A8VADDBEN8,variant_01KYQGFKAWAVXVEQMVXZWM6TCP,Default,ess-139-M,,,,false,true,,,,,,,,,30,380,0,,prod_01KYQGFHGFJX4BHF67HTDTYZMW,Wed Jul 29 2026 12:59:11 GMT-0500 (Colombia Standard Time),Wed Jul 29 2026 12:59:11 GMT-0500 (Colombia Standard Time),,400,opt_01KYQGFHGFJN7YRZ6S76H3AGTH,Default,Default
prod_01KYQGFHGFM1DY3RATVK9PQCZQ,toy-2-bubble-gum-dama,TOY 2 BUBBLE GUM,,published,,Esencia inspirada en MOSCHINO. Precio por gramo sin envase.,false,true,,pcol_01KYNF54AKSX3Y8RFNJ53P89S3,,,,,,,,,,Wed Jul 29 2026 12:59:10 GMT-0500 (Colombia Standard Time),Wed Jul 29 2026 12:59:10 GMT-0500 (Colombia Standard Time),,sc_01KYNCV8FSSEG8B1MQC4QC6DA2,sc_01KYNF4WREP6XDE0A8VADDBEN8,variant_01KYQGFKAW0Z61FA3QC3BW9ZZN,Default,ess-135-M,,,,false,true,,,,,,,,,30,390,0,,prod_01KYQGFHGFM1DY3RATVK9PQCZQ,Wed Jul 29 2026 12:59:11 GMT-0500 (Colombia Standard Time),Wed Jul 29 2026 12:59:11 GMT-0500 (Colombia Standard Time),,410,opt_01KYQGFHGFX5TAS69DABS0FB5Z,Default,Default
prod_01KYQGFHGFQWFDE4AFC3J8MT1R,good-girl-blush-dama,GOOD GIRL BLUSH,,published,,Esencia inspirada en CAROLINA HERRERA. Precio por gramo sin envase.,false,true,,pcol_01KYNF54AKSX3Y8RFNJ53P89S3,,,,,,,,,,Wed Jul 29 2026 12:59:10 GMT-0500 (Colombia Standard Time),Wed Jul 29 2026 12:59:10 GMT-0500 (Colombia Standard Time),,sc_01KYNCV8FSSEG8B1MQC4QC6DA2,sc_01KYNF4WREP6XDE0A8VADDBEN8,variant_01KYQGFKAWG1W6ZH25W8EF844V,Default,ess-138-M,,,,false,true,,,,,,,,,30,380,0,,prod_01KYQGFHGFQWFDE4AFC3J8MT1R,Wed Jul 29 2026 12:59:11 GMT-0500 (Colombia Standard Time),Wed Jul 29 2026 12:59:11 GMT-0500 (Colombia Standard Time),,400,opt_01KYQGFHGF8QH7F8FPV05H24CN,Default,Default
prod_01KYQGFHGFS2TXM787CN648R0G,poison-girl-dama,POISON GIRL,,published,,Esencia inspirada en CHRISTIAN DIOR. Precio por gramo sin envase.,false,true,,pcol_01KYNF54AKSX3Y8RFNJ53P89S3,,,,,,,,,,Wed Jul 29 2026 12:59:10 GMT-0500 (Colombia Standard Time),Wed Jul 29 2026 12:59:10 GMT-0500 (Colombia Standard Time),,sc_01KYNCV8FSSEG8B1MQC4QC6DA2,sc_01KYNF4WREP6XDE0A8VADDBEN8,variant_01KYQGFKAV69CKG9M6JXBC4A4P,Default,ess-132-M,,,,false,true,,,,,,,,,30,390,0,,prod_01KYQGFHGFS2TXM787CN648R0G,Wed Jul 29 2026 12:59:11 GMT-0500 (Colombia Standard Time),Wed Jul 29 2026 12:59:11 GMT-0500 (Colombia Standard Time),,410,opt_01KYQGFHGFDFZAMRP27ABME4WP,Default,Default
prod_01KYQGFHGFYPQFAVKY711ZDXDZ,blue-seduction-dama,BLUE SEDUCTION,,published,,Esencia inspirada en ANTONIO BANDERAS. Precio por gramo sin envase.,false,true,,pcol_01KYNF54AKSX3Y8RFNJ53P89S3,,,,,,,,,,Wed Jul 29 2026 12:59:10 GMT-0500 (Colombia Standard Time),Wed Jul 29 2026 12:59:10 GMT-0500 (Colombia Standard Time),,sc_01KYNCV8FSSEG8B1MQC4QC6DA2,sc_01KYNF4WREP6XDE0A8VADDBEN8,variant_01KYQGFKAV6VA6Q65XRT222JPA,Default,ess-134-M,,,,false,true,,,,,,,,,30,390,0,,prod_01KYQGFHGFYPQFAVKY711ZDXDZ,Wed Jul 29 2026 12:59:11 GMT-0500 (Colombia Standard Time),Wed Jul 29 2026 12:59:11 GMT-0500 (Colombia Standard Time),,410,opt_01KYQGFHGFBQAPNW4YMJFWEG3Z,Default,Default
prod_01KYQGFMZY1DJSAEB42MQ0H306,yara-dama,YARA,,published,,Esencia inspirada en LATTAFA. Precio por gramo sin envase.,false,true,,pcol_01KYNF54AKSX3Y8RFNJ53P89S3,,,,,,,,,,Wed Jul 29 2026 12:59:13 GMT-0500 (Colombia Standard Time),Wed Jul 29 2026 12:59:13 GMT-0500 (Colombia Standard Time),,sc_01KYNCV8FSSEG8B1MQC4QC6DA2,sc_01KYNF4WREP6XDE0A8VADDBEN8,variant_01KYQGFPTJ1YKNP0QVSCS40RQK,Default,ess-142-M,,,,false,true,,,,,,,,,30,380,0,,prod_01KYQGFMZY1DJSAEB42MQ0H306,Wed Jul 29 2026 12:59:15 GMT-0500 (Colombia Standard Time),Wed Jul 29 2026 12:59:15 GMT-0500 (Colombia Standard Time),,400,opt_01KYQGFMZZQKM86B6P0X7BETZJ,Default,Default
prod_01KYQGFMZY6BSMB5D5BCBFJ3EW,360-coral-dama,360 ° CORAL,,published,,Esencia inspirada en PERRY ELLIS. Precio por gramo sin envase.,false,true,,pcol_01KYNF54AKSX3Y8RFNJ53P89S3,,,,,,,,,,Wed Jul 29 2026 12:59:13 GMT-0500 (Colombia Standard Time),Wed Jul 29 2026 12:59:13 GMT-0500 (Colombia Standard Time),,sc_01KYNCV8FSSEG8B1MQC4QC6DA2,sc_01KYNF4WREP6XDE0A8VADDBEN8,variant_01KYQGFPTKPNTRT1R0Z52K5F9A,Default,ess-145-M,,,,false,true,,,,,,,,,30,380,0,,prod_01KYQGFMZY6BSMB5D5BCBFJ3EW,Wed Jul 29 2026 12:59:15 GMT-0500 (Colombia Standard Time),Wed Jul 29 2026 12:59:15 GMT-0500 (Colombia Standard Time),,400,opt_01KYQGFMZZZGKHFE27B1R1N53A,Default,Default
prod_01KYQGFMZY8HTR9CFMT77C06G6,yara-moi-dama,YARA MOI,,published,,Esencia inspirada en LATTAFA. Precio por gramo sin envase.,false,true,,pcol_01KYNF54AKSX3Y8RFNJ53P89S3,,,,,,,,,,Wed Jul 29 2026 12:59:13 GMT-0500 (Colombia Standard Time),Wed Jul 29 2026 12:59:13 GMT-0500 (Colombia Standard Time),,sc_01KYNCV8FSSEG8B1MQC4QC6DA2,sc_01KYNF4WREP6XDE0A8VADDBEN8,variant_01KYQGFPTJDMNT7F3VFQQMZ708,Default,ess-143-M,,,,false,true,,,,,,,,,30,380,0,,prod_01KYQGFMZY8HTR9CFMT77C06G6,Wed Jul 29 2026 12:59:15 GMT-0500 (Colombia Standard Time),Wed Jul 29 2026 12:59:15 GMT-0500 (Colombia Standard Time),,400,opt_01KYQGFMZZAMF7D3MVDRMKY010,Default,Default
prod_01KYQGFMZY93KAMW5VXYVKMMR6,thank-u-next-dama,THANK U NEXT,,published,,Esencia inspirada en ARIANA GRANDE. Precio por gramo sin envase.,false,true,,pcol_01KYNF54AKSX3Y8RFNJ53P89S3,,,,,,,,,,Wed Jul 29 2026 12:59:13 GMT-0500 (Colombia Standard Time),Wed Jul 29 2026 12:59:13 GMT-0500 (Colombia Standard Time),,sc_01KYNCV8FSSEG8B1MQC4QC6DA2,sc_01KYNF4WREP6XDE0A8VADDBEN8,variant_01KYQGFPTJRYVRC59VBK6GDYST,Default,ess-141-M,,,,false,true,,,,,,,,,30,380,0,,prod_01KYQGFMZY93KAMW5VXYVKMMR6,Wed Jul 29 2026 12:59:15 GMT-0500 (Colombia Standard Time),Wed Jul 29 2026 12:59:15 GMT-0500 (Colombia Standard Time),,400,opt_01KYQGFMZZPEVRQKMW0F3AX2RK,Default,Default
prod_01KYQGFMZYJX902S5ZPJ87KA81,yara-tous-dama,YARA TOUS,,published,,Esencia inspirada en LATTAFA. Precio por gramo sin envase.,false,true,,pcol_01KYNF54AKSX3Y8RFNJ53P89S3,,,,,,,,,,Wed Jul 29 2026 12:59:13 GMT-0500 (Colombia Standard Time),Wed Jul 29 2026 12:59:13 GMT-0500 (Colombia Standard Time),,sc_01KYNCV8FSSEG8B1MQC4QC6DA2,sc_01KYNF4WREP6XDE0A8VADDBEN8,variant_01KYQGFPTJ2THN5B5VA3V21SV9,Default,ess-144-M,,,,false,true,,,,,,,,,30,380,0,,prod_01KYQGFMZYJX902S5ZPJ87KA81,Wed Jul 29 2026 12:59:15 GMT-0500 (Colombia Standard Time),Wed Jul 29 2026 12:59:15 GMT-0500 (Colombia Standard Time),,400,opt_01KYQGFMZZQEMDDTME61548X8W,Default,Default
prod_01KYQGFMZYRNFNKZZVQHN8WSNT,cloud-dama,CLOUD,,published,,Esencia inspirada en ARIANA GRANDE. Precio por gramo sin envase.,false,true,,pcol_01KYNF54AKSX3Y8RFNJ53P89S3,,,,,,,,,,Wed Jul 29 2026 12:59:13 GMT-0500 (Colombia Standard Time),Wed Jul 29 2026 12:59:13 GMT-0500 (Colombia Standard Time),,sc_01KYNCV8FSSEG8B1MQC4QC6DA2,sc_01KYNF4WREP6XDE0A8VADDBEN8,variant_01KYQGFPTJXNY4CQ9WGEHXQ8NB,Default,ess-140-M,,,,false,true,,,,,,,,,30,380,0,,prod_01KYQGFMZYRNFNKZZVQHN8WSNT,Wed Jul 29 2026 12:59:15 GMT-0500 (Colombia Standard Time),Wed Jul 29 2026 12:59:15 GMT-0500 (Colombia Standard Time),,400,opt_01KYQGFMZZBT2MFR9SCSA3GAX3,Default,Default
prod_01KYQGFMZZ0NW9F37KMNZ6BC8Y,amethyst-dama,AMETHYST,,published,,Esencia inspirada en LATTAFA. Precio por gramo sin envase.,false,true,,pcol_01KYNF54AKSX3Y8RFNJ53P89S3,,,,,,,,,,Wed Jul 29 2026 12:59:13 GMT-0500 (Colombia Standard Time),Wed Jul 29 2026 12:59:13 GMT-0500 (Colombia Standard Time),,sc_01KYNCV8FSSEG8B1MQC4QC6DA2,sc_01KYNF4WREP6XDE0A8VADDBEN8,variant_01KYQGFPTK46ZA5W0EBHKG47C1,Default,ess-147-M,,,,false,true,,,,,,,,,30,380,0,,prod_01KYQGFMZZ0NW9F37KMNZ6BC8Y,Wed Jul 29 2026 12:59:15 GMT-0500 (Colombia Standard Time),Wed Jul 29 2026 12:59:15 GMT-0500 (Colombia Standard Time),,400,opt_01KYQGFMZZ1E042E5PNQ6XB7G6,Default,Default
prod_01KYQGFMZZSYSRKY54CRVS5AB8,212-heroes-forever-young-dama,212 HEROES FOREVER YOUNG,,published,,Esencia inspirada en CAROLINA HERRERA. Precio por gramo sin envase.,false,true,,pcol_01KYNF54AKSX3Y8RFNJ53P89S3,,,,,,,,,,Wed Jul 29 2026 12:59:13 GMT-0500 (Colombia Standard Time),Wed Jul 29 2026 12:59:13 GMT-0500 (Colombia Standard Time),,sc_01KYNCV8FSSEG8B1MQC4QC6DA2,sc_01KYNF4WREP6XDE0A8VADDBEN8,variant_01KYQGFPTKKDT8PW0TE6BQQDPR,Default,ess-146-M,,,,false,true,,,,,,,,,30,390,0,,prod_01KYQGFMZZSYSRKY54CRVS5AB8,Wed Jul 29 2026 12:59:15 GMT-0500 (Colombia Standard Time),Wed Jul 29 2026 12:59:15 GMT-0500 (Colombia Standard Time),,410,opt_01KYQGFMZZBNC5QQ49E35FJXVX,Default,Default
prod_01KYQGFMZZWFMAY33X0TCN4VZW,bff-dama,BFF,,published,,Esencia inspirada en KIM KARDASHIAN. Precio por gramo sin envase.,false,true,,pcol_01KYNF54AKSX3Y8RFNJ53P89S3,,,,,,,,,,Wed Jul 29 2026 12:59:13 GMT-0500 (Colombia Standard Time),Wed Jul 29 2026 12:59:13 GMT-0500 (Colombia Standard Time),,sc_01KYNCV8FSSEG8B1MQC4QC6DA2,sc_01KYNF4WREP6XDE0A8VADDBEN8,variant_01KYQGFPTK04A4DJ27B7VDEG79,Default,ess-148-M,,,,false,true,,,,,,,,,30,380,0,,prod_01KYQGFMZZWFMAY33X0TCN4VZW,Wed Jul 29 2026 12:59:15 GMT-0500 (Colombia Standard Time),Wed Jul 29 2026 12:59:15 GMT-0500 (Colombia Standard Time),,400,opt_01KYQGFMZZYGPDSY32T8R30NS8,Default,Default
prod_01KYQGFMZZZWX7MK1BJX1B91B9,valentino-born-in-roma-dama,VALENTINO BORN IN ROMA,,published,,Esencia inspirada en VALENTINO. Precio por gramo sin envase.,false,true,,pcol_01KYNF54AKSX3Y8RFNJ53P89S3,,,,,,,,,,Wed Jul 29 2026 12:59:13 GMT-0500 (Colombia Standard Time),Wed Jul 29 2026 12:59:13 GMT-0500 (Colombia Standard Time),,sc_01KYNCV8FSSEG8B1MQC4QC6DA2,sc_01KYNF4WREP6XDE0A8VADDBEN8,variant_01KYQGFPTKCER6REKCYKJ1NNR2,Default,ess-149-M,,,,false,true,,,,,,,,,30,380,0,,prod_01KYQGFMZZZWX7MK1BJX1B91B9,Wed Jul 29 2026 12:59:15 GMT-0500 (Colombia Standard Time),Wed Jul 29 2026 12:59:15 GMT-0500 (Colombia Standard Time),,400,opt_01KYQGFMZZYN4ZWRDADGEKEXCZ,Default,Default
prod_01KYQGFRFAAABJ0KV7XF2FGWX8,eclaire-dama,ECLAIRE,,published,,Esencia inspirada en LATTAFA. Precio por gramo sin envase.,false,true,,pcol_01KYNF54AKSX3Y8RFNJ53P89S3,,,,,,,,,,Wed Jul 29 2026 12:59:17 GMT-0500 (Colombia Standard Time),Wed Jul 29 2026 12:59:17 GMT-0500 (Colombia Standard Time),,sc_01KYNCV8FSSEG8B1MQC4QC6DA2,sc_01KYNF4WREP6XDE0A8VADDBEN8,variant_01KYQGFT9ZDXHBTSGEJ7N4V085,Default,ess-152-M,,,,false,true,,,,,,,,,30,380,0,,prod_01KYQGFRFAAABJ0KV7XF2FGWX8,Wed Jul 29 2026 12:59:19 GMT-0500 (Colombia Standard Time),Wed Jul 29 2026 12:59:19 GMT-0500 (Colombia Standard Time),,400,opt_01KYQGFRFB9E3C83VD4NVAHHTS,Default,Default
prod_01KYQGFRFAC3X4PEMCVC5208GR,odyssey-dubai-chocolat-dama,ODYSSEY DUBAI CHOCOLAT,,published,,Esencia inspirada en ARMAF. Precio por gramo sin envase.,false,true,,pcol_01KYNF54AKSX3Y8RFNJ53P89S3,,,,,,,,,,Wed Jul 29 2026 12:59:17 GMT-0500 (Colombia Standard Time),Wed Jul 29 2026 12:59:17 GMT-0500 (Colombia Standard Time),,sc_01KYNCV8FSSEG8B1MQC4QC6DA2,sc_01KYNF4WREP6XDE0A8VADDBEN8,variant_01KYQGFT9ZZ3HXDNXM189GBG1A,Default,ess-154-M,,,,false,true,,,,,,,,,30,390,0,,prod_01KYQGFRFAC3X4PEMCVC5208GR,Wed Jul 29 2026 12:59:19 GMT-0500 (Colombia Standard Time),Wed Jul 29 2026 12:59:19 GMT-0500 (Colombia Standard Time),,410,opt_01KYQGFRFBKJVQT4DDR6VTB1WP,Default,Default
prod_01KYQGFRFANHPSZB4E25VRG9VX,yum-yum-dama,YUM YUM,,published,,Esencia inspirada en ARMAF. Precio por gramo sin envase.,false,true,,pcol_01KYNF54AKSX3Y8RFNJ53P89S3,,,,,,,,,,Wed Jul 29 2026 12:59:17 GMT-0500 (Colombia Standard Time),Wed Jul 29 2026 12:59:17 GMT-0500 (Colombia Standard Time),,sc_01KYNCV8FSSEG8B1MQC4QC6DA2,sc_01KYNF4WREP6XDE0A8VADDBEN8,variant_01KYQGFT9ZDYJYWAB02RN9AB5A,Default,ess-153-M,,,,false,true,,,,,,,,,30,380,0,,prod_01KYQGFRFANHPSZB4E25VRG9VX,Wed Jul 29 2026 12:59:19 GMT-0500 (Colombia Standard Time),Wed Jul 29 2026 12:59:19 GMT-0500 (Colombia Standard Time),,400,opt_01KYQGFRFB0ZQDS3VRNMGQJ1Y1,Default,Default
prod_01KYQGFRFAP7AYX0D54WNSMC36,burberry-her-dama,BURBERRY HER,,published,,Esencia inspirada en BURBERRY. Precio por gramo sin envase.,false,true,,pcol_01KYNF54AKSX3Y8RFNJ53P89S3,,,,,,,,,,Wed Jul 29 2026 12:59:17 GMT-0500 (Colombia Standard Time),Wed Jul 29 2026 12:59:17 GMT-0500 (Colombia Standard Time),,sc_01KYNCV8FSSEG8B1MQC4QC6DA2,sc_01KYNF4WREP6XDE0A8VADDBEN8,variant_01KYQGFT9ZKH9M0GZS758H8JR0,Default,ess-151-M,,,,false,true,,,,,,,,,30,380,0,,prod_01KYQGFRFAP7AYX0D54WNSMC36,Wed Jul 29 2026 12:59:19 GMT-0500 (Colombia Standard Time),Wed Jul 29 2026 12:59:19 GMT-0500 (Colombia Standard Time),,400,opt_01KYQGFRFB6DKQM2YRMH51S14H,Default,Default
prod_01KYQGFRFAQHE97EX0FXDCS70F,yara-candy-dama,YARA CANDY,,published,,Esencia inspirada en LATTAFA. Precio por gramo sin envase.,false,true,,pcol_01KYNF54AKSX3Y8RFNJ53P89S3,,,,,,,,,,Wed Jul 29 2026 12:59:17 GMT-0500 (Colombia Standard Time),Wed Jul 29 2026 12:59:17 GMT-0500 (Colombia Standard Time),,sc_01KYNCV8FSSEG8B1MQC4QC6DA2,sc_01KYNF4WREP6XDE0A8VADDBEN8,variant_01KYQGFT9ZBWFQGPVAGMSQ8SXJ,Default,ess-150-M,,,,false,true,,,,,,,,,30,380,0,,prod_01KYQGFRFAQHE97EX0FXDCS70F,Wed Jul 29 2026 12:59:19 GMT-0500 (Colombia Standard Time),Wed Jul 29 2026 12:59:19 GMT-0500 (Colombia Standard Time),,400,opt_01KYQGFRFBP0PF5NMFS2FEZMYP,Default,Default
prod_01KYQGFRFB45X2HMZDQQ0F61AR,loquito-por-ti-dama,LOQUITO POR TI,,published,,Esencia inspirada en DIESEL. Precio por gramo sin envase.,false,true,,pcol_01KYNF54AKSX3Y8RFNJ53P89S3,,,,,,,,,,Wed Jul 29 2026 12:59:17 GMT-0500 (Colombia Standard Time),Wed Jul 29 2026 12:59:17 GMT-0500 (Colombia Standard Time),,sc_01KYNCV8FSSEG8B1MQC4QC6DA2,sc_01KYNF4WREP6XDE0A8VADDBEN8,variant_01KYQGFT9ZEKN6296GRWA7C7NC,Default,ess-156-M,,,,false,true,,,,,,,,,30,399,0,,prod_01KYQGFRFB45X2HMZDQQ0F61AR,Wed Jul 29 2026 12:59:19 GMT-0500 (Colombia Standard Time),Wed Jul 29 2026 12:59:19 GMT-0500 (Colombia Standard Time),,420,opt_01KYQGFRFB5SWERDSJQB3CCEXC,Default,Default
prod_01KYQGFRFBN3V0FABTR49WQA4M,berry-on-top-dama,BERRY ON TOP,,published,,Esencia inspirada en LATTAFA. Precio por gramo sin envase.,false,true,,pcol_01KYNF54AKSX3Y8RFNJ53P89S3,,,,,,,,,,Wed Jul 29 2026 12:59:17 GMT-0500 (Colombia Standard Time),Wed Jul 29 2026 12:59:17 GMT-0500 (Colombia Standard Time),,sc_01KYNCV8FSSEG8B1MQC4QC6DA2,sc_01KYNF4WREP6XDE0A8VADDBEN8,variant_01KYQGFTA0714K1NQ43XRXJRRW,Default,ess-157-M,,,,false,true,,,,,,,,,30,390,0,,prod_01KYQGFRFBN3V0FABTR49WQA4M,Wed Jul 29 2026 12:59:19 GMT-0500 (Colombia Standard Time),Wed Jul 29 2026 12:59:19 GMT-0500 (Colombia Standard Time),,410,opt_01KYQGFRFBDTREBW2FK55YYFRK,Default,Default
prod_01KYQGFRFBQZYW0JZ4GENBJ1VT,la-bomba-dama,LA BOMBA,,published,,Esencia inspirada en CAROLINA HERRERA. Precio por gramo sin envase.,false,true,,pcol_01KYNF54AKSX3Y8RFNJ53P89S3,,,,,,,,,,Wed Jul 29 2026 12:59:17 GMT-0500 (Colombia Standard Time),Wed Jul 29 2026 12:59:17 GMT-0500 (Colombia Standard Time),,sc_01KYNCV8FSSEG8B1MQC4QC6DA2,sc_01KYNF4WREP6XDE0A8VADDBEN8,variant_01KYQGFT9ZE804MKGAQ5BK2DDE,Default,ess-155-M,,,,false,true,,,,,,,,,30,390,0,,prod_01KYQGFRFBQZYW0JZ4GENBJ1VT,Wed Jul 29 2026 12:59:19 GMT-0500 (Colombia Standard Time),Wed Jul 29 2026 12:59:19 GMT-0500 (Colombia Standard Time),,410,opt_01KYQGFRFB5QGDEKRDVW2N6HTR,Default,Default
prod_01KYQGFRFBVBVPH5TFZ5XK552B,whipped-pleasure-dama,WHIPPED PLEASURE,,published,,Esencia inspirada en LATTAFA. Precio por gramo sin envase.,false,true,,pcol_01KYNF54AKSX3Y8RFNJ53P89S3,,,,,,,,,,Wed Jul 29 2026 12:59:17 GMT-0500 (Colombia Standard Time),Wed Jul 29 2026 12:59:17 GMT-0500 (Colombia Standard Time),,sc_01KYNCV8FSSEG8B1MQC4QC6DA2,sc_01KYNF4WREP6XDE0A8VADDBEN8,variant_01KYQGFTA06BR2WNPZQMKPPQPP,Default,ess-159-M,,,,false,true,,,,,,,,,30,390,0,,prod_01KYQGFRFBVBVPH5TFZ5XK552B,Wed Jul 29 2026 12:59:19 GMT-0500 (Colombia Standard Time),Wed Jul 29 2026 12:59:19 GMT-0500 (Colombia Standard Time),,410,opt_01KYQGFRFBDAV57AX5ZNG75416,Default,Default
prod_01KYQGFRFBVFCDGFHBWGEXYQHY,cookie-crave-dama,COOKIE CRAVE,,published,,Esencia inspirada en LATTAFA. Precio por gramo sin envase.,false,true,,pcol_01KYNF54AKSX3Y8RFNJ53P89S3,,,,,,,,,,Wed Jul 29 2026 12:59:17 GMT-0500 (Colombia Standard Time),Wed Jul 29 2026 12:59:17 GMT-0500 (Colombia Standard Time),,sc_01KYNCV8FSSEG8B1MQC4QC6DA2,sc_01KYNF4WREP6XDE0A8VADDBEN8,variant_01KYQGFTA02T0P4EE1NV1QC19X,Default,ess-158-M,,,,false,true,,,,,,,,,30,390,0,,prod_01KYQGFRFBVFCDGFHBWGEXYQHY,Wed Jul 29 2026 12:59:19 GMT-0500 (Colombia Standard Time),Wed Jul 29 2026 12:59:19 GMT-0500 (Colombia Standard Time),,410,opt_01KYQGFRFB7S8T1E031S8K9Q4E,Default,Default
prod_01KYQGFVYZ0TFCSY3WNV03TJD6,ck-one-unisex-caballero,"CK ONE ""UNISEX""",,published,,Esencia inspirada en CALVIN KLEIN. Precio por gramo sin envase.,false,true,,pcol_01KYNF54AKSX3Y8RFNJ53P89S3,,,,,,,,,,Wed Jul 29 2026 12:59:20 GMT-0500 (Colombia Standard Time),Wed Jul 29 2026 12:59:20 GMT-0500 (Colombia Standard Time),,sc_01KYNCV8FSSEG8B1MQC4QC6DA2,sc_01KYNF4WREP6XDE0A8VADDBEN8,variant_01KYQGFXSMZJFS4ZBGXZQNKXKM,Default,ess-8-H,,,,false,true,,,,,,,,,30,380,0,,prod_01KYQGFVYZ0TFCSY3WNV03TJD6,Wed Jul 29 2026 12:59:22 GMT-0500 (Colombia Standard Time),Wed Jul 29 2026 12:59:22 GMT-0500 (Colombia Standard Time),,400,opt_01KYQGFVYZNED9T4192SQDM1WN,Default,Default
prod_01KYQGFVYZ235BZFF84MPABFH6,cool-water-caballero,COOL WATER,,published,,Esencia inspirada en DAVIDOFF. Precio por gramo sin envase.,false,true,,pcol_01KYNF54AKSX3Y8RFNJ53P89S3,,,,,,,,,,Wed Jul 29 2026 12:59:20 GMT-0500 (Colombia Standard Time),Wed Jul 29 2026 12:59:20 GMT-0500 (Colombia Standard Time),,sc_01KYNCV8FSSEG8B1MQC4QC6DA2,sc_01KYNF4WREP6XDE0A8VADDBEN8,variant_01KYQGFXSMZK9VGR5CRJY2AEZR,Default,ess-9-H,,,,false,true,,,,,,,,,30,390,0,,prod_01KYQGFVYZ235BZFF84MPABFH6,Wed Jul 29 2026 12:59:22 GMT-0500 (Colombia Standard Time),Wed Jul 29 2026 12:59:22 GMT-0500 (Colombia Standard Time),,410,opt_01KYQGFVYZDZ2CCAXK3QV24PN7,Default,Default
prod_01KYQGFVYZ3HYKJKDHN4SN1SYW,blue-label-caballero,BLUE LABEL,,published,,Esencia inspirada en GIVENCHY. Precio por gramo sin envase.,false,true,,pcol_01KYNF54AKSX3Y8RFNJ53P89S3,,,,,,,,,,Wed Jul 29 2026 12:59:20 GMT-0500 (Colombia Standard Time),Wed Jul 29 2026 12:59:20 GMT-0500 (Colombia Standard Time),,sc_01KYNCV8FSSEG8B1MQC4QC6DA2,sc_01KYNF4WREP6XDE0A8VADDBEN8,variant_01KYQGFXSM4DFHK8KX3AKDYY5X,Default,ess-4-H,,,,false,true,,,,,,,,,30,390,0,,prod_01KYQGFVYZ3HYKJKDHN4SN1SYW,Wed Jul 29 2026 12:59:22 GMT-0500 (Colombia Standard Time),Wed Jul 29 2026 12:59:22 GMT-0500 (Colombia Standard Time),,410,opt_01KYQGFVYZHNXYVQKFF24TFJZF,Default,Default
prod_01KYQGFVYZ5ESPNKK2GDK8GYNN,euphoria-caballero,EUPHORIA,,published,,Esencia inspirada en CALVIN KLEIN. Precio por gramo sin envase.,false,true,,pcol_01KYNF54AKSX3Y8RFNJ53P89S3,,,,,,,,,,Wed Jul 29 2026 12:59:20 GMT-0500 (Colombia Standard Time),Wed Jul 29 2026 12:59:20 GMT-0500 (Colombia Standard Time),,sc_01KYNCV8FSSEG8B1MQC4QC6DA2,sc_01KYNF4WREP6XDE0A8VADDBEN8,variant_01KYQGFXSMB9M5BCVQ6781VG7F,Default,ess-11-H,,,,false,true,,,,,,,,,30,390,0,,prod_01KYQGFVYZ5ESPNKK2GDK8GYNN,Wed Jul 29 2026 12:59:22 GMT-0500 (Colombia Standard Time),Wed Jul 29 2026 12:59:22 GMT-0500 (Colombia Standard Time),,410,opt_01KYQGFVYZWK6J5R0FR6CBHEQF,Default,Default
prod_01KYQGFVYZAPFJSZ1YE0T59WRK,allure-sport-caballero,ALLURE SPORT,,published,,Esencia inspirada en CHANEL. Precio por gramo sin envase.,false,true,,pcol_01KYNF54AKSX3Y8RFNJ53P89S3,,,,,,,,,,Wed Jul 29 2026 12:59:20 GMT-0500 (Colombia Standard Time),Wed Jul 29 2026 12:59:20 GMT-0500 (Colombia Standard Time),,sc_01KYNCV8FSSEG8B1MQC4QC6DA2,sc_01KYNF4WREP6XDE0A8VADDBEN8,variant_01KYQGFXSMA2N9GNXN1YFAM4NK,Default,ess-1-H,,,,false,true,,,,,,,,,30,390,0,,prod_01KYQGFVYZAPFJSZ1YE0T59WRK,Wed Jul 29 2026 12:59:22 GMT-0500 (Colombia Standard Time),Wed Jul 29 2026 12:59:22 GMT-0500 (Colombia Standard Time),,410,opt_01KYQGFVYZ47827F3VERRR9Q6Y,Default,Default
prod_01KYQGFVYZDFXF71SFMEM43RBE,eternity-caballero,ETERNITY,,published,,Esencia inspirada en CALVIN KLEIN. Precio por gramo sin envase.,false,true,,pcol_01KYNF54AKSX3Y8RFNJ53P89S3,,,,,,,,,,Wed Jul 29 2026 12:59:20 GMT-0500 (Colombia Standard Time),Wed Jul 29 2026 12:59:20 GMT-0500 (Colombia Standard Time),,sc_01KYNCV8FSSEG8B1MQC4QC6DA2,sc_01KYNF4WREP6XDE0A8VADDBEN8,variant_01KYQGFXSMBRW4R016VYN31XVJ,Default,ess-10-H,,,,false,true,,,,,,,,,30,380,0,,prod_01KYQGFVYZDFXF71SFMEM43RBE,Wed Jul 29 2026 12:59:22 GMT-0500 (Colombia Standard Time),Wed Jul 29 2026 12:59:22 GMT-0500 (Colombia Standard Time),,400,opt_01KYQGFVYZFWJVFXZYN8APMFSM,Default,Default
prod_01KYQGFVYZK073NT3E9AB7D3XB,carolina-herrera-caballero,CAROLINA HERRERA,,published,,Esencia inspirada en CAROLINA HERRERA. Precio por gramo sin envase.,false,true,,pcol_01KYNF54AKSX3Y8RFNJ53P89S3,,,,,,,,,,Wed Jul 29 2026 12:59:20 GMT-0500 (Colombia Standard Time),Wed Jul 29 2026 12:59:20 GMT-0500 (Colombia Standard Time),,sc_01KYNCV8FSSEG8B1MQC4QC6DA2,sc_01KYNF4WREP6XDE0A8VADDBEN8,variant_01KYQGFXSMZH5NX0HH6ET7CT7F,Default,ess-7-H,,,,false,true,,,,,,,,,30,390,0,,prod_01KYQGFVYZK073NT3E9AB7D3XB,Wed Jul 29 2026 12:59:22 GMT-0500 (Colombia Standard Time),Wed Jul 29 2026 12:59:22 GMT-0500 (Colombia Standard Time),,410,opt_01KYQGFVYZ29M84P2ASHH2ZS0V,Default,Default
prod_01KYQGFVYZMNS00T92E4WQQ3FM,azzaro-caballero,AZZARO,,published,,Esencia inspirada en LORIS AZZARO. Precio por gramo sin envase.,false,true,,pcol_01KYNF54AKSX3Y8RFNJ53P89S3,,,,,,,,,,Wed Jul 29 2026 12:59:20 GMT-0500 (Colombia Standard Time),Wed Jul 29 2026 12:59:20 GMT-0500 (Colombia Standard Time),,sc_01KYNCV8FSSEG8B1MQC4QC6DA2,sc_01KYNF4WREP6XDE0A8VADDBEN8,variant_01KYQGFXSMCXCN36H2S6WXW101,Default,ess-3-H,,,,false,true,,,,,,,,,30,390,0,,prod_01KYQGFVYZMNS00T92E4WQQ3FM,Wed Jul 29 2026 12:59:22 GMT-0500 (Colombia Standard Time),Wed Jul 29 2026 12:59:22 GMT-0500 (Colombia Standard Time),,410,opt_01KYQGFVYZ61APXGNJZGATMFN6,Default,Default
prod_01KYQGFVYZR8VCE7R5K4VHC1SV,animale-caballero,ANIMALE,,published,,Esencia inspirada en ANIMALE. Precio por gramo sin envase.,false,true,,pcol_01KYNF54AKSX3Y8RFNJ53P89S3,,,,,,,,,,Wed Jul 29 2026 12:59:20 GMT-0500 (Colombia Standard Time),Wed Jul 29 2026 12:59:20 GMT-0500 (Colombia Standard Time),,sc_01KYNCV8FSSEG8B1MQC4QC6DA2,sc_01KYNF4WREP6XDE0A8VADDBEN8,variant_01KYQGFXSMFD0AQPY6B0V5NDYE,Default,ess-2-H,,,,false,true,,,,,,,,,30,390,0,,prod_01KYQGFVYZR8VCE7R5K4VHC1SV,Wed Jul 29 2026 12:59:22 GMT-0500 (Colombia Standard Time),Wed Jul 29 2026 12:59:22 GMT-0500 (Colombia Standard Time),,410,opt_01KYQGFVYZXYX7P7WRD7MQEX7E,Default,Default
prod_01KYQGFVYZVE6PZ3YY2DMQJ3EM,boss-in-motion-caballero,BOSS IN MOTION,,published,,Esencia inspirada en HUGO BOSS. Precio por gramo sin envase.,false,true,,pcol_01KYNF54AKSX3Y8RFNJ53P89S3,,,,,,,,,,Wed Jul 29 2026 12:59:20 GMT-0500 (Colombia Standard Time),Wed Jul 29 2026 12:59:20 GMT-0500 (Colombia Standard Time),,sc_01KYNCV8FSSEG8B1MQC4QC6DA2,sc_01KYNF4WREP6XDE0A8VADDBEN8,variant_01KYQGFXSM2NVJ8FY8TRGGE7AF,Default,ess-5-H,,,,false,true,,,,,,,,,30,390,0,,prod_01KYQGFVYZVE6PZ3YY2DMQJ3EM,Wed Jul 29 2026 12:59:22 GMT-0500 (Colombia Standard Time),Wed Jul 29 2026 12:59:22 GMT-0500 (Colombia Standard Time),,410,opt_01KYQGFVYZ9JJEFCPCN78E03A7,Default,Default
prod_01KYQGFZEJ0ERG42D95WVS8CFC,ferrari-black-caballero,FERRARI BLACK,,published,,Esencia inspirada en FERRARI. Precio por gramo sin envase.,false,true,,pcol_01KYNF54AKSX3Y8RFNJ53P89S3,,,,,,,,,,Wed Jul 29 2026 12:59:24 GMT-0500 (Colombia Standard Time),Wed Jul 29 2026 12:59:24 GMT-0500 (Colombia Standard Time),,sc_01KYNCV8FSSEG8B1MQC4QC6DA2,sc_01KYNF4WREP6XDE0A8VADDBEN8,variant_01KYQGG18Y3RGFG2R6JENZFRGM,Default,ess-13-H,,,,false,true,,,,,,,,,30,380,0,,prod_01KYQGFZEJ0ERG42D95WVS8CFC,Wed Jul 29 2026 12:59:26 GMT-0500 (Colombia Standard Time),Wed Jul 29 2026 12:59:26 GMT-0500 (Colombia Standard Time),,400,opt_01KYQGFZEKEJ40BAJACZ2QAMHF,Default,Default
prod_01KYQGFZEJ5P7X1F5GYG6M1GDT,gucci-guilty-caballero,GUCCI GUILTY,,published,,Esencia inspirada en GUCCI. Precio por gramo sin envase.,false,true,,pcol_01KYNF54AKSX3Y8RFNJ53P89S3,,,,,,,,,,Wed Jul 29 2026 12:59:24 GMT-0500 (Colombia Standard Time),Wed Jul 29 2026 12:59:24 GMT-0500 (Colombia Standard Time),,sc_01KYNCV8FSSEG8B1MQC4QC6DA2,sc_01KYNF4WREP6XDE0A8VADDBEN8,variant_01KYQGG18Y591N84XPJNKWW7C6,Default,ess-14-H,,,,false,true,,,,,,,,,30,390,0,,prod_01KYQGFZEJ5P7X1F5GYG6M1GDT,Wed Jul 29 2026 12:59:26 GMT-0500 (Colombia Standard Time),Wed Jul 29 2026 12:59:26 GMT-0500 (Colombia Standard Time),,410,opt_01KYQGFZEKXB1PYY2TRQ8718KC,Default,Default
prod_01KYQGFZEJ6FJ30ZCZNJB47RFX,happy-caballero,HAPPY,,published,,Esencia inspirada en CLINIQUE. Precio por gramo sin envase.,false,true,,pcol_01KYNF54AKSX3Y8RFNJ53P89S3,,,,,,,,,,Wed Jul 29 2026 12:59:24 GMT-0500 (Colombia Standard Time),Wed Jul 29 2026 12:59:24 GMT-0500 (Colombia Standard Time),,sc_01KYNCV8FSSEG8B1MQC4QC6DA2,sc_01KYNF4WREP6XDE0A8VADDBEN8,variant_01KYQGG18Y7C2KCVPA6J63XC5Z,Default,ess-16-H,,,,false,true,,,,,,,,,30,390,0,,prod_01KYQGFZEJ6FJ30ZCZNJB47RFX,Wed Jul 29 2026 12:59:26 GMT-0500 (Colombia Standard Time),Wed Jul 29 2026 12:59:26 GMT-0500 (Colombia Standard Time),,410,opt_01KYQGFZEK4N2SPTMFAPBHJTAC,Default,Default
prod_01KYQGFZEJ7Z68K9ZK3J42KT2D,hugo-caballero,HUGO,,published,,Esencia inspirada en HUGO BOSS. Precio por gramo sin envase.,false,true,,pcol_01KYNF54AKSX3Y8RFNJ53P89S3,,,,,,,,,,Wed Jul 29 2026 12:59:24 GMT-0500 (Colombia Standard Time),Wed Jul 29 2026 12:59:24 GMT-0500 (Colombia Standard Time),,sc_01KYNCV8FSSEG8B1MQC4QC6DA2,sc_01KYNF4WREP6XDE0A8VADDBEN8,variant_01KYQGG18YXT4EA284XP88ZG73,Default,ess-17-H,,,,false,true,,,,,,,,,30,380,0,,prod_01KYQGFZEJ7Z68K9ZK3J42KT2D,Wed Jul 29 2026 12:59:26 GMT-0500 (Colombia Standard Time),Wed Jul 29 2026 12:59:26 GMT-0500 (Colombia Standard Time),,400,opt_01KYQGFZEK7GJSPKYZBAGX2D36,Default,Default
prod_01KYQGFZEJ8BVYPMBRWE01ZYS8,escape-caballero,ESCAPE,,published,,Esencia inspirada en CALVIN KLEIN. Precio por gramo sin envase.,false,true,,pcol_01KYNF54AKSX3Y8RFNJ53P89S3,,,,,,,,,,Wed Jul 29 2026 12:59:24 GMT-0500 (Colombia Standard Time),Wed Jul 29 2026 12:59:24 GMT-0500 (Colombia Standard Time),,sc_01KYNCV8FSSEG8B1MQC4QC6DA2,sc_01KYNF4WREP6XDE0A8VADDBEN8,variant_01KYQGG18YMYTQAAZG8JBA8SF1,Default,ess-15-H,,,,false,true,,,,,,,,,30,390,0,,prod_01KYQGFZEJ8BVYPMBRWE01ZYS8,Wed Jul 29 2026 12:59:26 GMT-0500 (Colombia Standard Time),Wed Jul 29 2026 12:59:26 GMT-0500 (Colombia Standard Time),,410,opt_01KYQGFZEKSZ8X4WH4KE9R18RA,Default,Default
prod_01KYQGFZEJEK9DCBB6GGWRNNRG,invictus-caballero,INVICTUS,,published,,Esencia inspirada en PACO RABANNE. Precio por gramo sin envase.,false,true,,pcol_01KYNF54AKSX3Y8RFNJ53P89S3,,,,,,,,,,Wed Jul 29 2026 12:59:24 GMT-0500 (Colombia Standard Time),Wed Jul 29 2026 12:59:24 GMT-0500 (Colombia Standard Time),,sc_01KYNCV8FSSEG8B1MQC4QC6DA2,sc_01KYNF4WREP6XDE0A8VADDBEN8,variant_01KYQGG18YTBWZ4T4EP7WAK796,Default,ess-20-H,,,,false,true,,,,,,,,,30,380,0,,prod_01KYQGFZEJEK9DCBB6GGWRNNRG,Wed Jul 29 2026 12:59:26 GMT-0500 (Colombia Standard Time),Wed Jul 29 2026 12:59:26 GMT-0500 (Colombia Standard Time),,400,opt_01KYQGFZEKKHXQ3HK6DA1DRBP5,Default,Default
prod_01KYQGFZEJNR5BGXRSV8FYZKB6,fahrenheit-caballero,FAHRENHEIT,,published,,Esencia inspirada en CHRISTIAN DIOR. Precio por gramo sin envase.,false,true,,pcol_01KYNF54AKSX3Y8RFNJ53P89S3,,,,,,,,,,Wed Jul 29 2026 12:59:24 GMT-0500 (Colombia Standard Time),Wed Jul 29 2026 12:59:24 GMT-0500 (Colombia Standard Time),,sc_01KYNCV8FSSEG8B1MQC4QC6DA2,sc_01KYNF4WREP6XDE0A8VADDBEN8,variant_01KYQGG18XRQ834M3VC35ZCP7Y,Default,ess-12-H,,,,false,true,,,,,,,,,30,380,0,,prod_01KYQGFZEJNR5BGXRSV8FYZKB6,Wed Jul 29 2026 12:59:26 GMT-0500 (Colombia Standard Time),Wed Jul 29 2026 12:59:26 GMT-0500 (Colombia Standard Time),,400,opt_01KYQGFZEKJF2PP8GY07DR12V7,Default,Default
prod_01KYQGFZEJPVQ4G115STWVY6WF,oscar-caballero,OSCAR,,published,,Esencia inspirada en OSCAR DE LA RENTA. Precio por gramo sin envase.,false,true,,pcol_01KYNF54AKSX3Y8RFNJ53P89S3,,,,,,,,,,Wed Jul 29 2026 12:59:24 GMT-0500 (Colombia Standard Time),Wed Jul 29 2026 12:59:24 GMT-0500 (Colombia Standard Time),,sc_01KYNCV8FSSEG8B1MQC4QC6DA2,sc_01KYNF4WREP6XDE0A8VADDBEN8,variant_01KYQGG18Y348GDGYNERKFVN1K,Default,ess-18-H,,,,false,true,,,,,,,,,30,380,0,,prod_01KYQGFZEJPVQ4G115STWVY6WF,Wed Jul 29 2026 12:59:26 GMT-0500 (Colombia Standard Time),Wed Jul 29 2026 12:59:26 GMT-0500 (Colombia Standard Time),,400,opt_01KYQGFZEK194QV8AAAATB6ZZD,Default,Default
prod_01KYQGFZEKCD3889891TG85WS4,lacoste-red-caballero,LACOSTE RED,,published,,Esencia inspirada en LACOSTE. Precio por gramo sin envase.,false,true,,pcol_01KYNF54AKSX3Y8RFNJ53P89S3,,,,,,,,,,Wed Jul 29 2026 12:59:24 GMT-0500 (Colombia Standard Time),Wed Jul 29 2026 12:59:24 GMT-0500 (Colombia Standard Time),,sc_01KYNCV8FSSEG8B1MQC4QC6DA2,sc_01KYNF4WREP6XDE0A8VADDBEN8,variant_01KYQGG18Y70VJBXXK2593KKSZ,Default,ess-22-H,,,,false,true,,,,,,,,,30,380,0,,prod_01KYQGFZEKCD3889891TG85WS4,Wed Jul 29 2026 12:59:26 GMT-0500 (Colombia Standard Time),Wed Jul 29 2026 12:59:26 GMT-0500 (Colombia Standard Time),,400,opt_01KYQGFZEKSB4H3NG9TBRPNS85,Default,Default
prod_01KYQGFZEKEZS7SSW9D19G9H3M,lacoste-essential-caballero,LACOSTE ESSENTIAL,,published,,Esencia inspirada en LACOSTE. Precio por gramo sin envase.,false,true,,pcol_01KYNF54AKSX3Y8RFNJ53P89S3,,,,,,,,,,Wed Jul 29 2026 12:59:24 GMT-0500 (Colombia Standard Time),Wed Jul 29 2026 12:59:24 GMT-0500 (Colombia Standard Time),,sc_01KYNCV8FSSEG8B1MQC4QC6DA2,sc_01KYNF4WREP6XDE0A8VADDBEN8,variant_01KYQGG18YB582YVEXTS7G9GM8,Default,ess-21-H,,,,false,true,,,,,,,,,30,390,0,,prod_01KYQGFZEKEZS7SSW9D19G9H3M,Wed Jul 29 2026 12:59:26 GMT-0500 (Colombia Standard Time),Wed Jul 29 2026 12:59:26 GMT-0500 (Colombia Standard Time),,410,opt_01KYQGFZEKWDQCV4AVGRMBBVAR,Default,Default
prod_01KYQGG2XY0YTP30W7FSPBFNRC,lacoste-blanc-caballero,LACOSTE BLANC,,published,,Esencia inspirada en LACOSTE. Precio por gramo sin envase.,false,true,,pcol_01KYNF54AKSX3Y8RFNJ53P89S3,,,,,,,,,,Wed Jul 29 2026 12:59:27 GMT-0500 (Colombia Standard Time),Wed Jul 29 2026 12:59:27 GMT-0500 (Colombia Standard Time),,sc_01KYNCV8FSSEG8B1MQC4QC6DA2,sc_01KYNF4WREP6XDE0A8VADDBEN8,variant_01KYQGG4RBSK9P2XSPYMYEMQSV,Default,ess-24-H,,,,false,true,,,,,,,,,30,380,0,,prod_01KYQGG2XY0YTP30W7FSPBFNRC,Wed Jul 29 2026 12:59:29 GMT-0500 (Colombia Standard Time),Wed Jul 29 2026 12:59:29 GMT-0500 (Colombia Standard Time),,400,opt_01KYQGG2XZGKDAJP4G5HK7BDN7,Default,Default
prod_01KYQGG2XY6BXN2F2NVSNPZDJV,lapidus-caballero,LAPIDUS,,published,,Esencia inspirada en LAPIDUS. Precio por gramo sin envase.,false,true,,pcol_01KYNF54AKSX3Y8RFNJ53P89S3,,,,,,,,,,Wed Jul 29 2026 12:59:27 GMT-0500 (Colombia Standard Time),Wed Jul 29 2026 12:59:27 GMT-0500 (Colombia Standard Time),,sc_01KYNCV8FSSEG8B1MQC4QC6DA2,sc_01KYNF4WREP6XDE0A8VADDBEN8,variant_01KYQGG4RBDE7HFY790SB3HDCR,Default,ess-25-H,,,,false,true,,,,,,,,,30,380,0,,prod_01KYQGG2XY6BXN2F2NVSNPZDJV,Wed Jul 29 2026 12:59:29 GMT-0500 (Colombia Standard Time),Wed Jul 29 2026 12:59:29 GMT-0500 (Colombia Standard Time),,400,opt_01KYQGG2XZ5MBBV30276J7XPHD,Default,Default
prod_01KYQGG2XYAENQSN92W6V20EX5,lacoste-rouge-caballero,LACOSTE ROUGE,,published,,Esencia inspirada en LACOSTE. Precio por gramo sin envase.,false,true,,pcol_01KYNF54AKSX3Y8RFNJ53P89S3,,,,,,,,,,Wed Jul 29 2026 12:59:27 GMT-0500 (Colombia Standard Time),Wed Jul 29 2026 12:59:27 GMT-0500 (Colombia Standard Time),,sc_01KYNCV8FSSEG8B1MQC4QC6DA2,sc_01KYNF4WREP6XDE0A8VADDBEN8,variant_01KYQGG4RB7ZS7QC83HS1JS61B,Default,ess-23-H,,,,false,true,,,,,,,,,30,390,0,,prod_01KYQGG2XYAENQSN92W6V20EX5,Wed Jul 29 2026 12:59:29 GMT-0500 (Colombia Standard Time),Wed Jul 29 2026 12:59:29 GMT-0500 (Colombia Standard Time),,410,opt_01KYQGG2XZFV7VHK7W25DAQCNB,Default,Default
prod_01KYQGG2XZ89G9GDRRA4WPX10B,polo-red-caballero,POLO RED,,published,,Esencia inspirada en RALPH LAUREN. Precio por gramo sin envase.,false,true,,pcol_01KYNF54AKSX3Y8RFNJ53P89S3,,,,,,,,,,Wed Jul 29 2026 12:59:27 GMT-0500 (Colombia Standard Time),Wed Jul 29 2026 12:59:27 GMT-0500 (Colombia Standard Time),,sc_01KYNCV8FSSEG8B1MQC4QC6DA2,sc_01KYNF4WREP6XDE0A8VADDBEN8,variant_01KYQGG4RCST7TB5GYH5TXDYA1,Default,ess-33-H,,,,false,true,,,,,,,,,30,380,0,,prod_01KYQGG2XZ89G9GDRRA4WPX10B,Wed Jul 29 2026 12:59:29 GMT-0500 (Colombia Standard Time),Wed Jul 29 2026 12:59:29 GMT-0500 (Colombia Standard Time),,400,opt_01KYQGG2XZRCKFY89HTCFDF2DT,Default,Default
prod_01KYQGG2XZB3QP4P7AC9R4D8ZW,obsession-caballero,OBSESSION,,published,,Esencia inspirada en CALVIN KLEIN. Precio por gramo sin envase.,false,true,,pcol_01KYNF54AKSX3Y8RFNJ53P89S3,,,,,,,,,,Wed Jul 29 2026 12:59:27 GMT-0500 (Colombia Standard Time),Wed Jul 29 2026 12:59:27 GMT-0500 (Colombia Standard Time),,sc_01KYNCV8FSSEG8B1MQC4QC6DA2,sc_01KYNF4WREP6XDE0A8VADDBEN8,variant_01KYQGG4RCZXKCW1NKBMNCF7RA,Default,ess-29-H,,,,false,true,,,,,,,,,30,390,0,,prod_01KYQGG2XZB3QP4P7AC9R4D8ZW,Wed Jul 29 2026 12:59:29 GMT-0500 (Colombia Standard Time),Wed Jul 29 2026 12:59:29 GMT-0500 (Colombia Standard Time),,410,opt_01KYQGG2XZAN2BY50F2HN6A3GQ,Default,Default
prod_01KYQGG2XZDYVCN49BSFPY827S,presence-caballero,PRESENCE,,published,,Esencia inspirada en MONT BLANC. Precio por gramo sin envase.,false,true,,pcol_01KYNF54AKSX3Y8RFNJ53P89S3,,,,,,,,,,Wed Jul 29 2026 12:59:27 GMT-0500 (Colombia Standard Time),Wed Jul 29 2026 12:59:27 GMT-0500 (Colombia Standard Time),,sc_01KYNCV8FSSEG8B1MQC4QC6DA2,sc_01KYNF4WREP6XDE0A8VADDBEN8,variant_01KYQGG4RCAWCSS5GJHWVC0P22,Default,ess-31-H,,,,false,true,,,,,,,,,30,390,0,,prod_01KYQGG2XZDYVCN49BSFPY827S,Wed Jul 29 2026 12:59:29 GMT-0500 (Colombia Standard Time),Wed Jul 29 2026 12:59:29 GMT-0500 (Colombia Standard Time),,410,opt_01KYQGG2XZ94A8MCY47R4R8RPG,Default,Default
prod_01KYQGG2XZP8084N54FHZ2V6NT,one-million-caballero,ONE MILLION,,published,,Esencia inspirada en PACO RABANNE. Precio por gramo sin envase.,false,true,,pcol_01KYNF54AKSX3Y8RFNJ53P89S3,,,,,,,,,,Wed Jul 29 2026 12:59:27 GMT-0500 (Colombia Standard Time),Wed Jul 29 2026 12:59:27 GMT-0500 (Colombia Standard Time),,sc_01KYNCV8FSSEG8B1MQC4QC6DA2,sc_01KYNF4WREP6XDE0A8VADDBEN8,variant_01KYQGG4RCE60PGTNRSTAXC2JH,Default,ess-30-H,,,,false,true,,,,,,,,,30,380,0,,prod_01KYQGG2XZP8084N54FHZ2V6NT,Wed Jul 29 2026 12:59:29 GMT-0500 (Colombia Standard Time),Wed Jul 29 2026 12:59:29 GMT-0500 (Colombia Standard Time),,400,opt_01KYQGG2XZ68VYC6WQBY2RV0EE,Default,Default
prod_01KYQGG2XZPKCE5G50WC34YSY4,nautica-voyage-caballero,NAUTICA VOYAGE,,published,,Esencia inspirada en NAUTICA. Precio por gramo sin envase.,false,true,,pcol_01KYNF54AKSX3Y8RFNJ53P89S3,,,,,,,,,,Wed Jul 29 2026 12:59:27 GMT-0500 (Colombia Standard Time),Wed Jul 29 2026 12:59:27 GMT-0500 (Colombia Standard Time),,sc_01KYNCV8FSSEG8B1MQC4QC6DA2,sc_01KYNF4WREP6XDE0A8VADDBEN8,variant_01KYQGG4RCJKJYTDJ0NEYJA0KB,Default,ess-28-H,,,,false,true,,,,,,,,,30,380,0,,prod_01KYQGG2XZPKCE5G50WC34YSY4,Wed Jul 29 2026 12:59:29 GMT-0500 (Colombia Standard Time),Wed Jul 29 2026 12:59:29 GMT-0500 (Colombia Standard Time),,400,opt_01KYQGG2XZZRFEP6CYCW6ETVV9,Default,Default
prod_01KYQGG2XZRTYN3VRR86W90GSB,le-male-caballero,LE MALE,,published,,Esencia inspirada en JEAN PAUL GAULTIER. Precio por gramo sin envase.,false,true,,pcol_01KYNF54AKSX3Y8RFNJ53P89S3,,,,,,,,,,Wed Jul 29 2026 12:59:27 GMT-0500 (Colombia Standard Time),Wed Jul 29 2026 12:59:27 GMT-0500 (Colombia Standard Time),,sc_01KYNCV8FSSEG8B1MQC4QC6DA2,sc_01KYNF4WREP6XDE0A8VADDBEN8,variant_01KYQGG4RBQT1EQ85N2X7T5BZ1,Default,ess-26-H,,,,false,true,,,,,,,,,30,380,0,,prod_01KYQGG2XZRTYN3VRR86W90GSB,Wed Jul 29 2026 12:59:29 GMT-0500 (Colombia Standard Time),Wed Jul 29 2026 12:59:29 GMT-0500 (Colombia Standard Time),,400,opt_01KYQGG2XZY380ME2R9CP47985,Default,Default
prod_01KYQGG2XZZX11QZSND7D02WX5,legend-caballero,LEGEND,,published,,Esencia inspirada en MONT BLANC. Precio por gramo sin envase.,false,true,,pcol_01KYNF54AKSX3Y8RFNJ53P89S3,,,,,,,,,,Wed Jul 29 2026 12:59:27 GMT-0500 (Colombia Standard Time),Wed Jul 29 2026 12:59:27 GMT-0500 (Colombia Standard Time),,sc_01KYNCV8FSSEG8B1MQC4QC6DA2,sc_01KYNF4WREP6XDE0A8VADDBEN8,variant_01KYQGG4RCAGJD2VMT28PR9KHE,Default,ess-27-H,,,,false,true,,,,,,,,,30,380,0,,prod_01KYQGG2XZZX11QZSND7D02WX5,Wed Jul 29 2026 12:59:29 GMT-0500 (Colombia Standard Time),Wed Jul 29 2026 12:59:29 GMT-0500 (Colombia Standard Time),,400,opt_01KYQGG2XZHS6NBWX3SEX5KP5S,Default,Default
prod_01KYQGG6D4SFGVF8TQ14KAC9Y6,polo-caballero,POLO,,published,,Esencia inspirada en RALPH LAUREN. Precio por gramo sin envase.,false,true,,pcol_01KYNF54AKSX3Y8RFNJ53P89S3,,,,,,,,,,Wed Jul 29 2026 12:59:31 GMT-0500 (Colombia Standard Time),Wed Jul 29 2026 12:59:31 GMT-0500 (Colombia Standard Time),,sc_01KYNCV8FSSEG8B1MQC4QC6DA2,sc_01KYNF4WREP6XDE0A8VADDBEN8,variant_01KYQGG87PK313D81M348NS2SR,Default,ess-34-H,,,,false,true,,,,,,,,,30,390,0,,prod_01KYQGG6D4SFGVF8TQ14KAC9Y6,Wed Jul 29 2026 12:59:33 GMT-0500 (Colombia Standard Time),Wed Jul 29 2026 12:59:33 GMT-0500 (Colombia Standard Time),,410,opt_01KYQGG6D551GR0PQZKTMNV3AY,Default,Default
prod_01KYQGG6D5334811N2BDQMFFHA,tommy-boy-caballero,TOMMY BOY,,published,,Esencia inspirada en TOMMY HILFIGER. Precio por gramo sin envase.,false,true,,pcol_01KYNF54AKSX3Y8RFNJ53P89S3,,,,,,,,,,Wed Jul 29 2026 12:59:31 GMT-0500 (Colombia Standard Time),Wed Jul 29 2026 12:59:31 GMT-0500 (Colombia Standard Time),,sc_01KYNCV8FSSEG8B1MQC4QC6DA2,sc_01KYNF4WREP6XDE0A8VADDBEN8,variant_01KYQGG87YVT06QYC933ZCZ69H,Default,ess-38-H,,,,false,true,,,,,,,,,30,380,0,,prod_01KYQGG6D5334811N2BDQMFFHA,Wed Jul 29 2026 12:59:33 GMT-0500 (Colombia Standard Time),Wed Jul 29 2026 12:59:33 GMT-0500 (Colombia Standard Time),,400,opt_01KYQGG6D58NE19A2JVJX4RQCY,Default,Default
prod_01KYQGG6D575WJZK73TXYQVTXQ,360-red-caballero,360° RED,,published,,Esencia inspirada en PERRY ELLIS. Precio por gramo sin envase.,false,true,,pcol_01KYNF54AKSX3Y8RFNJ53P89S3,,,,,,,,,,Wed Jul 29 2026 12:59:31 GMT-0500 (Colombia Standard Time),Wed Jul 29 2026 12:59:31 GMT-0500 (Colombia Standard Time),,sc_01KYNCV8FSSEG8B1MQC4QC6DA2,sc_01KYNF4WREP6XDE0A8VADDBEN8,variant_01KYQGG87Y05V9NYQCH1KJQE21,Default,ess-39-H,,,,false,true,,,,,,,,,30,390,0,,prod_01KYQGG6D575WJZK73TXYQVTXQ,Wed Jul 29 2026 12:59:33 GMT-0500 (Colombia Standard Time),Wed Jul 29 2026 12:59:33 GMT-0500 (Colombia Standard Time),,410,opt_01KYQGG6D5MFTAQE7F6V2RV2CJ,Default,Default
prod_01KYQGG6D5ASBMY9BNF3T95CJQ,212-vip-men-caballero,212 VIP MEN,,published,,Esencia inspirada en CAROLINA HERRERA. Precio por gramo sin envase.,false,true,,pcol_01KYNF54AKSX3Y8RFNJ53P89S3,,,,,,,,,,Wed Jul 29 2026 12:59:31 GMT-0500 (Colombia Standard Time),Wed Jul 29 2026 12:59:31 GMT-0500 (Colombia Standard Time),,sc_01KYNCV8FSSEG8B1MQC4QC6DA2,sc_01KYNF4WREP6XDE0A8VADDBEN8,variant_01KYQGG87YTQVT985NSH07G0XY,Default,ess-41-H,,,,false,true,,,,,,,,,30,380,0,,prod_01KYQGG6D5ASBMY9BNF3T95CJQ,Wed Jul 29 2026 12:59:33 GMT-0500 (Colombia Standard Time),Wed Jul 29 2026 12:59:33 GMT-0500 (Colombia Standard Time),,400,opt_01KYQGG6D5QKYYDHR7RR70339B,Default,Default
prod_01KYQGG6D5BTV058HP02ZY51V5,santos-de-cartier-caballero,SANTOS DE CARTIER,,published,,Esencia inspirada en CARTIER. Precio por gramo sin envase.,false,true,,pcol_01KYNF54AKSX3Y8RFNJ53P89S3,,,,,,,,,,Wed Jul 29 2026 12:59:31 GMT-0500 (Colombia Standard Time),Wed Jul 29 2026 12:59:31 GMT-0500 (Colombia Standard Time),,sc_01KYNCV8FSSEG8B1MQC4QC6DA2,sc_01KYNF4WREP6XDE0A8VADDBEN8,variant_01KYQGG87YWNFGZWEKXDSC54QD,Default,ess-36-H,,,,false,true,,,,,,,,,30,428,0,,prod_01KYQGG6D5BTV058HP02ZY51V5,Wed Jul 29 2026 12:59:33 GMT-0500 (Colombia Standard Time),Wed Jul 29 2026 12:59:33 GMT-0500 (Colombia Standard Time),,450,opt_01KYQGG6D5V5MBDJ35290GG6SC,Default,Default
prod_01KYQGG6D5FKSQ06BBT8ZJZK2A,360-caballero,360°,,published,,Esencia inspirada en PERRY ELLIS. Precio por gramo sin envase.,false,true,,pcol_01KYNF54AKSX3Y8RFNJ53P89S3,,,,,,,,,,Wed Jul 29 2026 12:59:31 GMT-0500 (Colombia Standard Time),Wed Jul 29 2026 12:59:31 GMT-0500 (Colombia Standard Time),,sc_01KYNCV8FSSEG8B1MQC4QC6DA2,sc_01KYNF4WREP6XDE0A8VADDBEN8,variant_01KYQGG87Y9N8VX2A4GJAK7M94,Default,ess-40-H,,,,false,true,,,,,,,,,30,380,0,,prod_01KYQGG6D5FKSQ06BBT8ZJZK2A,Wed Jul 29 2026 12:59:33 GMT-0500 (Colombia Standard Time),Wed Jul 29 2026 12:59:33 GMT-0500 (Colombia Standard Time),,400,opt_01KYQGG6D5SMV5PHWPJZFGRDCF,Default,Default
prod_01KYQGG6D5JAP2X6Y0VDXV4GBB,only-the-brave-caballero,ONLY THE BRAVE,,published,,Esencia inspirada en DIESEL. Precio por gramo sin envase.,false,true,,pcol_01KYNF54AKSX3Y8RFNJ53P89S3,,,,,,,,,,Wed Jul 29 2026 12:59:31 GMT-0500 (Colombia Standard Time),Wed Jul 29 2026 12:59:31 GMT-0500 (Colombia Standard Time),,sc_01KYNCV8FSSEG8B1MQC4QC6DA2,sc_01KYNF4WREP6XDE0A8VADDBEN8,variant_01KYQGG87Y8WJA7PJ0Q755P8B7,Default,ess-42-H,,,,false,true,,,,,,,,,30,390,0,,prod_01KYQGG6D5JAP2X6Y0VDXV4GBB,Wed Jul 29 2026 12:59:33 GMT-0500 (Colombia Standard Time),Wed Jul 29 2026 12:59:33 GMT-0500 (Colombia Standard Time),,410,opt_01KYQGG6D5EVHT7C0SK9RE34RW,Default,Default
prod_01KYQGG6D5K88306KC638SB6NF,eros-caballero,EROS,,published,,Esencia inspirada en VERSACE. Precio por gramo sin envase.,false,true,,pcol_01KYNF54AKSX3Y8RFNJ53P89S3,,,,,,,,,,Wed Jul 29 2026 12:59:31 GMT-0500 (Colombia Standard Time),Wed Jul 29 2026 12:59:31 GMT-0500 (Colombia Standard Time),,sc_01KYNCV8FSSEG8B1MQC4QC6DA2,sc_01KYNF4WREP6XDE0A8VADDBEN8,variant_01KYQGG87YRXGSH81GS2RB2Y8F,Default,ess-43-H,,,,false,true,,,,,,,,,30,380,0,,prod_01KYQGG6D5K88306KC638SB6NF,Wed Jul 29 2026 12:59:33 GMT-0500 (Colombia Standard Time),Wed Jul 29 2026 12:59:33 GMT-0500 (Colombia Standard Time),,400,opt_01KYQGG6D5AQ9ZADGW1D5K4AWK,Default,Default
prod_01KYQGG6D5KEPMSPN7TRBZ9070,tommy-caballero,TOMMY,,published,,Esencia inspirada en TOMMY HILFIGER. Precio por gramo sin envase.,false,true,,pcol_01KYNF54AKSX3Y8RFNJ53P89S3,,,,,,,,,,Wed Jul 29 2026 12:59:31 GMT-0500 (Colombia Standard Time),Wed Jul 29 2026 12:59:31 GMT-0500 (Colombia Standard Time),,sc_01KYNCV8FSSEG8B1MQC4QC6DA2,sc_01KYNF4WREP6XDE0A8VADDBEN8,variant_01KYQGG87YERFP636WDN5G7D2M,Default,ess-37-H,,,,false,true,,,,,,,,,30,380,0,,prod_01KYQGG6D5KEPMSPN7TRBZ9070,Wed Jul 29 2026 12:59:33 GMT-0500 (Colombia Standard Time),Wed Jul 29 2026 12:59:33 GMT-0500 (Colombia Standard Time),,400,opt_01KYQGG6D5JAX8EHJEXDG74KT2,Default,Default
prod_01KYQGG6D5NQTX2GEAG8GY6HBR,swiss-army-caballero,SWISS ARMY,,published,,Esencia inspirada en SWISS ARMY. Precio por gramo sin envase.,false,true,,pcol_01KYNF54AKSX3Y8RFNJ53P89S3,,,,,,,,,,Wed Jul 29 2026 12:59:31 GMT-0500 (Colombia Standard Time),Wed Jul 29 2026 12:59:31 GMT-0500 (Colombia Standard Time),,sc_01KYNCV8FSSEG8B1MQC4QC6DA2,sc_01KYNF4WREP6XDE0A8VADDBEN8,variant_01KYQGG87Y016RQ3PQ8QACBMX0,Default,ess-35-H,,,,false,true,,,,,,,,,30,380,0,,prod_01KYQGG6D5NQTX2GEAG8GY6HBR,Wed Jul 29 2026 12:59:33 GMT-0500 (Colombia Standard Time),Wed Jul 29 2026 12:59:33 GMT-0500 (Colombia Standard Time),,400,opt_01KYQGG6D5TPJTEG6E9AHZSX4V,Default,Default
prod_01KYQGG9WY7JED7YHKWBJR4MP6,mi-bebe-caballero,MI BEBE,,published,,Esencia inspirada en Perfumas. Precio por gramo sin envase.,false,true,,pcol_01KYNF54AKSX3Y8RFNJ53P89S3,,,,,,,,,,Wed Jul 29 2026 12:59:35 GMT-0500 (Colombia Standard Time),Wed Jul 29 2026 12:59:35 GMT-0500 (Colombia Standard Time),,sc_01KYNCV8FSSEG8B1MQC4QC6DA2,sc_01KYNF4WREP6XDE0A8VADDBEN8,variant_01KYQGGBQK44MGHC47HY9T35G8,Default,ess-51-H,,,,false,true,,,,,,,,,30,333,0,,prod_01KYQGG9WY7JED7YHKWBJR4MP6,Wed Jul 29 2026 12:59:36 GMT-0500 (Colombia Standard Time),Wed Jul 29 2026 12:59:36 GMT-0500 (Colombia Standard Time),,350,opt_01KYQGG9WZAHQTM8VTBQSRT9XR,Default,Default
prod_01KYQGG9WY7KM7GC6CFFWDXBDA,angel-caballero,ANGEL,,published,,Esencia inspirada en THIERRY MUGLER. Precio por gramo sin envase.,false,true,,pcol_01KYNF54AKSX3Y8RFNJ53P89S3,,,,,,,,,,Wed Jul 29 2026 12:59:35 GMT-0500 (Colombia Standard Time),Wed Jul 29 2026 12:59:35 GMT-0500 (Colombia Standard Time),,sc_01KYNCV8FSSEG8B1MQC4QC6DA2,sc_01KYNF4WREP6XDE0A8VADDBEN8,variant_01KYQGGBQK7G3NAQ081XVR47Y4,Default,ess-50-H,,,,false,true,,,,,,,,,30,390,0,,prod_01KYQGG9WY7KM7GC6CFFWDXBDA,Wed Jul 29 2026 12:59:36 GMT-0500 (Colombia Standard Time),Wed Jul 29 2026 12:59:36 GMT-0500 (Colombia Standard Time),,410,opt_01KYQGG9WZAW832HNXMZ6ZX3QA,Default,Default
prod_01KYQGG9WY8GA9V5YG6X9H2N70,blue-seduction-caballero,BLUE SEDUCTION,,published,,Esencia inspirada en ANTONIO BANDERAS. Precio por gramo sin envase.,false,true,,pcol_01KYNF54AKSX3Y8RFNJ53P89S3,,,,,,,,,,Wed Jul 29 2026 12:59:35 GMT-0500 (Colombia Standard Time),Wed Jul 29 2026 12:59:35 GMT-0500 (Colombia Standard Time),,sc_01KYNCV8FSSEG8B1MQC4QC6DA2,sc_01KYNF4WREP6XDE0A8VADDBEN8,variant_01KYQGGBQJ7Y5XNZ8GKHY1CWWY,Default,ess-45-H,,,,false,true,,,,,,,,,30,380,0,,prod_01KYQGG9WY8GA9V5YG6X9H2N70,Wed Jul 29 2026 12:59:36 GMT-0500 (Colombia Standard Time),Wed Jul 29 2026 12:59:36 GMT-0500 (Colombia Standard Time),,400,opt_01KYQGG9WZ8KQ039Y9TJTTQBYN,Default,Default
prod_01KYQGG9WYEFYHM8TDW0RM8D9M,arruru-caballero,ARRURU,,published,,Esencia inspirada en Perfumas. Precio por gramo sin envase.,false,true,,pcol_01KYNF54AKSX3Y8RFNJ53P89S3,,,,,,,,,,Wed Jul 29 2026 12:59:35 GMT-0500 (Colombia Standard Time),Wed Jul 29 2026 12:59:35 GMT-0500 (Colombia Standard Time),,sc_01KYNCV8FSSEG8B1MQC4QC6DA2,sc_01KYNF4WREP6XDE0A8VADDBEN8,variant_01KYQGGBQKHG3BHKJSJARS5MZJ,Default,ess-49-H,,,,false,true,,,,,,,,,30,333,0,,prod_01KYQGG9WYEFYHM8TDW0RM8D9M,Wed Jul 29 2026 12:59:36 GMT-0500 (Colombia Standard Time),Wed Jul 29 2026 12:59:36 GMT-0500 (Colombia Standard Time),,350,opt_01KYQGG9WZM2GHX5JSXPWEVWB5,Default,Default
prod_01KYQGG9WYNR2JG21V6ERNDN5J,black-xs-caballero,BLACK XS,,published,,Esencia inspirada en PACO RABANNE. Precio por gramo sin envase.,false,true,,pcol_01KYNF54AKSX3Y8RFNJ53P89S3,,,,,,,,,,Wed Jul 29 2026 12:59:35 GMT-0500 (Colombia Standard Time),Wed Jul 29 2026 12:59:35 GMT-0500 (Colombia Standard Time),,sc_01KYNCV8FSSEG8B1MQC4QC6DA2,sc_01KYNF4WREP6XDE0A8VADDBEN8,variant_01KYQGGBQKBGWD8NEJ7CA6SD5D,Default,ess-48-H,,,,false,true,,,,,,,,,30,380,0,,prod_01KYQGG9WYNR2JG21V6ERNDN5J,Wed Jul 29 2026 12:59:36 GMT-0500 (Colombia Standard Time),Wed Jul 29 2026 12:59:36 GMT-0500 (Colombia Standard Time),,400,opt_01KYQGG9WZ7QKJ8ZBS5HC9YFB7,Default,Default
prod_01KYQGG9WYP3Z04D09GTHV7F4A,jean-pascal-caballero,JEAN PASCAL,,published,,Esencia inspirada en JEAN PASCAL. Precio por gramo sin envase.,false,true,,pcol_01KYNF54AKSX3Y8RFNJ53P89S3,,,,,,,,,,Wed Jul 29 2026 12:59:35 GMT-0500 (Colombia Standard Time),Wed Jul 29 2026 12:59:35 GMT-0500 (Colombia Standard Time),,sc_01KYNCV8FSSEG8B1MQC4QC6DA2,sc_01KYNF4WREP6XDE0A8VADDBEN8,variant_01KYQGGBQJGTW6ZTY8MZZAGMJ4,Default,ess-46-H,,,,false,true,,,,,,,,,30,380,0,,prod_01KYQGG9WYP3Z04D09GTHV7F4A,Wed Jul 29 2026 12:59:36 GMT-0500 (Colombia Standard Time),Wed Jul 29 2026 12:59:36 GMT-0500 (Colombia Standard Time),,400,opt_01KYQGG9WZKCDMQCZ5X56PWQ2D,Default,Default
prod_01KYQGG9WYVCZAHD863TZ84N7T,starwalker-caballero,STARWALKER,,published,,Esencia inspirada en MONT BLANC. Precio por gramo sin envase.,false,true,,pcol_01KYNF54AKSX3Y8RFNJ53P89S3,,,,,,,,,,Wed Jul 29 2026 12:59:35 GMT-0500 (Colombia Standard Time),Wed Jul 29 2026 12:59:35 GMT-0500 (Colombia Standard Time),,sc_01KYNCV8FSSEG8B1MQC4QC6DA2,sc_01KYNF4WREP6XDE0A8VADDBEN8,variant_01KYQGGBQK8WYG2AMTKSW9G9RR,Default,ess-53-H,,,,false,true,,,,,,,,,30,380,0,,prod_01KYQGG9WYVCZAHD863TZ84N7T,Wed Jul 29 2026 12:59:36 GMT-0500 (Colombia Standard Time),Wed Jul 29 2026 12:59:36 GMT-0500 (Colombia Standard Time),,400,opt_01KYQGG9WZDXGVJQTE11Z1FCGF,Default,Default
prod_01KYQGG9WYX1M29AYCPP5KKS2G,hugo-red-caballero,HUGO RED,,published,,Esencia inspirada en HUGO BOSS. Precio por gramo sin envase.,false,true,,pcol_01KYNF54AKSX3Y8RFNJ53P89S3,,,,,,,,,,Wed Jul 29 2026 12:59:35 GMT-0500 (Colombia Standard Time),Wed Jul 29 2026 12:59:35 GMT-0500 (Colombia Standard Time),,sc_01KYNCV8FSSEG8B1MQC4QC6DA2,sc_01KYNF4WREP6XDE0A8VADDBEN8,variant_01KYQGGBQK0S5JPR9KFKDYT6AS,Default,ess-47-H,,,,false,true,,,,,,,,,30,380,0,,prod_01KYQGG9WYX1M29AYCPP5KKS2G,Wed Jul 29 2026 12:59:36 GMT-0500 (Colombia Standard Time),Wed Jul 29 2026 12:59:36 GMT-0500 (Colombia Standard Time),,400,opt_01KYQGG9WZKK0HWJGRYZ3NTZMJ,Default,Default
prod_01KYQGG9WYXJCBHKXCQ0GW5BZ6,l-eau-d-issey-caballero,L'EAU D´ISSEY,,published,,Esencia inspirada en ISSEY MIYAKE. Precio por gramo sin envase.,false,true,,pcol_01KYNF54AKSX3Y8RFNJ53P89S3,,,,,,,,,,Wed Jul 29 2026 12:59:35 GMT-0500 (Colombia Standard Time),Wed Jul 29 2026 12:59:35 GMT-0500 (Colombia Standard Time),,sc_01KYNCV8FSSEG8B1MQC4QC6DA2,sc_01KYNF4WREP6XDE0A8VADDBEN8,variant_01KYQGGBQJQHXTW4HPQJXSV2GH,Default,ess-44-H,,,,false,true,,,,,,,,,30,380,0,,prod_01KYQGG9WYXJCBHKXCQ0GW5BZ6,Wed Jul 29 2026 12:59:36 GMT-0500 (Colombia Standard Time),Wed Jul 29 2026 12:59:36 GMT-0500 (Colombia Standard Time),,400,opt_01KYQGG9WZQZQGFMFAY3YZDD93,Default,Default
prod_01KYQGG9WZVAR3PRQBX7KD3HM2,paris-hilton-caballero,PARIS HILTON,,published,,Esencia inspirada en PARIS HILTON. Precio por gramo sin envase.,false,true,,pcol_01KYNF54AKSX3Y8RFNJ53P89S3,,,,,,,,,,Wed Jul 29 2026 12:59:35 GMT-0500 (Colombia Standard Time),Wed Jul 29 2026 12:59:35 GMT-0500 (Colombia Standard Time),,sc_01KYNCV8FSSEG8B1MQC4QC6DA2,sc_01KYNF4WREP6XDE0A8VADDBEN8,variant_01KYQGGBQKB5EKY4ZPMQKMNYSA,Default,ess-54-H,,,,false,true,,,,,,,,,30,380,0,,prod_01KYQGG9WZVAR3PRQBX7KD3HM2,Wed Jul 29 2026 12:59:36 GMT-0500 (Colombia Standard Time),Wed Jul 29 2026 12:59:36 GMT-0500 (Colombia Standard Time),,400,opt_01KYQGG9WZNRQ0XJKQ5XGRCK2Z,Default,Default
prod_01KYQGGDCB320WMDFSDE1853PD,212-men-caballero,212 MEN,,published,,Esencia inspirada en CAROLINA HERRERA. Precio por gramo sin envase.,false,true,,pcol_01KYNF54AKSX3Y8RFNJ53P89S3,,,,,,,,,,Wed Jul 29 2026 12:59:38 GMT-0500 (Colombia Standard Time),Wed Jul 29 2026 12:59:38 GMT-0500 (Colombia Standard Time),,sc_01KYNCV8FSSEG8B1MQC4QC6DA2,sc_01KYNF4WREP6XDE0A8VADDBEN8,variant_01KYQGGF6V9H23S8ZD7ZRHXNE0,Default,ess-60-H,,,,false,true,,,,,,,,,30,380,0,,prod_01KYQGGDCB320WMDFSDE1853PD,Wed Jul 29 2026 12:59:40 GMT-0500 (Colombia Standard Time),Wed Jul 29 2026 12:59:40 GMT-0500 (Colombia Standard Time),,400,opt_01KYQGGDCBT6W25JM0PSQFG751,Default,Default
prod_01KYQGGDCB3E1JTHDA98B65AC3,the-one-caballero,THE ONE,,published,,Esencia inspirada en DOLCE & GABBANA. Precio por gramo sin envase.,false,true,,pcol_01KYNF54AKSX3Y8RFNJ53P89S3,,,,,,,,,,Wed Jul 29 2026 12:59:38 GMT-0500 (Colombia Standard Time),Wed Jul 29 2026 12:59:38 GMT-0500 (Colombia Standard Time),,sc_01KYNCV8FSSEG8B1MQC4QC6DA2,sc_01KYNF4WREP6XDE0A8VADDBEN8,variant_01KYQGGF6VKW4A40E1NB7A3R2G,Default,ess-62-H,,,,false,true,,,,,,,,,30,390,0,,prod_01KYQGGDCB3E1JTHDA98B65AC3,Wed Jul 29 2026 12:59:40 GMT-0500 (Colombia Standard Time),Wed Jul 29 2026 12:59:40 GMT-0500 (Colombia Standard Time),,410,opt_01KYQGGDCBJGXMFB22WF4XJQGB,Default,Default
prod_01KYQGGDCB805PEYX0SXMQS8S7,aqva-marine-caballero,AQVA MARINE,,published,,Esencia inspirada en BVLGARY. Precio por gramo sin envase.,false,true,,pcol_01KYNF54AKSX3Y8RFNJ53P89S3,,,,,,,,,,Wed Jul 29 2026 12:59:38 GMT-0500 (Colombia Standard Time),Wed Jul 29 2026 12:59:38 GMT-0500 (Colombia Standard Time),,sc_01KYNCV8FSSEG8B1MQC4QC6DA2,sc_01KYNF4WREP6XDE0A8VADDBEN8,variant_01KYQGGF6T3CH884N4B6A0V5R2,Default,ess-56-H,,,,false,true,,,,,,,,,30,475,0,,prod_01KYQGGDCB805PEYX0SXMQS8S7,Wed Jul 29 2026 12:59:40 GMT-0500 (Colombia Standard Time),Wed Jul 29 2026 12:59:40 GMT-0500 (Colombia Standard Time),,500,opt_01KYQGGDCB7BJJ2JWRKC22B32A,Default,Default
prod_01KYQGGDCB942B2E4Z8A1TXXWE,vip-club-caballero,VIP CLUB,,published,,Esencia inspirada en CAROLINA HERRERA. Precio por gramo sin envase.,false,true,,pcol_01KYNF54AKSX3Y8RFNJ53P89S3,,,,,,,,,,Wed Jul 29 2026 12:59:38 GMT-0500 (Colombia Standard Time),Wed Jul 29 2026 12:59:38 GMT-0500 (Colombia Standard Time),,sc_01KYNCV8FSSEG8B1MQC4QC6DA2,sc_01KYNF4WREP6XDE0A8VADDBEN8,variant_01KYQGGF6VHMEQG7AZR854F0A8,Default,ess-59-H,,,,false,true,,,,,,,,,30,380,0,,prod_01KYQGGDCB942B2E4Z8A1TXXWE,Wed Jul 29 2026 12:59:40 GMT-0500 (Colombia Standard Time),Wed Jul 29 2026 12:59:40 GMT-0500 (Colombia Standard Time),,400,opt_01KYQGGDCB6B1ZQ826ZBTE4A40,Default,Default
prod_01KYQGGDCBCRBC6PVDN0Y0C4DX,swiss-army-altitude-caballero,SWISS ARMY ALTITUDE,,published,,Esencia inspirada en SWISS ARMY. Precio por gramo sin envase.,false,true,,pcol_01KYNF54AKSX3Y8RFNJ53P89S3,,,,,,,,,,Wed Jul 29 2026 12:59:38 GMT-0500 (Colombia Standard Time),Wed Jul 29 2026 12:59:38 GMT-0500 (Colombia Standard Time),,sc_01KYNCV8FSSEG8B1MQC4QC6DA2,sc_01KYNF4WREP6XDE0A8VADDBEN8,variant_01KYQGGF6TF27S0AWK5GE0JH0Z,Default,ess-58-H,,,,false,true,,,,,,,,,30,380,0,,prod_01KYQGGDCBCRBC6PVDN0Y0C4DX,Wed Jul 29 2026 12:59:40 GMT-0500 (Colombia Standard Time),Wed Jul 29 2026 12:59:40 GMT-0500 (Colombia Standard Time),,400,opt_01KYQGGDCBECZRD4BDH6Z8WCEA,Default,Default
prod_01KYQGGDCBF9BX5JR86Y30VGMH,acqua-di-gio-caballero,ACQUA DI GIO,,published,,Esencia inspirada en GIORGIO ARMANI. Precio por gramo sin envase.,false,true,,pcol_01KYNF54AKSX3Y8RFNJ53P89S3,,,,,,,,,,Wed Jul 29 2026 12:59:38 GMT-0500 (Colombia Standard Time),Wed Jul 29 2026 12:59:38 GMT-0500 (Colombia Standard Time),,sc_01KYNCV8FSSEG8B1MQC4QC6DA2,sc_01KYNF4WREP6XDE0A8VADDBEN8,variant_01KYQGGF6VN89MV8BQQPSHRWN4,Default,ess-63-H,,,,false,true,,,,,,,,,30,380,0,,prod_01KYQGGDCBF9BX5JR86Y30VGMH,Wed Jul 29 2026 12:59:40 GMT-0500 (Colombia Standard Time),Wed Jul 29 2026 12:59:40 GMT-0500 (Colombia Standard Time),,400,opt_01KYQGGDCBP61F7Z308YMC4ZF9,Default,Default
prod_01KYQGGDCBKA47YNCQ5HPG72X0,loewe-7-caballero,LOEWE 7,,published,,Esencia inspirada en LOEWE. Precio por gramo sin envase.,false,true,,pcol_01KYNF54AKSX3Y8RFNJ53P89S3,,,,,,,,,,Wed Jul 29 2026 12:59:38 GMT-0500 (Colombia Standard Time),Wed Jul 29 2026 12:59:38 GMT-0500 (Colombia Standard Time),,sc_01KYNCV8FSSEG8B1MQC4QC6DA2,sc_01KYNF4WREP6XDE0A8VADDBEN8,variant_01KYQGGF6T2RBQKJGV3T1CP0DQ,Default,ess-55-H,,,,false,true,,,,,,,,,30,390,0,,prod_01KYQGGDCBKA47YNCQ5HPG72X0,Wed Jul 29 2026 12:59:40 GMT-0500 (Colombia Standard Time),Wed Jul 29 2026 12:59:40 GMT-0500 (Colombia Standard Time),,410,opt_01KYQGGDCBEZZGWEQQ0QPG4YE8,Default,Default
prod_01KYQGGDCBQQNWVYQE7KBXQ4QZ,drakkar-noir-caballero,DRAKKAR NOIR,,published,,Esencia inspirada en GUY LAROCHE. Precio por gramo sin envase.,false,true,,pcol_01KYNF54AKSX3Y8RFNJ53P89S3,,,,,,,,,,Wed Jul 29 2026 12:59:38 GMT-0500 (Colombia Standard Time),Wed Jul 29 2026 12:59:38 GMT-0500 (Colombia Standard Time),,sc_01KYNCV8FSSEG8B1MQC4QC6DA2,sc_01KYNF4WREP6XDE0A8VADDBEN8,variant_01KYQGGF6VVAEZKQBA3M7ETCG6,Default,ess-66-H,,,,false,true,,,,,,,,,30,390,0,,prod_01KYQGGDCBQQNWVYQE7KBXQ4QZ,Wed Jul 29 2026 12:59:40 GMT-0500 (Colombia Standard Time),Wed Jul 29 2026 12:59:40 GMT-0500 (Colombia Standard Time),,410,opt_01KYQGGDCBW2W23V63KKW6JP47,Default,Default
prod_01KYQGGDCBSN80BFZE273JHS3B,l-12-12-vert-caballero,L.12.12. VERT,,published,,Esencia inspirada en LACOSTE. Precio por gramo sin envase.,false,true,,pcol_01KYNF54AKSX3Y8RFNJ53P89S3,,,,,,,,,,Wed Jul 29 2026 12:59:38 GMT-0500 (Colombia Standard Time),Wed Jul 29 2026 12:59:38 GMT-0500 (Colombia Standard Time),,sc_01KYNCV8FSSEG8B1MQC4QC6DA2,sc_01KYNF4WREP6XDE0A8VADDBEN8,variant_01KYQGGF6VJMCZF4V69M6DEX3R,Default,ess-67-H,,,,false,true,,,,,,,,,30,390,0,,prod_01KYQGGDCBSN80BFZE273JHS3B,Wed Jul 29 2026 12:59:40 GMT-0500 (Colombia Standard Time),Wed Jul 29 2026 12:59:40 GMT-0500 (Colombia Standard Time),,410,opt_01KYQGGDCBYF8FG7X9228TMG5H,Default,Default
prod_01KYQGGDCBSXV5KMQFNXWSYX60,bleu-caballero,BLEU,,published,,Esencia inspirada en CHANEL. Precio por gramo sin envase.,false,true,,pcol_01KYNF54AKSX3Y8RFNJ53P89S3,,,,,,,,,,Wed Jul 29 2026 12:59:38 GMT-0500 (Colombia Standard Time),Wed Jul 29 2026 12:59:38 GMT-0500 (Colombia Standard Time),,sc_01KYNCV8FSSEG8B1MQC4QC6DA2,sc_01KYNF4WREP6XDE0A8VADDBEN8,variant_01KYQGGF6VX47WQ1TH7E9NRH8K,Default,ess-65-H,,,,false,true,,,,,,,,,30,380,0,,prod_01KYQGGDCBSXV5KMQFNXWSYX60,Wed Jul 29 2026 12:59:40 GMT-0500 (Colombia Standard Time),Wed Jul 29 2026 12:59:40 GMT-0500 (Colombia Standard Time),,400,opt_01KYQGGDCBQD1QTJEV5TCAZZRH,Default,Default
prod_01KYQGGGX3279B76X2X51YZV5Y,silver-mountain-caballero,SILVER MOUNTAIN,,published,,Esencia inspirada en CREED. Precio por gramo sin envase.,false,true,,pcol_01KYNF54AKSX3Y8RFNJ53P89S3,,,,,,,,,,Wed Jul 29 2026 12:59:42 GMT-0500 (Colombia Standard Time),Wed Jul 29 2026 12:59:42 GMT-0500 (Colombia Standard Time),,sc_01KYNCV8FSSEG8B1MQC4QC6DA2,sc_01KYNF4WREP6XDE0A8VADDBEN8,variant_01KYQGGJQKD8ZPYXKGF8HE78MX,Default,ess-70-H,,,,false,true,,,,,,,,,30,380,0,,prod_01KYQGGGX3279B76X2X51YZV5Y,Wed Jul 29 2026 12:59:44 GMT-0500 (Colombia Standard Time),Wed Jul 29 2026 12:59:44 GMT-0500 (Colombia Standard Time),,400,opt_01KYQGGGX3WW6F6HQDGJC2ABKY,Default,Default
prod_01KYQGGGX33W03K2TERY8FKAG2,ch-men-caballero,CH Men,,published,,Esencia inspirada en CAROLINA HERRERA. Precio por gramo sin envase.,false,true,,pcol_01KYNF54AKSX3Y8RFNJ53P89S3,,,,,,,,,,Wed Jul 29 2026 12:59:42 GMT-0500 (Colombia Standard Time),Wed Jul 29 2026 12:59:42 GMT-0500 (Colombia Standard Time),,sc_01KYNCV8FSSEG8B1MQC4QC6DA2,sc_01KYNF4WREP6XDE0A8VADDBEN8,variant_01KYQGGJQM8R4WCGAPXAY29ZPV,Default,ess-75-H,,,,false,true,,,,,,,,,30,390,0,,prod_01KYQGGGX33W03K2TERY8FKAG2,Wed Jul 29 2026 12:59:44 GMT-0500 (Colombia Standard Time),Wed Jul 29 2026 12:59:44 GMT-0500 (Colombia Standard Time),,410,opt_01KYQGGGX3GG726M1S8A08BG4N,Default,Default
prod_01KYQGGGX34V4GJ8D1G2D0W5W5,ligth-blue-caballero,LIGTH BLUE,,published,,Esencia inspirada en DOLCE & GABBANA. Precio por gramo sin envase.,false,true,,pcol_01KYNF54AKSX3Y8RFNJ53P89S3,,,,,,,,,,Wed Jul 29 2026 12:59:42 GMT-0500 (Colombia Standard Time),Wed Jul 29 2026 12:59:42 GMT-0500 (Colombia Standard Time),,sc_01KYNCV8FSSEG8B1MQC4QC6DA2,sc_01KYNF4WREP6XDE0A8VADDBEN8,variant_01KYQGGJQM7S6A85DJEGP2RT57,Default,ess-78-H,,,,false,true,,,,,,,,,30,390,0,,prod_01KYQGGGX34V4GJ8D1G2D0W5W5,Wed Jul 29 2026 12:59:44 GMT-0500 (Colombia Standard Time),Wed Jul 29 2026 12:59:44 GMT-0500 (Colombia Standard Time),,410,opt_01KYQGGGX32SQ4ZACTD0QWX5PV,Default,Default
prod_01KYQGGGX3BSWNN7MDF9SYBHDC,ultra-male-caballero,ULTRA MALE,,published,,Esencia inspirada en JEAN PAUL GAULTIER. Precio por gramo sin envase.,false,true,,pcol_01KYNF54AKSX3Y8RFNJ53P89S3,,,,,,,,,,Wed Jul 29 2026 12:59:42 GMT-0500 (Colombia Standard Time),Wed Jul 29 2026 12:59:42 GMT-0500 (Colombia Standard Time),,sc_01KYNCV8FSSEG8B1MQC4QC6DA2,sc_01KYNF4WREP6XDE0A8VADDBEN8,variant_01KYQGGJQKACENT24J649312Q0,Default,ess-69-H,,,,false,true,,,,,,,,,30,380,0,,prod_01KYQGGGX3BSWNN7MDF9SYBHDC,Wed Jul 29 2026 12:59:44 GMT-0500 (Colombia Standard Time),Wed Jul 29 2026 12:59:44 GMT-0500 (Colombia Standard Time),,400,opt_01KYQGGGX36NNKSZKJ366618JQ,Default,Default
prod_01KYQGGGX3HBP4EQC4Y26M6N5J,l-12-12-noir-caballero,L.12.12. NOIR,,published,,Esencia inspirada en LACOSTE. Precio por gramo sin envase.,false,true,,pcol_01KYNF54AKSX3Y8RFNJ53P89S3,,,,,,,,,,Wed Jul 29 2026 12:59:42 GMT-0500 (Colombia Standard Time),Wed Jul 29 2026 12:59:42 GMT-0500 (Colombia Standard Time),,sc_01KYNCV8FSSEG8B1MQC4QC6DA2,sc_01KYNF4WREP6XDE0A8VADDBEN8,variant_01KYQGGJQKQE2DNYMHT9D92W53,Default,ess-68-H,,,,false,true,,,,,,,,,30,380,0,,prod_01KYQGGGX3HBP4EQC4Y26M6N5J,Wed Jul 29 2026 12:59:44 GMT-0500 (Colombia Standard Time),Wed Jul 29 2026 12:59:44 GMT-0500 (Colombia Standard Time),,400,opt_01KYQGGGX3A8JN2X7J9M0AZS7P,Default,Default
prod_01KYQGGGX3K8T2WXDX206WVH9J,ohm-caballero,OHM,,published,,Esencia inspirada en YANBAL. Precio por gramo sin envase.,false,true,,pcol_01KYNF54AKSX3Y8RFNJ53P89S3,,,,,,,,,,Wed Jul 29 2026 12:59:42 GMT-0500 (Colombia Standard Time),Wed Jul 29 2026 12:59:42 GMT-0500 (Colombia Standard Time),,sc_01KYNCV8FSSEG8B1MQC4QC6DA2,sc_01KYNF4WREP6XDE0A8VADDBEN8,variant_01KYQGGJQM2W9ZZ0P84PXHEZPY,Default,ess-76-H,,,,false,true,,,,,,,,,30,390,0,,prod_01KYQGGGX3K8T2WXDX206WVH9J,Wed Jul 29 2026 12:59:44 GMT-0500 (Colombia Standard Time),Wed Jul 29 2026 12:59:44 GMT-0500 (Colombia Standard Time),,410,opt_01KYQGGGX3JA8CH3SEA6XG23GS,Default,Default
prod_01KYQGGGX3KD29MMACFD427M9A,invictus-aqua-caballero,INVICTUS AQUA,,published,,Esencia inspirada en PACO RABANNE. Precio por gramo sin envase.,false,true,,pcol_01KYNF54AKSX3Y8RFNJ53P89S3,,,,,,,,,,Wed Jul 29 2026 12:59:42 GMT-0500 (Colombia Standard Time),Wed Jul 29 2026 12:59:42 GMT-0500 (Colombia Standard Time),,sc_01KYNCV8FSSEG8B1MQC4QC6DA2,sc_01KYNF4WREP6XDE0A8VADDBEN8,variant_01KYQGGJQMMSPH36S5Q7YEJ60B,Default,ess-73-H,,,,false,true,,,,,,,,,30,390,0,,prod_01KYQGGGX3KD29MMACFD427M9A,Wed Jul 29 2026 12:59:44 GMT-0500 (Colombia Standard Time),Wed Jul 29 2026 12:59:44 GMT-0500 (Colombia Standard Time),,410,opt_01KYQGGGX3JEY1XZTBWZBS30D1,Default,Default
prod_01KYQGGGX3QFV22A69PWECQW3G,polo-blue-caballero,POLO BLUE,,published,,Esencia inspirada en RALPH LAUREN. Precio por gramo sin envase.,false,true,,pcol_01KYNF54AKSX3Y8RFNJ53P89S3,,,,,,,,,,Wed Jul 29 2026 12:59:42 GMT-0500 (Colombia Standard Time),Wed Jul 29 2026 12:59:42 GMT-0500 (Colombia Standard Time),,sc_01KYNCV8FSSEG8B1MQC4QC6DA2,sc_01KYNF4WREP6XDE0A8VADDBEN8,variant_01KYQGGJQMB9ENBAF276H4GQBK,Default,ess-72-H,,,,false,true,,,,,,,,,30,390,0,,prod_01KYQGGGX3QFV22A69PWECQW3G,Wed Jul 29 2026 12:59:44 GMT-0500 (Colombia Standard Time),Wed Jul 29 2026 12:59:44 GMT-0500 (Colombia Standard Time),,410,opt_01KYQGGGX391BKT7XM66F3PM5D,Default,Default
prod_01KYQGGGX3WCN4SPW39NKK1V1E,l-12-12-blue-caballero,L.12.12 BLUE,,published,,Esencia inspirada en LACOSTE. Precio por gramo sin envase.,false,true,,pcol_01KYNF54AKSX3Y8RFNJ53P89S3,,,,,,,,,,Wed Jul 29 2026 12:59:42 GMT-0500 (Colombia Standard Time),Wed Jul 29 2026 12:59:42 GMT-0500 (Colombia Standard Time),,sc_01KYNCV8FSSEG8B1MQC4QC6DA2,sc_01KYNF4WREP6XDE0A8VADDBEN8,variant_01KYQGGJQMSSBETSG8Z2DXGH63,Default,ess-74-H,,,,false,true,,,,,,,,,30,390,0,,prod_01KYQGGGX3WCN4SPW39NKK1V1E,Wed Jul 29 2026 12:59:44 GMT-0500 (Colombia Standard Time),Wed Jul 29 2026 12:59:44 GMT-0500 (Colombia Standard Time),,410,opt_01KYQGGGX3MDNMXJWCNHNT6HAF,Default,Default
prod_01KYQGGGX3WHC0HYDH9CFJ7PHY,jean-marie-farine-caballero,JEAN MARIE FARINE,,published,,Esencia inspirada en ROGER & GALLET. Precio por gramo sin envase.,false,true,,pcol_01KYNF54AKSX3Y8RFNJ53P89S3,,,,,,,,,,Wed Jul 29 2026 12:59:42 GMT-0500 (Colombia Standard Time),Wed Jul 29 2026 12:59:42 GMT-0500 (Colombia Standard Time),,sc_01KYNCV8FSSEG8B1MQC4QC6DA2,sc_01KYNF4WREP6XDE0A8VADDBEN8,variant_01KYQGGJQMGWYYVDF04DV4QDE1,Default,ess-79-H,,,,false,true,,,,,,,,,30,390,0,,prod_01KYQGGGX3WHC0HYDH9CFJ7PHY,Wed Jul 29 2026 12:59:44 GMT-0500 (Colombia Standard Time),Wed Jul 29 2026 12:59:44 GMT-0500 (Colombia Standard Time),,410,opt_01KYQGGGX3YHY94J0CDH6SBYHR,Default,Default
prod_01KYQGGMCF39FKQSHJW0M9R7KX,aqva-caballero,AQVA,,published,,Esencia inspirada en BVLGARY. Precio por gramo sin envase.,false,true,,pcol_01KYNF54AKSX3Y8RFNJ53P89S3,,,,,,,,,,Wed Jul 29 2026 12:59:45 GMT-0500 (Colombia Standard Time),Wed Jul 29 2026 12:59:45 GMT-0500 (Colombia Standard Time),,sc_01KYNCV8FSSEG8B1MQC4QC6DA2,sc_01KYNF4WREP6XDE0A8VADDBEN8,variant_01KYQGGP6SS9SJ516RMSQ7FHEX,Default,ess-81-H,,,,false,true,,,,,,,,,30,475,0,,prod_01KYQGGMCF39FKQSHJW0M9R7KX,Wed Jul 29 2026 12:59:47 GMT-0500 (Colombia Standard Time),Wed Jul 29 2026 12:59:47 GMT-0500 (Colombia Standard Time),,500,opt_01KYQGGMCG2GKXAJ3P5KM4MFW6,Default,Default
prod_01KYQGGMCF47PCWJJ0SPN0WEY8,boss-bottled-caballero,BOSS BOTTLED,,published,,Esencia inspirada en HUGO BOSS. Precio por gramo sin envase.,false,true,,pcol_01KYNF54AKSX3Y8RFNJ53P89S3,,,,,,,,,,Wed Jul 29 2026 12:59:45 GMT-0500 (Colombia Standard Time),Wed Jul 29 2026 12:59:45 GMT-0500 (Colombia Standard Time),,sc_01KYNCV8FSSEG8B1MQC4QC6DA2,sc_01KYNF4WREP6XDE0A8VADDBEN8,variant_01KYQGGP6T7XW1EBMY6HQ5DJZH,Default,ess-88-H,,,,false,true,,,,,,,,,30,380,0,,prod_01KYQGGMCF47PCWJJ0SPN0WEY8,Wed Jul 29 2026 12:59:47 GMT-0500 (Colombia Standard Time),Wed Jul 29 2026 12:59:47 GMT-0500 (Colombia Standard Time),,400,opt_01KYQGGMCGQ330JVQJVVF6V62C,Default,Default
prod_01KYQGGMCF86JQH0VZ3Q3B4TTM,hugo-boss-unlimited-caballero,HUGO BOSS UNLIMITED,,published,,Esencia inspirada en HUGO BOSS. Precio por gramo sin envase.,false,true,,pcol_01KYNF54AKSX3Y8RFNJ53P89S3,,,,,,,,,,Wed Jul 29 2026 12:59:45 GMT-0500 (Colombia Standard Time),Wed Jul 29 2026 12:59:45 GMT-0500 (Colombia Standard Time),,sc_01KYNCV8FSSEG8B1MQC4QC6DA2,sc_01KYNF4WREP6XDE0A8VADDBEN8,variant_01KYQGGP6SZAV1H38D120FPXYW,Default,ess-82-H,,,,false,true,,,,,,,,,30,380,0,,prod_01KYQGGMCF86JQH0VZ3Q3B4TTM,Wed Jul 29 2026 12:59:47 GMT-0500 (Colombia Standard Time),Wed Jul 29 2026 12:59:47 GMT-0500 (Colombia Standard Time),,400,opt_01KYQGGMCGPKZ5B03NGDDAVZMV,Default,Default
prod_01KYQGGMCFB99HCDKQEY7SW066,boss-element-caballero,BOSS ELEMENT,,published,,Esencia inspirada en HUGO BOSS. Precio por gramo sin envase.,false,true,,pcol_01KYNF54AKSX3Y8RFNJ53P89S3,,,,,,,,,,Wed Jul 29 2026 12:59:45 GMT-0500 (Colombia Standard Time),Wed Jul 29 2026 12:59:45 GMT-0500 (Colombia Standard Time),,sc_01KYNCV8FSSEG8B1MQC4QC6DA2,sc_01KYNF4WREP6XDE0A8VADDBEN8,variant_01KYQGGP6TP1XN8Z569X19B8E8,Default,ess-89-H,,,,false,true,,,,,,,,,30,390,0,,prod_01KYQGGMCFB99HCDKQEY7SW066,Wed Jul 29 2026 12:59:47 GMT-0500 (Colombia Standard Time),Wed Jul 29 2026 12:59:47 GMT-0500 (Colombia Standard Time),,410,opt_01KYQGGMCGT1JS35JWDW9256F2,Default,Default
prod_01KYQGGMCFJ80XHMF6W9QGBKAD,212-men-aqua-caballero,212 MEN AQUA,,published,,Esencia inspirada en CAROLINA HERRERA. Precio por gramo sin envase.,false,true,,pcol_01KYNF54AKSX3Y8RFNJ53P89S3,,,,,,,,,,Wed Jul 29 2026 12:59:45 GMT-0500 (Colombia Standard Time),Wed Jul 29 2026 12:59:45 GMT-0500 (Colombia Standard Time),,sc_01KYNCV8FSSEG8B1MQC4QC6DA2,sc_01KYNF4WREP6XDE0A8VADDBEN8,variant_01KYQGGP6T9DEJARKTQC8608M4,Default,ess-83-H,,,,false,true,,,,,,,,,30,380,0,,prod_01KYQGGMCFJ80XHMF6W9QGBKAD,Wed Jul 29 2026 12:59:47 GMT-0500 (Colombia Standard Time),Wed Jul 29 2026 12:59:47 GMT-0500 (Colombia Standard Time),,400,opt_01KYQGGMCGNKYD9XSAAT1JN4SY,Default,Default
prod_01KYQGGMCFMN1M6QCXC6H7WEQK,blv-pour-homme-caballero,BLV POUR HOMME,,published,,Esencia inspirada en BVLGARY. Precio por gramo sin envase.,false,true,,pcol_01KYNF54AKSX3Y8RFNJ53P89S3,,,,,,,,,,Wed Jul 29 2026 12:59:45 GMT-0500 (Colombia Standard Time),Wed Jul 29 2026 12:59:45 GMT-0500 (Colombia Standard Time),,sc_01KYNCV8FSSEG8B1MQC4QC6DA2,sc_01KYNF4WREP6XDE0A8VADDBEN8,variant_01KYQGGP6TK238BJKWSKH85Q68,Default,ess-84-H,,,,false,true,,,,,,,,,30,390,0,,prod_01KYQGGMCFMN1M6QCXC6H7WEQK,Wed Jul 29 2026 12:59:47 GMT-0500 (Colombia Standard Time),Wed Jul 29 2026 12:59:47 GMT-0500 (Colombia Standard Time),,410,opt_01KYQGGMCGAGDY77S5ZDDXYBQW,Default,Default
prod_01KYQGGMCFV7K07FQ8ZKR7GGXK,dior-homme-caballero,DIOR HOMME,,published,,Esencia inspirada en CHRISTIAN DIOR. Precio por gramo sin envase.,false,true,,pcol_01KYNF54AKSX3Y8RFNJ53P89S3,,,,,,,,,,Wed Jul 29 2026 12:59:45 GMT-0500 (Colombia Standard Time),Wed Jul 29 2026 12:59:45 GMT-0500 (Colombia Standard Time),,sc_01KYNCV8FSSEG8B1MQC4QC6DA2,sc_01KYNF4WREP6XDE0A8VADDBEN8,variant_01KYQGGP6TJZ8BBPTCAEND35B1,Default,ess-85-H,,,,false,true,,,,,,,,,30,428,0,,prod_01KYQGGMCFV7K07FQ8ZKR7GGXK,Wed Jul 29 2026 12:59:47 GMT-0500 (Colombia Standard Time),Wed Jul 29 2026 12:59:47 GMT-0500 (Colombia Standard Time),,450,opt_01KYQGGMCGE1N814B4RZXRFN02,Default,Default
prod_01KYQGGMCFW8HBDG28B7K05QCC,faconnable-caballero,FACONNABLE,,published,,Esencia inspirada en FACONNABLE. Precio por gramo sin envase.,false,true,,pcol_01KYNF54AKSX3Y8RFNJ53P89S3,,,,,,,,,,Wed Jul 29 2026 12:59:45 GMT-0500 (Colombia Standard Time),Wed Jul 29 2026 12:59:45 GMT-0500 (Colombia Standard Time),,sc_01KYNCV8FSSEG8B1MQC4QC6DA2,sc_01KYNF4WREP6XDE0A8VADDBEN8,variant_01KYQGGP6TQPQD26GD3ADGV39C,Default,ess-86-H,,,,false,true,,,,,,,,,30,390,0,,prod_01KYQGGMCFW8HBDG28B7K05QCC,Wed Jul 29 2026 12:59:47 GMT-0500 (Colombia Standard Time),Wed Jul 29 2026 12:59:47 GMT-0500 (Colombia Standard Time),,410,opt_01KYQGGMCGBXX8STFS3S98E886,Default,Default
prod_01KYQGGMCFWM08EZCN7F21RDQW,montana-homme-caballero,MONTANA HOMME,,published,,Esencia inspirada en MONTANA. Precio por gramo sin envase.,false,true,,pcol_01KYNF54AKSX3Y8RFNJ53P89S3,,,,,,,,,,Wed Jul 29 2026 12:59:45 GMT-0500 (Colombia Standard Time),Wed Jul 29 2026 12:59:45 GMT-0500 (Colombia Standard Time),,sc_01KYNCV8FSSEG8B1MQC4QC6DA2,sc_01KYNF4WREP6XDE0A8VADDBEN8,variant_01KYQGGP6T2Q11STXCBC3F5XYX,Default,ess-87-H,,,,false,true,,,,,,,,,30,390,0,,prod_01KYQGGMCFWM08EZCN7F21RDQW,Wed Jul 29 2026 12:59:47 GMT-0500 (Colombia Standard Time),Wed Jul 29 2026 12:59:47 GMT-0500 (Colombia Standard Time),,410,opt_01KYQGGMCGH5JCPGFVH14F734Y,Default,Default
prod_01KYQGGMCFZZ3PCR71RW917JPV,solo-caballero,SOLO,,published,,Esencia inspirada en YANBAL. Precio por gramo sin envase.,false,true,,pcol_01KYNF54AKSX3Y8RFNJ53P89S3,,,,,,,,,,Wed Jul 29 2026 12:59:45 GMT-0500 (Colombia Standard Time),Wed Jul 29 2026 12:59:45 GMT-0500 (Colombia Standard Time),,sc_01KYNCV8FSSEG8B1MQC4QC6DA2,sc_01KYNF4WREP6XDE0A8VADDBEN8,variant_01KYQGGP6S90DZ0D7NR6B3NMR0,Default,ess-80-H,,,,false,true,,,,,,,,,30,380,0,,prod_01KYQGGMCFZZ3PCR71RW917JPV,Wed Jul 29 2026 12:59:47 GMT-0500 (Colombia Standard Time),Wed Jul 29 2026 12:59:47 GMT-0500 (Colombia Standard Time),,400,opt_01KYQGGMCFPXEZY1FZTEDFKZ92,Default,Default
prod_01KYQGGQVJ1RDCCYTP94B73W7C,212-vip-black-caballero,212 VIP BLACK,,published,,Esencia inspirada en CAROLINA HERRERA. Precio por gramo sin envase.,false,true,,pcol_01KYNF54AKSX3Y8RFNJ53P89S3,,,,,,,,,,Wed Jul 29 2026 12:59:49 GMT-0500 (Colombia Standard Time),Wed Jul 29 2026 12:59:49 GMT-0500 (Colombia Standard Time),,sc_01KYNCV8FSSEG8B1MQC4QC6DA2,sc_01KYNF4WREP6XDE0A8VADDBEN8,variant_01KYQGGSNS3GQNJHWCBDAVCY49,Default,ess-97-H,,,,false,true,,,,,,,,,30,380,0,,prod_01KYQGGQVJ1RDCCYTP94B73W7C,Wed Jul 29 2026 12:59:51 GMT-0500 (Colombia Standard Time),Wed Jul 29 2026 12:59:51 GMT-0500 (Colombia Standard Time),,400,opt_01KYQGGQVJ2KM9M85FPJR8ACDP,Default,Default
prod_01KYQGGQVJ8WKG8MQEK2DVS2FG,pino-silvestre-caballero,PINO SILVESTRE,,published,,Esencia inspirada en Perfumas. Precio por gramo sin envase.,false,true,,pcol_01KYNF54AKSX3Y8RFNJ53P89S3,,,,,,,,,,Wed Jul 29 2026 12:59:49 GMT-0500 (Colombia Standard Time),Wed Jul 29 2026 12:59:49 GMT-0500 (Colombia Standard Time),,sc_01KYNCV8FSSEG8B1MQC4QC6DA2,sc_01KYNF4WREP6XDE0A8VADDBEN8,variant_01KYQGGSNTTW5AY9H7JEXFD8T3,Default,ess-99-H,,,,false,true,,,,,,,,,30,390,0,,prod_01KYQGGQVJ8WKG8MQEK2DVS2FG,Wed Jul 29 2026 12:59:51 GMT-0500 (Colombia Standard Time),Wed Jul 29 2026 12:59:51 GMT-0500 (Colombia Standard Time),,410,opt_01KYQGGQVKH3F2W1JJ7XV579G5,Default,Default
prod_01KYQGGQVJBBXGHVH5CKVZ153P,arom-caballero,AROM,,published,,Esencia inspirada en YANBAL. Precio por gramo sin envase.,false,true,,pcol_01KYNF54AKSX3Y8RFNJ53P89S3,,,,,,,,,,Wed Jul 29 2026 12:59:49 GMT-0500 (Colombia Standard Time),Wed Jul 29 2026 12:59:49 GMT-0500 (Colombia Standard Time),,sc_01KYNCV8FSSEG8B1MQC4QC6DA2,sc_01KYNF4WREP6XDE0A8VADDBEN8,variant_01KYQGGSNSZS2YK2CGB6811T8R,Default,ess-93-H,,,,false,true,,,,,,,,,30,390,0,,prod_01KYQGGQVJBBXGHVH5CKVZ153P,Wed Jul 29 2026 12:59:51 GMT-0500 (Colombia Standard Time),Wed Jul 29 2026 12:59:51 GMT-0500 (Colombia Standard Time),,410,opt_01KYQGGQVJ5RVJ4Q4P871G88Q9,Default,Default
prod_01KYQGGQVJCFA7TGF0Q6NGXV9Q,solo-caballero-2,SOLO,,published,,Esencia inspirada en LOEWE. Precio por gramo sin envase.,false,true,,pcol_01KYNF54AKSX3Y8RFNJ53P89S3,,,,,,,,,,Wed Jul 29 2026 12:59:49 GMT-0500 (Colombia Standard Time),Wed Jul 29 2026 12:59:49 GMT-0500 (Colombia Standard Time),,sc_01KYNCV8FSSEG8B1MQC4QC6DA2,sc_01KYNF4WREP6XDE0A8VADDBEN8,variant_01KYQGGSNSE1SRP2PQGN3VH1BH,Default,ess-94-H,,,,false,true,,,,,,,,,30,390,0,,prod_01KYQGGQVJCFA7TGF0Q6NGXV9Q,Wed Jul 29 2026 12:59:51 GMT-0500 (Colombia Standard Time),Wed Jul 29 2026 12:59:51 GMT-0500 (Colombia Standard Time),,410,opt_01KYQGGQVJGKJ6RK01R9ZQSYDX,Default,Default
prod_01KYQGGQVJJXM65MMJYFJWC9H0,boss-orange-for-men-caballero,BOSS ORANGE FOR MEN,,published,,Esencia inspirada en HUGO BOSS. Precio por gramo sin envase.,false,true,,pcol_01KYNF54AKSX3Y8RFNJ53P89S3,,,,,,,,,,Wed Jul 29 2026 12:59:49 GMT-0500 (Colombia Standard Time),Wed Jul 29 2026 12:59:49 GMT-0500 (Colombia Standard Time),,sc_01KYNCV8FSSEG8B1MQC4QC6DA2,sc_01KYNF4WREP6XDE0A8VADDBEN8,variant_01KYQGGSNSQHE21EYJ3C1XH8H5,Default,ess-96-H,,,,false,true,,,,,,,,,30,390,0,,prod_01KYQGGQVJJXM65MMJYFJWC9H0,Wed Jul 29 2026 12:59:51 GMT-0500 (Colombia Standard Time),Wed Jul 29 2026 12:59:51 GMT-0500 (Colombia Standard Time),,410,opt_01KYQGGQVJS0BJ59MQJ47QTFCY,Default,Default
prod_01KYQGGQVJME8N8FKXM3K1VM03,l-12-12-yellow-jaune-caballero,L.12.12 YELLOW(JAUNE),,published,,Esencia inspirada en LACOSTE. Precio por gramo sin envase.,false,true,,pcol_01KYNF54AKSX3Y8RFNJ53P89S3,,,,,,,,,,Wed Jul 29 2026 12:59:49 GMT-0500 (Colombia Standard Time),Wed Jul 29 2026 12:59:49 GMT-0500 (Colombia Standard Time),,sc_01KYNCV8FSSEG8B1MQC4QC6DA2,sc_01KYNF4WREP6XDE0A8VADDBEN8,variant_01KYQGGSNS8N6XH1Q5CZ9RTNPS,Default,ess-91-H,,,,false,true,,,,,,,,,30,390,0,,prod_01KYQGGQVJME8N8FKXM3K1VM03,Wed Jul 29 2026 12:59:51 GMT-0500 (Colombia Standard Time),Wed Jul 29 2026 12:59:51 GMT-0500 (Colombia Standard Time),,410,opt_01KYQGGQVJDDGSZK1AF2XMQXKK,Default,Default
prod_01KYQGGQVJS2RNM1S9V83C0FCJ,emblem-caballero,EMBLEM,,published,,Esencia inspirada en MONT BLANC. Precio por gramo sin envase.,false,true,,pcol_01KYNF54AKSX3Y8RFNJ53P89S3,,,,,,,,,,Wed Jul 29 2026 12:59:49 GMT-0500 (Colombia Standard Time),Wed Jul 29 2026 12:59:49 GMT-0500 (Colombia Standard Time),,sc_01KYNCV8FSSEG8B1MQC4QC6DA2,sc_01KYNF4WREP6XDE0A8VADDBEN8,variant_01KYQGGSNRSTB221D1EPQB2G3W,Default,ess-90-H,,,,false,true,,,,,,,,,30,428,0,,prod_01KYQGGQVJS2RNM1S9V83C0FCJ,Wed Jul 29 2026 12:59:51 GMT-0500 (Colombia Standard Time),Wed Jul 29 2026 12:59:51 GMT-0500 (Colombia Standard Time),,450,opt_01KYQGGQVJHQE7NFEWTRNN59C9,Default,Default
prod_01KYQGGQVJTESQ4DB2HA4MF61Q,cr7-caballero,CR7,,published,,Esencia inspirada en CRISTIANO RONALDO. Precio por gramo sin envase.,false,true,,pcol_01KYNF54AKSX3Y8RFNJ53P89S3,,,,,,,,,,Wed Jul 29 2026 12:59:49 GMT-0500 (Colombia Standard Time),Wed Jul 29 2026 12:59:49 GMT-0500 (Colombia Standard Time),,sc_01KYNCV8FSSEG8B1MQC4QC6DA2,sc_01KYNF4WREP6XDE0A8VADDBEN8,variant_01KYQGGSNTB9NQRGD7EMPA6KKW,Default,ess-98-H,,,,false,true,,,,,,,,,30,390,0,,prod_01KYQGGQVJTESQ4DB2HA4MF61Q,Wed Jul 29 2026 12:59:51 GMT-0500 (Colombia Standard Time),Wed Jul 29 2026 12:59:51 GMT-0500 (Colombia Standard Time),,410,opt_01KYQGGQVJB027TEC6VE480C4A,Default,Default
prod_01KYQGGQVJTZVSPGCRZVKJ2D7K,pure-xs-caballero,PURE XS,,published,,Esencia inspirada en PACO RABANNE. Precio por gramo sin envase.,false,true,,pcol_01KYNF54AKSX3Y8RFNJ53P89S3,,,,,,,,,,Wed Jul 29 2026 12:59:49 GMT-0500 (Colombia Standard Time),Wed Jul 29 2026 12:59:49 GMT-0500 (Colombia Standard Time),,sc_01KYNCV8FSSEG8B1MQC4QC6DA2,sc_01KYNF4WREP6XDE0A8VADDBEN8,variant_01KYQGGSNSY3AEKVZ64GYEESKF,Default,ess-92-H,,,,false,true,,,,,,,,,30,390,0,,prod_01KYQGGQVJTZVSPGCRZVKJ2D7K,Wed Jul 29 2026 12:59:51 GMT-0500 (Colombia Standard Time),Wed Jul 29 2026 12:59:51 GMT-0500 (Colombia Standard Time),,410,opt_01KYQGGQVJ6MT9SE53Y2RD814D,Default,Default
prod_01KYQGGQVJV33FPMN52SPWANE7,212-sexy-men-caballero,212 SEXY MEN,,published,,Esencia inspirada en CAROLINA HERRERA. Precio por gramo sin envase.,false,true,,pcol_01KYNF54AKSX3Y8RFNJ53P89S3,,,,,,,,,,Wed Jul 29 2026 12:59:49 GMT-0500 (Colombia Standard Time),Wed Jul 29 2026 12:59:49 GMT-0500 (Colombia Standard Time),,sc_01KYNCV8FSSEG8B1MQC4QC6DA2,sc_01KYNF4WREP6XDE0A8VADDBEN8,variant_01KYQGGSNS54QQ0G0877D0Z51X,Default,ess-95-H,,,,false,true,,,,,,,,,30,390,0,,prod_01KYQGGQVJV33FPMN52SPWANE7,Wed Jul 29 2026 12:59:51 GMT-0500 (Colombia Standard Time),Wed Jul 29 2026 12:59:51 GMT-0500 (Colombia Standard Time),,410,opt_01KYQGGQVJZNKTF46AQC4VTADE,Default,Default
prod_01KYQGGVAR17RHZEEM4Y7TJA2K,hugo-energise-caballero,HUGO ENERGISE,,published,,Esencia inspirada en HUGO BOSS. Precio por gramo sin envase.,false,true,,pcol_01KYNF54AKSX3Y8RFNJ53P89S3,,,,,,,,,,Wed Jul 29 2026 12:59:52 GMT-0500 (Colombia Standard Time),Wed Jul 29 2026 12:59:52 GMT-0500 (Colombia Standard Time),,sc_01KYNCV8FSSEG8B1MQC4QC6DA2,sc_01KYNF4WREP6XDE0A8VADDBEN8,variant_01KYQGGX51KZW4FTY131A77TAA,Default,ess-106-H,,,,false,true,,,,,,,,,30,380,0,,prod_01KYQGGVAR17RHZEEM4Y7TJA2K,Wed Jul 29 2026 12:59:54 GMT-0500 (Colombia Standard Time),Wed Jul 29 2026 12:59:54 GMT-0500 (Colombia Standard Time),,400,opt_01KYQGGVASKK61RJ4YA4H1S4FT,Default,Default
prod_01KYQGGVAR3CK9NN6HYZ6YZ9X2,challenge-caballero,CHALLENGE,,published,,Esencia inspirada en LACOSTE. Precio por gramo sin envase.,false,true,,pcol_01KYNF54AKSX3Y8RFNJ53P89S3,,,,,,,,,,Wed Jul 29 2026 12:59:52 GMT-0500 (Colombia Standard Time),Wed Jul 29 2026 12:59:52 GMT-0500 (Colombia Standard Time),,sc_01KYNCV8FSSEG8B1MQC4QC6DA2,sc_01KYNF4WREP6XDE0A8VADDBEN8,variant_01KYQGGX51MYMSBKRQDP21RT53,Default,ess-107-H,,,,false,true,,,,,,,,,30,390,0,,prod_01KYQGGVAR3CK9NN6HYZ6YZ9X2,Wed Jul 29 2026 12:59:54 GMT-0500 (Colombia Standard Time),Wed Jul 29 2026 12:59:54 GMT-0500 (Colombia Standard Time),,410,opt_01KYQGGVASZ0HD7T3195BQ6A6W,Default,Default
prod_01KYQGGVAR3M75JXCNBN5KNWMW,diesel-plus-caballero,DIESEL PLUS,,published,,Esencia inspirada en DIESEL. Precio por gramo sin envase.,false,true,,pcol_01KYNF54AKSX3Y8RFNJ53P89S3,,,,,,,,,,Wed Jul 29 2026 12:59:52 GMT-0500 (Colombia Standard Time),Wed Jul 29 2026 12:59:52 GMT-0500 (Colombia Standard Time),,sc_01KYNCV8FSSEG8B1MQC4QC6DA2,sc_01KYNF4WREP6XDE0A8VADDBEN8,variant_01KYQGGX51NEPXEPZYFF9EB83H,Default,ess-108-H,,,,false,true,,,,,,,,,30,380,0,,prod_01KYQGGVAR3M75JXCNBN5KNWMW,Wed Jul 29 2026 12:59:54 GMT-0500 (Colombia Standard Time),Wed Jul 29 2026 12:59:54 GMT-0500 (Colombia Standard Time),,400,opt_01KYQGGVASFCZCBB1WS0PPRY85,Default,Default
prod_01KYQGGVARBKY0RC93Q8P3W1S0,ohm-blue-caballero,OHM BLUE,,published,,Esencia inspirada en YANBAL. Precio por gramo sin envase.,false,true,,pcol_01KYNF54AKSX3Y8RFNJ53P89S3,,,,,,,,,,Wed Jul 29 2026 12:59:52 GMT-0500 (Colombia Standard Time),Wed Jul 29 2026 12:59:52 GMT-0500 (Colombia Standard Time),,sc_01KYNCV8FSSEG8B1MQC4QC6DA2,sc_01KYNF4WREP6XDE0A8VADDBEN8,variant_01KYQGGX51VG0RJAN29VDN0ED4,Default,ess-105-H,,,,false,true,,,,,,,,,30,428,0,,prod_01KYQGGVARBKY0RC93Q8P3W1S0,Wed Jul 29 2026 12:59:54 GMT-0500 (Colombia Standard Time),Wed Jul 29 2026 12:59:54 GMT-0500 (Colombia Standard Time),,450,opt_01KYQGGVASNS1W6ZQ52V2583Z1,Default,Default
prod_01KYQGGVARC9T2PE6J3DW73ZKP,mercedes-benz-caballero,MERCEDES BENZ,,published,,Esencia inspirada en MERCEDES BENZ. Precio por gramo sin envase.,false,true,,pcol_01KYNF54AKSX3Y8RFNJ53P89S3,,,,,,,,,,Wed Jul 29 2026 12:59:52 GMT-0500 (Colombia Standard Time),Wed Jul 29 2026 12:59:52 GMT-0500 (Colombia Standard Time),,sc_01KYNCV8FSSEG8B1MQC4QC6DA2,sc_01KYNF4WREP6XDE0A8VADDBEN8,variant_01KYQGGX52PE5Q43HGHBVHCM6X,Default,ess-110-H,,,,false,true,,,,,,,,,30,390,0,,prod_01KYQGGVARC9T2PE6J3DW73ZKP,Wed Jul 29 2026 12:59:54 GMT-0500 (Colombia Standard Time),Wed Jul 29 2026 12:59:54 GMT-0500 (Colombia Standard Time),,410,opt_01KYQGGVAS2YVC69BBSZTESJVB,Default,Default
prod_01KYQGGVARD1FK1R9BNYHSKP3C,aventus-caballero,AVENTUS,,published,,Esencia inspirada en CREED. Precio por gramo sin envase.,false,true,,pcol_01KYNF54AKSX3Y8RFNJ53P89S3,,,,,,,,,,Wed Jul 29 2026 12:59:52 GMT-0500 (Colombia Standard Time),Wed Jul 29 2026 12:59:52 GMT-0500 (Colombia Standard Time),,sc_01KYNCV8FSSEG8B1MQC4QC6DA2,sc_01KYNF4WREP6XDE0A8VADDBEN8,variant_01KYQGGX511TJCMYJDNWXT4WJM,Default,ess-104-H,,,,false,true,,,,,,,,,30,390,0,,prod_01KYQGGVARD1FK1R9BNYHSKP3C,Wed Jul 29 2026 12:59:54 GMT-0500 (Colombia Standard Time),Wed Jul 29 2026 12:59:54 GMT-0500 (Colombia Standard Time),,410,opt_01KYQGGVASW8W223QRTT5TMADB,Default,Default
prod_01KYQGGVARDS0QY7KBYG9TX3G3,dorsay-caballero,DORSAY,,published,,Esencia inspirada en ESIKA. Precio por gramo sin envase.,false,true,,pcol_01KYNF54AKSX3Y8RFNJ53P89S3,,,,,,,,,,Wed Jul 29 2026 12:59:52 GMT-0500 (Colombia Standard Time),Wed Jul 29 2026 12:59:52 GMT-0500 (Colombia Standard Time),,sc_01KYNCV8FSSEG8B1MQC4QC6DA2,sc_01KYNF4WREP6XDE0A8VADDBEN8,variant_01KYQGGX51WWXHTB74ZCH1Z520,Default,ess-103-H,,,,false,true,,,,,,,,,30,380,0,,prod_01KYQGGVARDS0QY7KBYG9TX3G3,Wed Jul 29 2026 12:59:54 GMT-0500 (Colombia Standard Time),Wed Jul 29 2026 12:59:54 GMT-0500 (Colombia Standard Time),,400,opt_01KYQGGVASGB0GNVVNYNGQTQJZ,Default,Default
prod_01KYQGGVARP76VWBFXYYHNANQ5,bad-boy-caballero,BAD BOY,,published,,Esencia inspirada en CAROLINA HERRERA. Precio por gramo sin envase.,false,true,,pcol_01KYNF54AKSX3Y8RFNJ53P89S3,,,,,,,,,,Wed Jul 29 2026 12:59:52 GMT-0500 (Colombia Standard Time),Wed Jul 29 2026 12:59:52 GMT-0500 (Colombia Standard Time),,sc_01KYNCV8FSSEG8B1MQC4QC6DA2,sc_01KYNF4WREP6XDE0A8VADDBEN8,variant_01KYQGGX51YEWZNS6R0CP655W0,Default,ess-102-H,,,,false,true,,,,,,,,,30,380,0,,prod_01KYQGGVARP76VWBFXYYHNANQ5,Wed Jul 29 2026 12:59:54 GMT-0500 (Colombia Standard Time),Wed Jul 29 2026 12:59:54 GMT-0500 (Colombia Standard Time),,400,opt_01KYQGGVASJ99C60M61R0NQZNF,Default,Default
prod_01KYQGGVARW5GQKNBEDVKPVQ04,sauvage-caballero,SAUVAGE,,published,,Esencia inspirada en CHRISTIAN DIOR. Precio por gramo sin envase.,false,true,,pcol_01KYNF54AKSX3Y8RFNJ53P89S3,,,,,,,,,,Wed Jul 29 2026 12:59:52 GMT-0500 (Colombia Standard Time),Wed Jul 29 2026 12:59:52 GMT-0500 (Colombia Standard Time),,sc_01KYNCV8FSSEG8B1MQC4QC6DA2,sc_01KYNF4WREP6XDE0A8VADDBEN8,variant_01KYQGGX516FXZ7VD81KCTHQKH,Default,ess-100-H,,,,false,true,,,,,,,,,30,380,0,,prod_01KYQGGVARW5GQKNBEDVKPVQ04,Wed Jul 29 2026 12:59:54 GMT-0500 (Colombia Standard Time),Wed Jul 29 2026 12:59:54 GMT-0500 (Colombia Standard Time),,400,opt_01KYQGGVASZCEAT78TZG9VEA4Y,Default,Default
prod_01KYQGGVARYSCWFX16ZGBZKT6Y,1-million-lucky-caballero,1 MILLION LUCKY,,published,,Esencia inspirada en PACO RABANNE. Precio por gramo sin envase.,false,true,,pcol_01KYNF54AKSX3Y8RFNJ53P89S3,,,,,,,,,,Wed Jul 29 2026 12:59:52 GMT-0500 (Colombia Standard Time),Wed Jul 29 2026 12:59:52 GMT-0500 (Colombia Standard Time),,sc_01KYNCV8FSSEG8B1MQC4QC6DA2,sc_01KYNF4WREP6XDE0A8VADDBEN8,variant_01KYQGGX51547B0NE6C6RKNJAG,Default,ess-109-H,,,,false,true,,,,,,,,,30,380,0,,prod_01KYQGGVARYSCWFX16ZGBZKT6Y,Wed Jul 29 2026 12:59:54 GMT-0500 (Colombia Standard Time),Wed Jul 29 2026 12:59:54 GMT-0500 (Colombia Standard Time),,400,opt_01KYQGGVAS9GX7130JA9RZGG9Y,Default,Default
prod_01KYQGGYSN138H7858044TKS2Z,scandal-caballero,SCANDAL,,published,,Esencia inspirada en JEAN PAUL GAULTIER. Precio por gramo sin envase.,false,true,,pcol_01KYNF54AKSX3Y8RFNJ53P89S3,,,,,,,,,,Wed Jul 29 2026 12:59:56 GMT-0500 (Colombia Standard Time),Wed Jul 29 2026 12:59:56 GMT-0500 (Colombia Standard Time),,sc_01KYNCV8FSSEG8B1MQC4QC6DA2,sc_01KYNF4WREP6XDE0A8VADDBEN8,variant_01KYQGH0KXYP3CZXYJZBWK3ZKA,Default,ess-117-H,,,,false,true,,,,,,,,,30,380,0,,prod_01KYQGGYSN138H7858044TKS2Z,Wed Jul 29 2026 12:59:58 GMT-0500 (Colombia Standard Time),Wed Jul 29 2026 12:59:58 GMT-0500 (Colombia Standard Time),,400,opt_01KYQGGYSP6VADNA10G7PG3FMA,Default,Default
prod_01KYQGGYSN27PEH4QVBKQ64YGY,bad-caballero,BAD,,published,,Esencia inspirada en DIESEL. Precio por gramo sin envase.,false,true,,pcol_01KYNF54AKSX3Y8RFNJ53P89S3,,,,,,,,,,Wed Jul 29 2026 12:59:56 GMT-0500 (Colombia Standard Time),Wed Jul 29 2026 12:59:56 GMT-0500 (Colombia Standard Time),,sc_01KYNCV8FSSEG8B1MQC4QC6DA2,sc_01KYNF4WREP6XDE0A8VADDBEN8,variant_01KYQGH0KXFCR51PTSEAFGH5F2,Default,ess-111-H,,,,false,true,,,,,,,,,30,390,0,,prod_01KYQGGYSN27PEH4QVBKQ64YGY,Wed Jul 29 2026 12:59:58 GMT-0500 (Colombia Standard Time),Wed Jul 29 2026 12:59:58 GMT-0500 (Colombia Standard Time),,410,opt_01KYQGGYSPZ5DEF3EZCM4381RF,Default,Default
prod_01KYQGGYSNDF1NZV03MM2BE2JT,osadia-caballero,OSADIA,,published,,Esencia inspirada en YANBAL. Precio por gramo sin envase.,false,true,,pcol_01KYNF54AKSX3Y8RFNJ53P89S3,,,,,,,,,,Wed Jul 29 2026 12:59:56 GMT-0500 (Colombia Standard Time),Wed Jul 29 2026 12:59:56 GMT-0500 (Colombia Standard Time),,sc_01KYNCV8FSSEG8B1MQC4QC6DA2,sc_01KYNF4WREP6XDE0A8VADDBEN8,variant_01KYQGH0KXF8KJARY3TMTJ658B,Default,ess-115-H,,,,false,true,,,,,,,,,30,380,0,,prod_01KYQGGYSNDF1NZV03MM2BE2JT,Wed Jul 29 2026 12:59:58 GMT-0500 (Colombia Standard Time),Wed Jul 29 2026 12:59:58 GMT-0500 (Colombia Standard Time),,400,opt_01KYQGGYSP2QES8YHFGTHN5QPP,Default,Default
prod_01KYQGGYSNJA7Z8MTAVHJ8BHEQ,phantom-caballero,PHANTOM,,published,,Esencia inspirada en PACO RABANNE. Precio por gramo sin envase.,false,true,,pcol_01KYNF54AKSX3Y8RFNJ53P89S3,,,,,,,,,,Wed Jul 29 2026 12:59:56 GMT-0500 (Colombia Standard Time),Wed Jul 29 2026 12:59:56 GMT-0500 (Colombia Standard Time),,sc_01KYNCV8FSSEG8B1MQC4QC6DA2,sc_01KYNF4WREP6XDE0A8VADDBEN8,variant_01KYQGH0KXKF0TNAHN6YZT9K5E,Default,ess-113-H,,,,false,true,,,,,,,,,30,380,0,,prod_01KYQGGYSNJA7Z8MTAVHJ8BHEQ,Wed Jul 29 2026 12:59:58 GMT-0500 (Colombia Standard Time),Wed Jul 29 2026 12:59:58 GMT-0500 (Colombia Standard Time),,400,opt_01KYQGGYSP232SRND8FH70YR5H,Default,Default
prod_01KYQGGYSNKQZBF5DGVA8AKFDZ,amber-oud-caballero,AMBER OUD,,published,,Esencia inspirada en AL HARAMAIN. Precio por gramo sin envase.,false,true,,pcol_01KYNF54AKSX3Y8RFNJ53P89S3,,,,,,,,,,Wed Jul 29 2026 12:59:56 GMT-0500 (Colombia Standard Time),Wed Jul 29 2026 12:59:56 GMT-0500 (Colombia Standard Time),,sc_01KYNCV8FSSEG8B1MQC4QC6DA2,sc_01KYNF4WREP6XDE0A8VADDBEN8,variant_01KYQGH0KX40V80Z07G2V7SXK4,Default,ess-114-H,,,,false,true,,,,,,,,,30,380,0,,prod_01KYQGGYSNKQZBF5DGVA8AKFDZ,Wed Jul 29 2026 12:59:58 GMT-0500 (Colombia Standard Time),Wed Jul 29 2026 12:59:58 GMT-0500 (Colombia Standard Time),,400,opt_01KYQGGYSP63FAWKPTPS4PSPZV,Default,Default
prod_01KYQGGYSNN1PXPMYY70W75S4F,212-heroes-caballero,212 HEROES,,published,,Esencia inspirada en CAROLINA HERRERA. Precio por gramo sin envase.,false,true,,pcol_01KYNF54AKSX3Y8RFNJ53P89S3,,,,,,,,,,Wed Jul 29 2026 12:59:56 GMT-0500 (Colombia Standard Time),Wed Jul 29 2026 12:59:56 GMT-0500 (Colombia Standard Time),,sc_01KYNCV8FSSEG8B1MQC4QC6DA2,sc_01KYNF4WREP6XDE0A8VADDBEN8,variant_01KYQGH0KYX3FZG4GYE3PPSN8S,Default,ess-119-H,,,,false,true,,,,,,,,,30,390,0,,prod_01KYQGGYSNN1PXPMYY70W75S4F,Wed Jul 29 2026 12:59:58 GMT-0500 (Colombia Standard Time),Wed Jul 29 2026 12:59:58 GMT-0500 (Colombia Standard Time),,410,opt_01KYQGGYSPH10N893MS613BXXW,Default,Default
prod_01KYQGGYSNR7QJGQN48VYT5HH6,impact-caballero,IMPACT,,published,,Esencia inspirada en TOMMY HILFIGER. Precio por gramo sin envase.,false,true,,pcol_01KYNF54AKSX3Y8RFNJ53P89S3,,,,,,,,,,Wed Jul 29 2026 12:59:56 GMT-0500 (Colombia Standard Time),Wed Jul 29 2026 12:59:56 GMT-0500 (Colombia Standard Time),,sc_01KYNCV8FSSEG8B1MQC4QC6DA2,sc_01KYNF4WREP6XDE0A8VADDBEN8,variant_01KYQGH0KXVP6R8GWGJ4DF8R3A,Default,ess-112-H,,,,false,true,,,,,,,,,30,390,0,,prod_01KYQGGYSNR7QJGQN48VYT5HH6,Wed Jul 29 2026 12:59:58 GMT-0500 (Colombia Standard Time),Wed Jul 29 2026 12:59:58 GMT-0500 (Colombia Standard Time),,410,opt_01KYQGGYSP9PEPE27A0K8X74D9,Default,Default
prod_01KYQGGYSNY1R8D73VGKEYXT2T,toy-boy-caballero,TOY BOY,,published,,Esencia inspirada en MOSCHINO. Precio por gramo sin envase.,false,true,,pcol_01KYNF54AKSX3Y8RFNJ53P89S3,,,,,,,,,,Wed Jul 29 2026 12:59:56 GMT-0500 (Colombia Standard Time),Wed Jul 29 2026 12:59:56 GMT-0500 (Colombia Standard Time),,sc_01KYNCV8FSSEG8B1MQC4QC6DA2,sc_01KYNF4WREP6XDE0A8VADDBEN8,variant_01KYQGH0KYY659T87GF3X0HEFE,Default,ess-118-H,,,,false,true,,,,,,,,,30,380,0,,prod_01KYQGGYSNY1R8D73VGKEYXT2T,Wed Jul 29 2026 12:59:58 GMT-0500 (Colombia Standard Time),Wed Jul 29 2026 12:59:58 GMT-0500 (Colombia Standard Time),,400,opt_01KYQGGYSPY9GDW16ZNNMW0443,Default,Default
prod_01KYQGGYSNYJKVRVM0V83W5W04,temptation-caballero,TEMPTATION,,published,,Esencia inspirada en YANBAL. Precio por gramo sin envase.,false,true,,pcol_01KYNF54AKSX3Y8RFNJ53P89S3,,,,,,,,,,Wed Jul 29 2026 12:59:56 GMT-0500 (Colombia Standard Time),Wed Jul 29 2026 12:59:56 GMT-0500 (Colombia Standard Time),,sc_01KYNCV8FSSEG8B1MQC4QC6DA2,sc_01KYNF4WREP6XDE0A8VADDBEN8,variant_01KYQGH0KXF9QSZEF3XV08G93F,Default,ess-116-H,,,,false,true,,,,,,,,,30,380,0,,prod_01KYQGGYSNYJKVRVM0V83W5W04,Wed Jul 29 2026 12:59:58 GMT-0500 (Colombia Standard Time),Wed Jul 29 2026 12:59:58 GMT-0500 (Colombia Standard Time),,400,opt_01KYQGGYSPE53AEW3CZ38H407F,Default,Default
prod_01KYQGGYSPX8GEM0PC032AR7DP,winner-sport-caballero,WINNER SPORT,,published,,Esencia inspirada en ESIKA. Precio por gramo sin envase.,false,true,,pcol_01KYNF54AKSX3Y8RFNJ53P89S3,,,,,,,,,,Wed Jul 29 2026 12:59:56 GMT-0500 (Colombia Standard Time),Wed Jul 29 2026 12:59:56 GMT-0500 (Colombia Standard Time),,sc_01KYNCV8FSSEG8B1MQC4QC6DA2,sc_01KYNF4WREP6XDE0A8VADDBEN8,variant_01KYQGH0KYS88ZRBYYEVPGWRGC,Default,ess-120-H,,,,false,true,,,,,,,,,30,428,0,,prod_01KYQGGYSPX8GEM0PC032AR7DP,Wed Jul 29 2026 12:59:58 GMT-0500 (Colombia Standard Time),Wed Jul 29 2026 12:59:58 GMT-0500 (Colombia Standard Time),,450,opt_01KYQGGYSPRQVVJ18Q39M5PFDA,Default,Default
prod_01KYQGH28T3XC5PJJS7DM7S7Y7,superman-caballero,SUPERMAN,,published,,Esencia inspirada en Perfumas. Precio por gramo sin envase.,false,true,,pcol_01KYNF54AKSX3Y8RFNJ53P89S3,,,,,,,,,,Wed Jul 29 2026 13:00:00 GMT-0500 (Colombia Standard Time),Wed Jul 29 2026 13:00:00 GMT-0500 (Colombia Standard Time),,sc_01KYNCV8FSSEG8B1MQC4QC6DA2,sc_01KYNF4WREP6XDE0A8VADDBEN8,variant_01KYQGH437QBKRRE1DMZ4ZK4Y6,Default,ess-125-H,,,,false,true,,,,,,,,,30,380,0,,prod_01KYQGH28T3XC5PJJS7DM7S7Y7,Wed Jul 29 2026 13:00:01 GMT-0500 (Colombia Standard Time),Wed Jul 29 2026 13:00:01 GMT-0500 (Colombia Standard Time),,400,opt_01KYQGH28VJKQ692RZWNDZN97C,Default,Default
prod_01KYQGH28T4Z594AE1AK8WY40T,dylan-blue-caballero,DYLAN BLUE,,published,,Esencia inspirada en VERSACE. Precio por gramo sin envase.,false,true,,pcol_01KYNF54AKSX3Y8RFNJ53P89S3,,,,,,,,,,Wed Jul 29 2026 13:00:00 GMT-0500 (Colombia Standard Time),Wed Jul 29 2026 13:00:00 GMT-0500 (Colombia Standard Time),,sc_01KYNCV8FSSEG8B1MQC4QC6DA2,sc_01KYNF4WREP6XDE0A8VADDBEN8,variant_01KYQGH437G7YCM8P3TFV2GRET,Default,ess-122-H,,,,false,true,,,,,,,,,30,390,0,,prod_01KYQGH28T4Z594AE1AK8WY40T,Wed Jul 29 2026 13:00:01 GMT-0500 (Colombia Standard Time),Wed Jul 29 2026 13:00:01 GMT-0500 (Colombia Standard Time),,410,opt_01KYQGH28V3SZF5N5350V045K1,Default,Default
prod_01KYQGH28T77TMQDJX0TAZNRJP,tobacco-vanille-unisex-caballero,"TOBACCO VANILLE ""UNISEX""",,published,,Esencia inspirada en TOM FORD. Precio por gramo sin envase.,false,true,,pcol_01KYNF54AKSX3Y8RFNJ53P89S3,,,,,,,,,,Wed Jul 29 2026 13:00:00 GMT-0500 (Colombia Standard Time),Wed Jul 29 2026 13:00:00 GMT-0500 (Colombia Standard Time),,sc_01KYNCV8FSSEG8B1MQC4QC6DA2,sc_01KYNF4WREP6XDE0A8VADDBEN8,variant_01KYQGH437YMCM1MAF1ZAAM6R2,Default,ess-121-H,,,,false,true,,,,,,,,,30,428,0,,prod_01KYQGH28T77TMQDJX0TAZNRJP,Wed Jul 29 2026 13:00:01 GMT-0500 (Colombia Standard Time),Wed Jul 29 2026 13:00:01 GMT-0500 (Colombia Standard Time),,450,opt_01KYQGH28VT53E6CY0Y8KMWDT4,Default,Default
prod_01KYQGH28TCGWVXA9RC1FJWAVN,club-de-nuit-intense-man-caballero,CLUB DE NUIT INTENSE MAN,,published,,Esencia inspirada en ARMAF. Precio por gramo sin envase.,false,true,,pcol_01KYNF54AKSX3Y8RFNJ53P89S3,,,,,,,,,,Wed Jul 29 2026 13:00:00 GMT-0500 (Colombia Standard Time),Wed Jul 29 2026 13:00:00 GMT-0500 (Colombia Standard Time),,sc_01KYNCV8FSSEG8B1MQC4QC6DA2,sc_01KYNF4WREP6XDE0A8VADDBEN8,variant_01KYQGH4377BBWTJS740ASMSBZ,Default,ess-124-H,,,,false,true,,,,,,,,,30,390,0,,prod_01KYQGH28TCGWVXA9RC1FJWAVN,Wed Jul 29 2026 13:00:01 GMT-0500 (Colombia Standard Time),Wed Jul 29 2026 13:00:01 GMT-0500 (Colombia Standard Time),,410,opt_01KYQGH28V9S0DJAYE4382Q9F8,Default,Default
prod_01KYQGH28TG1MGZ4WKKSBMY7N5,himalaya-caballero,HIMALAYA,,published,,Esencia inspirada en CREED. Precio por gramo sin envase.,false,true,,pcol_01KYNF54AKSX3Y8RFNJ53P89S3,,,,,,,,,,Wed Jul 29 2026 13:00:00 GMT-0500 (Colombia Standard Time),Wed Jul 29 2026 13:00:00 GMT-0500 (Colombia Standard Time),,sc_01KYNCV8FSSEG8B1MQC4QC6DA2,sc_01KYNF4WREP6XDE0A8VADDBEN8,variant_01KYQGH437HQJ8SZ6PMYE8XHG9,Default,ess-123-H,,,,false,true,,,,,,,,,30,428,0,,prod_01KYQGH28TG1MGZ4WKKSBMY7N5,Wed Jul 29 2026 13:00:01 GMT-0500 (Colombia Standard Time),Wed Jul 29 2026 13:00:01 GMT-0500 (Colombia Standard Time),,450,opt_01KYQGH28V2SQ834CYV0496R53,Default,Default
prod_01KYQGH28TJK3MEJ3Z31T7J4GN,batman-caballero,BATMAN,,published,,Esencia inspirada en Perfumas. Precio por gramo sin envase.,false,true,,pcol_01KYNF54AKSX3Y8RFNJ53P89S3,,,,,,,,,,Wed Jul 29 2026 13:00:00 GMT-0500 (Colombia Standard Time),Wed Jul 29 2026 13:00:00 GMT-0500 (Colombia Standard Time),,sc_01KYNCV8FSSEG8B1MQC4QC6DA2,sc_01KYNF4WREP6XDE0A8VADDBEN8,variant_01KYQGH437K69SMT2B4DBVSYKM,Default,ess-126-H,,,,false,true,,,,,,,,,30,380,0,,prod_01KYQGH28TJK3MEJ3Z31T7J4GN,Wed Jul 29 2026 13:00:01 GMT-0500 (Colombia Standard Time),Wed Jul 29 2026 13:00:01 GMT-0500 (Colombia Standard Time),,400,opt_01KYQGH28V1K1Z32K34GN3ST0K,Default,Default
prod_01KYQGH28TWNZDQ0NTNWGR6AC9,acqua-di-gio-profumo-caballero,ACQUA DI GIO PROFUMO,,published,,Esencia inspirada en GIORGIO ARMANI. Precio por gramo sin envase.,false,true,,pcol_01KYNF54AKSX3Y8RFNJ53P89S3,,,,,,,,,,Wed Jul 29 2026 13:00:00 GMT-0500 (Colombia Standard Time),Wed Jul 29 2026 13:00:00 GMT-0500 (Colombia Standard Time),,sc_01KYNCV8FSSEG8B1MQC4QC6DA2,sc_01KYNF4WREP6XDE0A8VADDBEN8,variant_01KYQGH437TG7V07JZY6MVJES9,Default,ess-127-H,,,,false,true,,,,,,,,,30,380,0,,prod_01KYQGH28TWNZDQ0NTNWGR6AC9,Wed Jul 29 2026 13:00:01 GMT-0500 (Colombia Standard Time),Wed Jul 29 2026 13:00:01 GMT-0500 (Colombia Standard Time),,400,opt_01KYQGH28V1XSE8YAQXRHRKME3,Default,Default
prod_01KYQGH28TXD1YYM799GCSCZQ4,king-caballero,KING,,published,,Esencia inspirada en BHARARA. Precio por gramo sin envase.,false,true,,pcol_01KYNF54AKSX3Y8RFNJ53P89S3,,,,,,,,,,Wed Jul 29 2026 13:00:00 GMT-0500 (Colombia Standard Time),Wed Jul 29 2026 13:00:00 GMT-0500 (Colombia Standard Time),,sc_01KYNCV8FSSEG8B1MQC4QC6DA2,sc_01KYNF4WREP6XDE0A8VADDBEN8,variant_01KYQGH437BJH5ASYHTB122GZ3,Default,ess-128-H,,,,false,true,,,,,,,,,30,380,0,,prod_01KYQGH28TXD1YYM799GCSCZQ4,Wed Jul 29 2026 13:00:01 GMT-0500 (Colombia Standard Time),Wed Jul 29 2026 13:00:01 GMT-0500 (Colombia Standard Time),,400,opt_01KYQGH28V2JFJD1PDYPMXTYB1,Default,Default
prod_01KYQGH28V1S44KCWKWVV9YTKX,bade-e-al-oud-honor-glory-unisex-caballero,"BADE'E AL OUD HONOR & GLORY ""UNISEX""",,published,,Esencia inspirada en LATTAFA. Precio por gramo sin envase.,false,true,,pcol_01KYNF54AKSX3Y8RFNJ53P89S3,,,,,,,,,,Wed Jul 29 2026 13:00:00 GMT-0500 (Colombia Standard Time),Wed Jul 29 2026 13:00:00 GMT-0500 (Colombia Standard Time),,sc_01KYNCV8FSSEG8B1MQC4QC6DA2,sc_01KYNF4WREP6XDE0A8VADDBEN8,variant_01KYQGH438QJ98JE0AFNE8WK7P,Default,ess-130-H,,,,false,true,,,,,,,,,30,380,0,,prod_01KYQGH28V1S44KCWKWVV9YTKX,Wed Jul 29 2026 13:00:01 GMT-0500 (Colombia Standard Time),Wed Jul 29 2026 13:00:01 GMT-0500 (Colombia Standard Time),,400,opt_01KYQGH28VMW6VTV959WHWXCEP,Default,Default
prod_01KYQGH28VCTTWSJMZ886SF2Y0,asad-caballero,ASAD,,published,,Esencia inspirada en LATTAFA. Precio por gramo sin envase.,false,true,,pcol_01KYNF54AKSX3Y8RFNJ53P89S3,,,,,,,,,,Wed Jul 29 2026 13:00:00 GMT-0500 (Colombia Standard Time),Wed Jul 29 2026 13:00:00 GMT-0500 (Colombia Standard Time),,sc_01KYNCV8FSSEG8B1MQC4QC6DA2,sc_01KYNF4WREP6XDE0A8VADDBEN8,variant_01KYQGH437YVNPZVQ1XRRW6PPC,Default,ess-129-H,,,,false,true,,,,,,,,,30,380,0,,prod_01KYQGH28VCTTWSJMZ886SF2Y0,Wed Jul 29 2026 13:00:01 GMT-0500 (Colombia Standard Time),Wed Jul 29 2026 13:00:01 GMT-0500 (Colombia Standard Time),,400,opt_01KYQGH28VRKANSHCQX8VMMGP0,Default,Default
prod_01KYQGH5R70JTZ9H8TAYK4YBG9,kaiak-caballero,KAIAK,,published,,Esencia inspirada en NATURA. Precio por gramo sin envase.,false,true,,pcol_01KYNF54AKSX3Y8RFNJ53P89S3,,,,,,,,,,Wed Jul 29 2026 13:00:03 GMT-0500 (Colombia Standard Time),Wed Jul 29 2026 13:00:03 GMT-0500 (Colombia Standard Time),,sc_01KYNCV8FSSEG8B1MQC4QC6DA2,sc_01KYNF4WREP6XDE0A8VADDBEN8,variant_01KYQGH7JTCTXT0V35D2ZDWRH5,Default,ess-136-H,,,,false,true,,,,,,,,,30,380,0,,prod_01KYQGH5R70JTZ9H8TAYK4YBG9,Wed Jul 29 2026 13:00:05 GMT-0500 (Colombia Standard Time),Wed Jul 29 2026 13:00:05 GMT-0500 (Colombia Standard Time),,400,opt_01KYQGH5R8WZ4MCNXH4A884QZ1,Default,Default
prod_01KYQGH5R74ZGVF5DQ8NBCSK5T,le-beau-caballero,LE BEAU,,published,,Esencia inspirada en JEAN PAUL GAULTIER. Precio por gramo sin envase.,false,true,,pcol_01KYNF54AKSX3Y8RFNJ53P89S3,,,,,,,,,,Wed Jul 29 2026 13:00:03 GMT-0500 (Colombia Standard Time),Wed Jul 29 2026 13:00:03 GMT-0500 (Colombia Standard Time),,sc_01KYNCV8FSSEG8B1MQC4QC6DA2,sc_01KYNF4WREP6XDE0A8VADDBEN8,variant_01KYQGH7JTVEH00CKXPD82TXHW,Default,ess-137-H,,,,false,true,,,,,,,,,30,380,0,,prod_01KYQGH5R74ZGVF5DQ8NBCSK5T,Wed Jul 29 2026 13:00:05 GMT-0500 (Colombia Standard Time),Wed Jul 29 2026 13:00:05 GMT-0500 (Colombia Standard Time),,400,opt_01KYQGH5R8PFJ0FH9VDM1JJKRH,Default,Default
prod_01KYQGH5R78AYDS77RABR1W5CY,amber-rouge-unisex-caballero,"AMBER ROUGE ""UNISEX""",,published,,Esencia inspirada en ORIENTICA. Precio por gramo sin envase.,false,true,,pcol_01KYNF54AKSX3Y8RFNJ53P89S3,,,,,,,,,,Wed Jul 29 2026 13:00:03 GMT-0500 (Colombia Standard Time),Wed Jul 29 2026 13:00:03 GMT-0500 (Colombia Standard Time),,sc_01KYNCV8FSSEG8B1MQC4QC6DA2,sc_01KYNF4WREP6XDE0A8VADDBEN8,variant_01KYQGH7JT8WVCZ7M2TQ2KZPE7,Default,ess-139-H,,,,false,true,,,,,,,,,30,380,0,,prod_01KYQGH5R78AYDS77RABR1W5CY,Wed Jul 29 2026 13:00:05 GMT-0500 (Colombia Standard Time),Wed Jul 29 2026 13:00:05 GMT-0500 (Colombia Standard Time),,400,opt_01KYQGH5R8T1JEK6P8A53AN7GT,Default,Default
prod_01KYQGH5R79CJQRN4WT5DPPNVE,bade-e-al-oud-sublime-unisex-caballero,BADE'E AL OUD SUBLIME (UNISEX),,published,,Esencia inspirada en LATTAFA. Precio por gramo sin envase.,false,true,,pcol_01KYNF54AKSX3Y8RFNJ53P89S3,,,,,,,,,,Wed Jul 29 2026 13:00:03 GMT-0500 (Colombia Standard Time),Wed Jul 29 2026 13:00:03 GMT-0500 (Colombia Standard Time),,sc_01KYNCV8FSSEG8B1MQC4QC6DA2,sc_01KYNF4WREP6XDE0A8VADDBEN8,variant_01KYQGH7JT34W3VQ88BA82Z8CC,Default,ess-140-H,,,,false,true,,,,,,,,,30,380,0,,prod_01KYQGH5R79CJQRN4WT5DPPNVE,Wed Jul 29 2026 13:00:05 GMT-0500 (Colombia Standard Time),Wed Jul 29 2026 13:00:05 GMT-0500 (Colombia Standard Time),,400,opt_01KYQGH5R8K0J4EKQ5D4PT5HPR,Default,Default
prod_01KYQGH5R7AADP1T8A96DC26M6,invictus-victory-caballero,INVICTUS VICTORY,,published,,Esencia inspirada en PACO RABANNE. Precio por gramo sin envase.,false,true,,pcol_01KYNF54AKSX3Y8RFNJ53P89S3,,,,,,,,,,Wed Jul 29 2026 13:00:03 GMT-0500 (Colombia Standard Time),Wed Jul 29 2026 13:00:03 GMT-0500 (Colombia Standard Time),,sc_01KYNCV8FSSEG8B1MQC4QC6DA2,sc_01KYNF4WREP6XDE0A8VADDBEN8,variant_01KYQGH7JSXQHTJC6EJRSJHKCV,Default,ess-132-H,,,,false,true,,,,,,,,,30,380,0,,prod_01KYQGH5R7AADP1T8A96DC26M6,Wed Jul 29 2026 13:00:05 GMT-0500 (Colombia Standard Time),Wed Jul 29 2026 13:00:05 GMT-0500 (Colombia Standard Time),,400,opt_01KYQGH5R7T0EY7EYS7S96RWEN,Default,Default
prod_01KYQGH5R7C33QRBR95NJJNFEX,khamrad-unisex-caballero,"KHAMRAD ""UNISEX""",,published,,Esencia inspirada en LATTAFA. Precio por gramo sin envase.,false,true,,pcol_01KYNF54AKSX3Y8RFNJ53P89S3,,,,,,,,,,Wed Jul 29 2026 13:00:03 GMT-0500 (Colombia Standard Time),Wed Jul 29 2026 13:00:03 GMT-0500 (Colombia Standard Time),,sc_01KYNCV8FSSEG8B1MQC4QC6DA2,sc_01KYNF4WREP6XDE0A8VADDBEN8,variant_01KYQGH7JTKJN5ZAJ8QEVZX0N2,Default,ess-138-H,,,,false,true,,,,,,,,,30,380,0,,prod_01KYQGH5R7C33QRBR95NJJNFEX,Wed Jul 29 2026 13:00:05 GMT-0500 (Colombia Standard Time),Wed Jul 29 2026 13:00:05 GMT-0500 (Colombia Standard Time),,400,opt_01KYQGH5R8HBNZ0KHRSEYS8BSR,Default,Default
prod_01KYQGH5R7DZABV6E3R8S809GF,eros-flame-caballero,EROS FLAME,,published,,Esencia inspirada en VERSACE. Precio por gramo sin envase.,false,true,,pcol_01KYNF54AKSX3Y8RFNJ53P89S3,,,,,,,,,,Wed Jul 29 2026 13:00:03 GMT-0500 (Colombia Standard Time),Wed Jul 29 2026 13:00:03 GMT-0500 (Colombia Standard Time),,sc_01KYNCV8FSSEG8B1MQC4QC6DA2,sc_01KYNF4WREP6XDE0A8VADDBEN8,variant_01KYQGH7JTBCJP4KPHMDPBMG89,Default,ess-134-H,,,,false,true,,,,,,,,,30,380,0,,prod_01KYQGH5R7DZABV6E3R8S809GF,Wed Jul 29 2026 13:00:05 GMT-0500 (Colombia Standard Time),Wed Jul 29 2026 13:00:05 GMT-0500 (Colombia Standard Time),,400,opt_01KYQGH5R8XJ6S71KJ4JCNYXT0,Default,Default
prod_01KYQGH5R7KADQPZ5Y9S8Q6G0D,bade-e-al-oud-oud-for-glory-caballero,BADE'E AL OUD OUD FOR GLORY,,published,,Esencia inspirada en LATTAFA. Precio por gramo sin envase.,false,true,,pcol_01KYNF54AKSX3Y8RFNJ53P89S3,,,,,,,,,,Wed Jul 29 2026 13:00:03 GMT-0500 (Colombia Standard Time),Wed Jul 29 2026 13:00:03 GMT-0500 (Colombia Standard Time),,sc_01KYNCV8FSSEG8B1MQC4QC6DA2,sc_01KYNF4WREP6XDE0A8VADDBEN8,variant_01KYQGH7JSJ4TEF6D8D4A8J9AE,Default,ess-131-H,,,,false,true,,,,,,,,,30,380,0,,prod_01KYQGH5R7KADQPZ5Y9S8Q6G0D,Wed Jul 29 2026 13:00:05 GMT-0500 (Colombia Standard Time),Wed Jul 29 2026 13:00:05 GMT-0500 (Colombia Standard Time),,400,opt_01KYQGH5R79E88126M6SGHTBWR,Default,Default
prod_01KYQGH5R7KF07KA52KD8NQ5XP,cardigan-caballero,CARDIGAN,,published,,Esencia inspirada en ESIKA. Precio por gramo sin envase.,false,true,,pcol_01KYNF54AKSX3Y8RFNJ53P89S3,,,,,,,,,,Wed Jul 29 2026 13:00:03 GMT-0500 (Colombia Standard Time),Wed Jul 29 2026 13:00:03 GMT-0500 (Colombia Standard Time),,sc_01KYNCV8FSSEG8B1MQC4QC6DA2,sc_01KYNF4WREP6XDE0A8VADDBEN8,variant_01KYQGH7JTGZYQSH6TAEN6XR30,Default,ess-135-H,,,,false,true,,,,,,,,,30,380,0,,prod_01KYQGH5R7KF07KA52KD8NQ5XP,Wed Jul 29 2026 13:00:05 GMT-0500 (Colombia Standard Time),Wed Jul 29 2026 13:00:05 GMT-0500 (Colombia Standard Time),,400,opt_01KYQGH5R8TC9NBMZ04FNGD7EW,Default,Default
prod_01KYQGH5R7ZT7TX6335V4A6WH1,9pm-caballero,9PM,,published,,Esencia inspirada en AFNAN. Precio por gramo sin envase.,false,true,,pcol_01KYNF54AKSX3Y8RFNJ53P89S3,,,,,,,,,,Wed Jul 29 2026 13:00:03 GMT-0500 (Colombia Standard Time),Wed Jul 29 2026 13:00:03 GMT-0500 (Colombia Standard Time),,sc_01KYNCV8FSSEG8B1MQC4QC6DA2,sc_01KYNF4WREP6XDE0A8VADDBEN8,variant_01KYQGH7JSGGQJ80W96HBW8C2T,Default,ess-133-H,,,,false,true,,,,,,,,,30,380,0,,prod_01KYQGH5R7ZT7TX6335V4A6WH1,Wed Jul 29 2026 13:00:05 GMT-0500 (Colombia Standard Time),Wed Jul 29 2026 13:00:05 GMT-0500 (Colombia Standard Time),,400,opt_01KYQGH5R7DN551CEZY7SYJ38B,Default,Default
prod_01KYQGH988PXFENSHRABSVVMH0,valentino-born-in-roma-caballero,VALENTINO BORN IN ROMA,,published,,Esencia inspirada en VALENTINO. Precio por gramo sin envase.,false,true,,pcol_01KYNF54AKSX3Y8RFNJ53P89S3,,,,,,,,,,Wed Jul 29 2026 13:00:07 GMT-0500 (Colombia Standard Time),Wed Jul 29 2026 13:00:07 GMT-0500 (Colombia Standard Time),,sc_01KYNCV8FSSEG8B1MQC4QC6DA2,sc_01KYNF4WREP6XDE0A8VADDBEN8,variant_01KYQGHB2TR8J0YPDHQ37YJXVA,Default,ess-141-H,,,,false,true,,,,,,,,,30,380,0,,prod_01KYQGH988PXFENSHRABSVVMH0,Wed Jul 29 2026 13:00:09 GMT-0500 (Colombia Standard Time),Wed Jul 29 2026 13:00:09 GMT-0500 (Colombia Standard Time),,400,opt_01KYQGH9899R104J9M3EA3VFJ7,Default,Default
prod_01KYQGH98914HGC883HZJ6VYT3,odyssey-mandarin-sky-caballero,ODYSSEY MANDARIN SKY,,published,,Esencia inspirada en ARMAF. Precio por gramo sin envase.,false,true,,pcol_01KYNF54AKSX3Y8RFNJ53P89S3,,,,,,,,,,Wed Jul 29 2026 13:00:07 GMT-0500 (Colombia Standard Time),Wed Jul 29 2026 13:00:07 GMT-0500 (Colombia Standard Time),,sc_01KYNCV8FSSEG8B1MQC4QC6DA2,sc_01KYNF4WREP6XDE0A8VADDBEN8,variant_01KYQGHB2V0DNKMXQRWH0DX3PN,Default,ess-144-H,,,,false,true,,,,,,,,,30,380,0,,prod_01KYQGH98914HGC883HZJ6VYT3,Wed Jul 29 2026 13:00:09 GMT-0500 (Colombia Standard Time),Wed Jul 29 2026 13:00:09 GMT-0500 (Colombia Standard Time),,400,opt_01KYQGH989AKXJBC8X790H7BNJ,Default,Default
prod_01KYQGH9893WBQZYTPGFZBH0YS,fakhar-black-caballero,FAKHAR BLACK,,published,,Esencia inspirada en LATTAFA. Precio por gramo sin envase.,false,true,,pcol_01KYNF54AKSX3Y8RFNJ53P89S3,,,,,,,,,,Wed Jul 29 2026 13:00:07 GMT-0500 (Colombia Standard Time),Wed Jul 29 2026 13:00:07 GMT-0500 (Colombia Standard Time),,sc_01KYNCV8FSSEG8B1MQC4QC6DA2,sc_01KYNF4WREP6XDE0A8VADDBEN8,variant_01KYQGHB2VBCC4EZ0GNRA2NYVM,Default,ess-143-H,,,,false,true,,,,,,,,,30,380,0,,prod_01KYQGH9893WBQZYTPGFZBH0YS,Wed Jul 29 2026 13:00:09 GMT-0500 (Colombia Standard Time),Wed Jul 29 2026 13:00:09 GMT-0500 (Colombia Standard Time),,400,opt_01KYQGH989EP3MYFDQKJ95HFEC,Default,Default
prod_01KYQGH9894VYSQNG1FBFY4QC5,1-million-royal-caballero,1 MILLION ROYAL,,published,,Esencia inspirada en PACO RABANNE. Precio por gramo sin envase.,false,true,,pcol_01KYNF54AKSX3Y8RFNJ53P89S3,,,,,,,,,,Wed Jul 29 2026 13:00:07 GMT-0500 (Colombia Standard Time),Wed Jul 29 2026 13:00:07 GMT-0500 (Colombia Standard Time),,sc_01KYNCV8FSSEG8B1MQC4QC6DA2,sc_01KYNF4WREP6XDE0A8VADDBEN8,variant_01KYQGHB2VXZ9HHZ029VY9MRWY,Default,ess-142-H,,,,false,true,,,,,,,,,30,380,0,,prod_01KYQGH9894VYSQNG1FBFY4QC5,Wed Jul 29 2026 13:00:09 GMT-0500 (Colombia Standard Time),Wed Jul 29 2026 13:00:09 GMT-0500 (Colombia Standard Time),,400,opt_01KYQGH9893HRBQ4QQ29D8MR2D,Default,Default
prod_01KYQGH9897X2SGMH5AAR466F8,erba-pura-caballero,ERBA PURA,,published,,Esencia inspirada en XERJOFF. Precio por gramo sin envase.,false,true,,pcol_01KYNF54AKSX3Y8RFNJ53P89S3,,,,,,,,,,Wed Jul 29 2026 13:00:07 GMT-0500 (Colombia Standard Time),Wed Jul 29 2026 13:00:07 GMT-0500 (Colombia Standard Time),,sc_01KYNCV8FSSEG8B1MQC4QC6DA2,sc_01KYNF4WREP6XDE0A8VADDBEN8,variant_01KYQGHB2ZT1Q1VXZN716TX0EV,Default,ess-149-H,,,,false,true,,,,,,,,,30,380,0,,prod_01KYQGH9897X2SGMH5AAR466F8,Wed Jul 29 2026 13:00:09 GMT-0500 (Colombia Standard Time),Wed Jul 29 2026 13:00:09 GMT-0500 (Colombia Standard Time),,400,opt_01KYQGH989Y58MHTSZQDVDPSDY,Default,Default
prod_01KYQGH98984N0BX5FRBQ20FCG,art-of-universe-caballero,ART OF UNIVERSE,,published,,Esencia inspirada en LATTAFA. Precio por gramo sin envase.,false,true,,pcol_01KYNF54AKSX3Y8RFNJ53P89S3,,,,,,,,,,Wed Jul 29 2026 13:00:07 GMT-0500 (Colombia Standard Time),Wed Jul 29 2026 13:00:07 GMT-0500 (Colombia Standard Time),,sc_01KYNCV8FSSEG8B1MQC4QC6DA2,sc_01KYNF4WREP6XDE0A8VADDBEN8,variant_01KYQGHB2VYF85KP7Q4D4RB2WT,Default,ess-147-H,,,,false,true,,,,,,,,,30,390,0,,prod_01KYQGH98984N0BX5FRBQ20FCG,Wed Jul 29 2026 13:00:09 GMT-0500 (Colombia Standard Time),Wed Jul 29 2026 13:00:09 GMT-0500 (Colombia Standard Time),,410,opt_01KYQGH9895HA16CJF0E61NVSK,Default,Default
prod_01KYQGH989D6MCGT627HK4A0W4,arabians-tonka-unisex-caballero,ARABIANS TONKA (UNISEX),,published,,Esencia inspirada en MONTALE. Precio por gramo sin envase.,false,true,,pcol_01KYNF54AKSX3Y8RFNJ53P89S3,,,,,,,,,,Wed Jul 29 2026 13:00:07 GMT-0500 (Colombia Standard Time),Wed Jul 29 2026 13:00:07 GMT-0500 (Colombia Standard Time),,sc_01KYNCV8FSSEG8B1MQC4QC6DA2,sc_01KYNF4WREP6XDE0A8VADDBEN8,variant_01KYQGHB2V4S3F3T7HPYRSE5KF,Default,ess-146-H,,,,false,true,,,,,,,,,30,380,0,,prod_01KYQGH989D6MCGT627HK4A0W4,Wed Jul 29 2026 13:00:09 GMT-0500 (Colombia Standard Time),Wed Jul 29 2026 13:00:09 GMT-0500 (Colombia Standard Time),,400,opt_01KYQGH989PKRS7470Q1PCVN09,Default,Default
prod_01KYQGH989R8JJEWCETBYJN4JA,1-million-rosca-replica-30-ml,1 MILLION ROSCA REPLICA 30 ML,,published,,Envase vacío AA · 30 ml · cierre Rosca,false,true,,pcol_01KYNF54AKSX3Y8RFNJ53P89S3,,,,,,,,,,Wed Jul 29 2026 13:00:07 GMT-0500 (Colombia Standard Time),Wed Jul 29 2026 13:00:07 GMT-0500 (Colombia Standard Time),,sc_01KYNCV8FSSEG8B1MQC4QC6DA2,sc_01KYNF4WREP6XDE0A8VADDBEN8,variant_01KYQGHB2ZYZ3BN052HFX6TPB2,Default,b-1342,,,,false,true,,,,,,,,,6,5200,0,,prod_01KYQGH989R8JJEWCETBYJN4JA,Wed Jul 29 2026 13:00:09 GMT-0500 (Colombia Standard Time),Wed Jul 29 2026 13:00:09 GMT-0500 (Colombia Standard Time),,5800,opt_01KYQGH989BSW91BNVCB1V425N,Default,Default
prod_01KYQGH989T09WG28C6GYAT8HJ,santal-33-caballero,SANTAL 33,,published,,Esencia inspirada en LE LABO. Precio por gramo sin envase.,false,true,,pcol_01KYNF54AKSX3Y8RFNJ53P89S3,,,,,,,,,,Wed Jul 29 2026 13:00:07 GMT-0500 (Colombia Standard Time),Wed Jul 29 2026 13:00:07 GMT-0500 (Colombia Standard Time),,sc_01KYNCV8FSSEG8B1MQC4QC6DA2,sc_01KYNF4WREP6XDE0A8VADDBEN8,variant_01KYQGHB2VSEHFK12GQDH545B6,Default,ess-148-H,,,,false,true,,,,,,,,,30,390,0,,prod_01KYQGH989T09WG28C6GYAT8HJ,Wed Jul 29 2026 13:00:09 GMT-0500 (Colombia Standard Time),Wed Jul 29 2026 13:00:09 GMT-0500 (Colombia Standard Time),,410,opt_01KYQGH9890EK7W4C9NJ9A8DZ8,Default,Default
prod_01KYQGH989WQW4XMJ392W41PTN,mesmerize-caballero,MESMERIZE,,published,,Esencia inspirada en AVON. Precio por gramo sin envase.,false,true,,pcol_01KYNF54AKSX3Y8RFNJ53P89S3,,,,,,,,,,Wed Jul 29 2026 13:00:07 GMT-0500 (Colombia Standard Time),Wed Jul 29 2026 13:00:07 GMT-0500 (Colombia Standard Time),,sc_01KYNCV8FSSEG8B1MQC4QC6DA2,sc_01KYNF4WREP6XDE0A8VADDBEN8,variant_01KYQGHB2VFT8XZZ0VGD9DQSGB,Default,ess-145-H,,,,false,true,,,,,,,,,30,380,0,,prod_01KYQGH989WQW4XMJ392W41PTN,Wed Jul 29 2026 13:00:09 GMT-0500 (Colombia Standard Time),Wed Jul 29 2026 13:00:09 GMT-0500 (Colombia Standard Time),,400,opt_01KYQGH989XME2F9V3EQTADD40,Default,Default
prod_01KYQGHCQW02F3648NJDZVTCRV,beauty-rosca-lujo-55-ml,BEAUTY ROSCA LUJO 55 ML,,published,,Envase vacío AA · 55 ml · cierre Rosca,false,true,,pcol_01KYNF54AKSX3Y8RFNJ53P89S3,,,,,,,,,,Wed Jul 29 2026 13:00:10 GMT-0500 (Colombia Standard Time),Wed Jul 29 2026 13:00:10 GMT-0500 (Colombia Standard Time),,sc_01KYNCV8FSSEG8B1MQC4QC6DA2,sc_01KYNF4WREP6XDE0A8VADDBEN8,variant_01KYQGHEJC85R3QDYG6JRBV9MD,Default,b-1358,,,,false,true,,,,,,,,,6,7000,0,,prod_01KYQGHCQW02F3648NJDZVTCRV,Wed Jul 29 2026 13:00:12 GMT-0500 (Colombia Standard Time),Wed Jul 29 2026 13:00:12 GMT-0500 (Colombia Standard Time),,7800,opt_01KYQGHCQXJNPR928XH8SH0DSW,Default,Default
prod_01KYQGHCQW401JMXV8T3QV44ZB,bella-rosca-replica-100-ml,BELLA ROSCA REPLICA 100 ML,,published,,Envase vacío AA · 100 ml · cierre Rosca,false,true,,pcol_01KYNF54AKSX3Y8RFNJ53P89S3,,,,,,,,,,Wed Jul 29 2026 13:00:10 GMT-0500 (Colombia Standard Time),Wed Jul 29 2026 13:00:10 GMT-0500 (Colombia Standard Time),,sc_01KYNCV8FSSEG8B1MQC4QC6DA2,sc_01KYNF4WREP6XDE0A8VADDBEN8,variant_01KYQGHEJC51F0489SNC9M66EC,Default,b-1271,,,,false,true,,,,,,,,,6,9800,0,,prod_01KYQGHCQW401JMXV8T3QV44ZB,Wed Jul 29 2026 13:00:12 GMT-0500 (Colombia Standard Time),Wed Jul 29 2026 13:00:12 GMT-0500 (Colombia Standard Time),,10900,opt_01KYQGHCQX8ZPDZYGKX0V8QWKZ,Default,Default
prod_01KYQGHCQW5FTPS61AE6E35NN1,212-rosca-replica-100-ml,212 ROSCA REPLICA 100 ML,,published,,Envase vacío AA · 100 ml · cierre Rosca,false,true,,pcol_01KYNF54AKSX3Y8RFNJ53P89S3,,,,,,,,,,Wed Jul 29 2026 13:00:10 GMT-0500 (Colombia Standard Time),Wed Jul 29 2026 13:00:10 GMT-0500 (Colombia Standard Time),,sc_01KYNCV8FSSEG8B1MQC4QC6DA2,sc_01KYNF4WREP6XDE0A8VADDBEN8,variant_01KYQGHEJBXA4TBRCFZXGBZBCG,Default,b-1341,,,,false,true,,,,,,,,,6,8300,0,,prod_01KYQGHCQW5FTPS61AE6E35NN1,Wed Jul 29 2026 13:00:12 GMT-0500 (Colombia Standard Time),Wed Jul 29 2026 13:00:12 GMT-0500 (Colombia Standard Time),,9200,opt_01KYQGHCQXP2AVFM5AE5T5VVBE,Default,Default
prod_01KYQGHCQW7H1PDF3N742EEQ30,360-rosca-replica-100-ml,360° ROSCA REPLICA 100 ML,,published,,Envase vacío AA · 100 ml · cierre Rosca,false,true,,pcol_01KYNF54AKSX3Y8RFNJ53P89S3,,,,,,,,,,Wed Jul 29 2026 13:00:10 GMT-0500 (Colombia Standard Time),Wed Jul 29 2026 13:00:10 GMT-0500 (Colombia Standard Time),,sc_01KYNCV8FSSEG8B1MQC4QC6DA2,sc_01KYNF4WREP6XDE0A8VADDBEN8,variant_01KYQGHEJBJC0J3VYWGY1M9380,Default,b-1328,,,,false,true,,,,,,,,,6,12800,0,,prod_01KYQGHCQW7H1PDF3N742EEQ30,Wed Jul 29 2026 13:00:12 GMT-0500 (Colombia Standard Time),Wed Jul 29 2026 13:00:12 GMT-0500 (Colombia Standard Time),,14200,opt_01KYQGHCQX3XMQGZDR502VS8VH,Default,Default
prod_01KYQGHCQWEBS1T005P4ZDQY3G,amber-oud-100-ml-aaa-caja,AMBER OUD 100 ML AAA (CAJA),,published,,Envase vacío AAA · 100 ml · cierre Rosca,false,true,,pcol_01KYNF54AKSX3Y8RFNJ53P89S3,,,,,,,,,,Wed Jul 29 2026 13:00:10 GMT-0500 (Colombia Standard Time),Wed Jul 29 2026 13:00:10 GMT-0500 (Colombia Standard Time),,sc_01KYNCV8FSSEG8B1MQC4QC6DA2,sc_01KYNF4WREP6XDE0A8VADDBEN8,variant_01KYQGHEJB688VWZPQMR0MBZR2,Default,b-1393,,,,false,true,,,,,,,,,6,44700,0,,prod_01KYQGHCQWEBS1T005P4ZDQY3G,Wed Jul 29 2026 13:00:12 GMT-0500 (Colombia Standard Time),Wed Jul 29 2026 13:00:12 GMT-0500 (Colombia Standard Time),,47000,opt_01KYQGHCQXQAH62FZPZQXHZKPG,Default,Default
prod_01KYQGHCQWK7AYYVY3VAKDPHNY,360-agrafe-replica-100-ml,360° AGRAFE REPLICA 100 ML,,published,,Envase vacío AA · 100 ml · cierre Agrafe,false,true,,pcol_01KYNF54AKSX3Y8RFNJ53P89S3,,,,,,,,,,Wed Jul 29 2026 13:00:10 GMT-0500 (Colombia Standard Time),Wed Jul 29 2026 13:00:10 GMT-0500 (Colombia Standard Time),,sc_01KYNCV8FSSEG8B1MQC4QC6DA2,sc_01KYNF4WREP6XDE0A8VADDBEN8,variant_01KYQGHEJBBZMYHYP5HE9HDAZ3,Default,b-1323,,,,false,true,,,,,,,,,6,13900,0,,prod_01KYQGHCQWK7AYYVY3VAKDPHNY,Wed Jul 29 2026 13:00:12 GMT-0500 (Colombia Standard Time),Wed Jul 29 2026 13:00:12 GMT-0500 (Colombia Standard Time),,15400,opt_01KYQGHCQX5Z5MZ9ZCFY0Q239T,Default,Default
prod_01KYQGHCQWPZJ0X7PHCTJC4HE5,arabia-rosca-30-ml,ARABIA ROSCA 30 ML,,published,,Envase vacío AA · 30 ml · cierre Rosca,false,true,,pcol_01KYNF54AKSX3Y8RFNJ53P89S3,,,,,,,,,,Wed Jul 29 2026 13:00:10 GMT-0500 (Colombia Standard Time),Wed Jul 29 2026 13:00:10 GMT-0500 (Colombia Standard Time),,sc_01KYNCV8FSSEG8B1MQC4QC6DA2,sc_01KYNF4WREP6XDE0A8VADDBEN8,variant_01KYQGHEJB66867HM4SJTP763G,Default,b-1335,,,,false,true,,,,,,,,,6,6100,0,,prod_01KYQGHCQWPZJ0X7PHCTJC4HE5,Wed Jul 29 2026 13:00:12 GMT-0500 (Colombia Standard Time),Wed Jul 29 2026 13:00:12 GMT-0500 (Colombia Standard Time),,6800,opt_01KYQGHCQX2474NTG91PA1BMVG,Default,Default
prod_01KYQGHCQWWFBN9M148JMEVNP8,asus-rosca-lujo-100-ml,ASUS ROSCA LUJO 100 ML,,published,,Envase vacío AA · 100 ml · cierre Rosca,false,true,,pcol_01KYNF54AKSX3Y8RFNJ53P89S3,,,,,,,,,,Wed Jul 29 2026 13:00:10 GMT-0500 (Colombia Standard Time),Wed Jul 29 2026 13:00:10 GMT-0500 (Colombia Standard Time),,sc_01KYNCV8FSSEG8B1MQC4QC6DA2,sc_01KYNF4WREP6XDE0A8VADDBEN8,variant_01KYQGHEJCNQ7J366B87PZ68ME,Default,b-1360,,,,false,true,,,,,,,,,6,6500,0,,prod_01KYQGHCQWWFBN9M148JMEVNP8,Wed Jul 29 2026 13:00:12 GMT-0500 (Colombia Standard Time),Wed Jul 29 2026 13:00:12 GMT-0500 (Colombia Standard Time),,7200,opt_01KYQGHCQXRMXRC4ZGGENJQSB2,Default,Default
prod_01KYQGHCQWZ72ANJAT87QAQ3MK,agatha-lujo-rosca-55-ml,AGATHA LUJO ROSCA 55 ML,,published,,Envase vacío AA · 55 ml · cierre Rosca,false,true,,pcol_01KYNF54AKSX3Y8RFNJ53P89S3,,,,,,,,,,Wed Jul 29 2026 13:00:10 GMT-0500 (Colombia Standard Time),Wed Jul 29 2026 13:00:10 GMT-0500 (Colombia Standard Time),,sc_01KYNCV8FSSEG8B1MQC4QC6DA2,sc_01KYNF4WREP6XDE0A8VADDBEN8,variant_01KYQGHEJBA74NKSNM0HC4VEMV,Default,b-1266,,,,false,true,,,,,,,,,6,6400,0,,prod_01KYQGHCQWZ72ANJAT87QAQ3MK,Wed Jul 29 2026 13:00:12 GMT-0500 (Colombia Standard Time),Wed Jul 29 2026 13:00:12 GMT-0500 (Colombia Standard Time),,7100,opt_01KYQGHCQX1TCYSMJTKJTVFGXK,Default,Default
prod_01KYQGHCQX4QPN5CSXRHH7VMX1,bella-rosca-replica-30-ml,BELLA ROSCA REPLICA 30 ML,,published,,Envase vacío AA · 30 ml · cierre Rosca,false,true,,pcol_01KYNF54AKSX3Y8RFNJ53P89S3,,,,,,,,,,Wed Jul 29 2026 13:00:10 GMT-0500 (Colombia Standard Time),Wed Jul 29 2026 13:00:10 GMT-0500 (Colombia Standard Time),,sc_01KYNCV8FSSEG8B1MQC4QC6DA2,sc_01KYNF4WREP6XDE0A8VADDBEN8,variant_01KYQGHEJCZ4CE5YJ4ZZBRGV03,Default,b-1364,,,,false,true,,,,,,,,,6,6000,0,,prod_01KYQGHCQX4QPN5CSXRHH7VMX1,Wed Jul 29 2026 13:00:12 GMT-0500 (Colombia Standard Time),Wed Jul 29 2026 13:00:12 GMT-0500 (Colombia Standard Time),,6700,opt_01KYQGHCQX30SVF9YAG0JHS98Z,Default,Default
prod_01KYQGHG7C0M806BQDJJHWAJ64,black-xs-f-rosca-replica-50-ml,BLACK XS F ROSCA REPLICA 50 ML,,published,,Envase vacío AA · 50 ml · cierre Rosca,false,true,,pcol_01KYNF54AKSX3Y8RFNJ53P89S3,,,,,,,,,,Wed Jul 29 2026 13:00:14 GMT-0500 (Colombia Standard Time),Wed Jul 29 2026 13:00:14 GMT-0500 (Colombia Standard Time),,sc_01KYNCV8FSSEG8B1MQC4QC6DA2,sc_01KYNF4WREP6XDE0A8VADDBEN8,variant_01KYQGHJ26RVPSDBRNHCGX59KV,Default,b-1326,,,,false,true,,,,,,,,,6,7500,0,,prod_01KYQGHG7C0M806BQDJJHWAJ64,Wed Jul 29 2026 13:00:16 GMT-0500 (Colombia Standard Time),Wed Jul 29 2026 13:00:16 GMT-0500 (Colombia Standard Time),,8300,opt_01KYQGHG7C6RV8E66NG2TH7ZBR,Default,Default
prod_01KYQGHG7C163KKWBBEVTKQBZW,bright-versace-rosca-replica-30-ml,BRIGHT (VERSACE) ROSCA REPLICA 30 ML,,published,,Envase vacío AA · 30 ml · cierre Rosca,false,true,,pcol_01KYNF54AKSX3Y8RFNJ53P89S3,,,,,,,,,,Wed Jul 29 2026 13:00:14 GMT-0500 (Colombia Standard Time),Wed Jul 29 2026 13:00:14 GMT-0500 (Colombia Standard Time),,sc_01KYNCV8FSSEG8B1MQC4QC6DA2,sc_01KYNF4WREP6XDE0A8VADDBEN8,variant_01KYQGHJ26TAPFEHY3PG6YBYXK,Default,b-1344,,,,false,true,,,,,,,,,6,5900,0,,prod_01KYQGHG7C163KKWBBEVTKQBZW,Wed Jul 29 2026 13:00:16 GMT-0500 (Colombia Standard Time),Wed Jul 29 2026 13:00:16 GMT-0500 (Colombia Standard Time),,6500,opt_01KYQGHG7CDDPQ1JN4BQHQBM3E,Default,Default
prod_01KYQGHG7CDQ91ZW9P52XPFBB0,butter-fly-rosca-lujo-80-ml,BUTTER FLY ROSCA LUJO 80 ML,,published,,Envase vacío AA · 80 ml · cierre Rosca,false,true,,pcol_01KYNF54AKSX3Y8RFNJ53P89S3,,,,,,,,,,Wed Jul 29 2026 13:00:14 GMT-0500 (Colombia Standard Time),Wed Jul 29 2026 13:00:14 GMT-0500 (Colombia Standard Time),,sc_01KYNCV8FSSEG8B1MQC4QC6DA2,sc_01KYNF4WREP6XDE0A8VADDBEN8,variant_01KYQGHJ26YR6C62BWQB97GD9G,Default,b-1265,,,,false,true,,,,,,,,,6,7700,0,,prod_01KYQGHG7CDQ91ZW9P52XPFBB0,Wed Jul 29 2026 13:00:16 GMT-0500 (Colombia Standard Time),Wed Jul 29 2026 13:00:16 GMT-0500 (Colombia Standard Time),,8600,opt_01KYQGHG7DSWG5T708N21PP1QS,Default,Default
prod_01KYQGHG7CJGJR3STWNKKCY5FY,bright-versace-rosca-replica-50-ml,BRIGHT (VERSACE) ROSCA REPLICA 50 ML,,published,,Envase vacío AA · 50 ml · cierre Rosca,false,true,,pcol_01KYNF54AKSX3Y8RFNJ53P89S3,,,,,,,,,,Wed Jul 29 2026 13:00:14 GMT-0500 (Colombia Standard Time),Wed Jul 29 2026 13:00:14 GMT-0500 (Colombia Standard Time),,sc_01KYNCV8FSSEG8B1MQC4QC6DA2,sc_01KYNF4WREP6XDE0A8VADDBEN8,variant_01KYQGHJ2672J4ZF42DQM8XCBS,Default,b-1348,,,,false,true,,,,,,,,,6,7700,0,,prod_01KYQGHG7CJGJR3STWNKKCY5FY,Wed Jul 29 2026 13:00:16 GMT-0500 (Colombia Standard Time),Wed Jul 29 2026 13:00:16 GMT-0500 (Colombia Standard Time),,8500,opt_01KYQGHG7DVS1K0S9B80W3XZWR,Default,Default
prod_01KYQGHG7CMNVFWSE00V5CX2P6,bella-rosca-replica-45-ml,BELLA ROSCA REPLICA 45 ML,,published,,Envase vacío AA · 45 ml · cierre Rosca,false,true,,pcol_01KYNF54AKSX3Y8RFNJ53P89S3,,,,,,,,,,Wed Jul 29 2026 13:00:14 GMT-0500 (Colombia Standard Time),Wed Jul 29 2026 13:00:14 GMT-0500 (Colombia Standard Time),,sc_01KYNCV8FSSEG8B1MQC4QC6DA2,sc_01KYNF4WREP6XDE0A8VADDBEN8,variant_01KYQGHJ257C6HPVCBKH77BJ6N,Default,b-1320,,,,false,true,,,,,,,,,6,7600,0,,prod_01KYQGHG7CMNVFWSE00V5CX2P6,Wed Jul 29 2026 13:00:16 GMT-0500 (Colombia Standard Time),Wed Jul 29 2026 13:00:16 GMT-0500 (Colombia Standard Time),,8400,opt_01KYQGHG7CSWA71R4MMSVDT80D,Default,Default
prod_01KYQGHG7CN1E1MSDG3GTA5A1X,black-xs-m-rosca-replica-100-ml,BLACK XS M ROSCA REPLICA 100 ML,,published,,Envase vacío AA · 100 ml · cierre Rosca,false,true,,pcol_01KYNF54AKSX3Y8RFNJ53P89S3,,,,,,,,,,Wed Jul 29 2026 13:00:14 GMT-0500 (Colombia Standard Time),Wed Jul 29 2026 13:00:14 GMT-0500 (Colombia Standard Time),,sc_01KYNCV8FSSEG8B1MQC4QC6DA2,sc_01KYNF4WREP6XDE0A8VADDBEN8,variant_01KYQGHJ26TA7V71BCABAANFMJ,Default,b-1286,,,,false,true,,,,,,,,,6,10500,0,,prod_01KYQGHG7CN1E1MSDG3GTA5A1X,Wed Jul 29 2026 13:00:16 GMT-0500 (Colombia Standard Time),Wed Jul 29 2026 13:00:16 GMT-0500 (Colombia Standard Time),,11700,opt_01KYQGHG7CGXRA3SH3KRPG3J2W,Default,Default
prod_01KYQGHG7CNS2SM5778MW0ANF7,camelot-agrafe-100-ml,CAMELOT AGRAFE 100 ML,,published,,Envase vacío AA · 100 ml · cierre Agrafe,false,true,,pcol_01KYNF54AKSX3Y8RFNJ53P89S3,,,,,,,,,,Wed Jul 29 2026 13:00:14 GMT-0500 (Colombia Standard Time),Wed Jul 29 2026 13:00:14 GMT-0500 (Colombia Standard Time),,sc_01KYNCV8FSSEG8B1MQC4QC6DA2,sc_01KYNF4WREP6XDE0A8VADDBEN8,variant_01KYQGHJ26VF9TVRN1GRWGVT85,Default,b-1288,,,,false,true,,,,,,,,,6,7000,0,,prod_01KYQGHG7CNS2SM5778MW0ANF7,Wed Jul 29 2026 13:00:16 GMT-0500 (Colombia Standard Time),Wed Jul 29 2026 13:00:16 GMT-0500 (Colombia Standard Time),,7800,opt_01KYQGHG7D26HVQ148T1D5Q3QZ,Default,Default
prod_01KYQGHG7CPFMBPQ25BJTAPPR8,can-can-rosca-replica-100-ml,CAN CAN ROSCA REPLICA 100 ML,,published,,Envase vacío AA · 100 ml · cierre Rosca,false,true,,pcol_01KYNF54AKSX3Y8RFNJ53P89S3,,,,,,,,,,Wed Jul 29 2026 13:00:14 GMT-0500 (Colombia Standard Time),Wed Jul 29 2026 13:00:14 GMT-0500 (Colombia Standard Time),,sc_01KYNCV8FSSEG8B1MQC4QC6DA2,sc_01KYNF4WREP6XDE0A8VADDBEN8,variant_01KYQGHJ26QZ5J36GC27A433YT,Default,b-1381,,,,false,true,,,,,,,,,6,10400,0,,prod_01KYQGHG7CPFMBPQ25BJTAPPR8,Wed Jul 29 2026 13:00:16 GMT-0500 (Colombia Standard Time),Wed Jul 29 2026 13:00:16 GMT-0500 (Colombia Standard Time),,11500,opt_01KYQGHG7D6HTFS5B09QXV3AMP,Default,Default
prod_01KYQGHG7CQMSEB31J43GDS0SA,bright-versace-rosca-replica-100-ml,BRIGHT (VERSACE) ROSCA REPLICA 100 ML,,published,,Envase vacío AA · 100 ml · cierre Rosca,false,true,,pcol_01KYNF54AKSX3Y8RFNJ53P89S3,,,,,,,,,,Wed Jul 29 2026 13:00:14 GMT-0500 (Colombia Standard Time),Wed Jul 29 2026 13:00:14 GMT-0500 (Colombia Standard Time),,sc_01KYNCV8FSSEG8B1MQC4QC6DA2,sc_01KYNF4WREP6XDE0A8VADDBEN8,variant_01KYQGHJ26MJH0JYZE0XTJ1YR5,Default,b-1377,,,,false,true,,,,,,,,,6,9000,0,,prod_01KYQGHG7CQMSEB31J43GDS0SA,Wed Jul 29 2026 13:00:16 GMT-0500 (Colombia Standard Time),Wed Jul 29 2026 13:00:16 GMT-0500 (Colombia Standard Time),,10000,opt_01KYQGHG7CCVPEK2WAB005DBT7,Default,Default
prod_01KYQGHG7CZ108Z8A1064YY5XP,black-xs-m-agrafe-replica-100-ml,BLACK XS M AGRAFE REPLICA 100 ML,,published,,Envase vacío AA · 100 ml · cierre Agrafe,false,true,,pcol_01KYNF54AKSX3Y8RFNJ53P89S3,,,,,,,,,,Wed Jul 29 2026 13:00:14 GMT-0500 (Colombia Standard Time),Wed Jul 29 2026 13:00:14 GMT-0500 (Colombia Standard Time),,sc_01KYNCV8FSSEG8B1MQC4QC6DA2,sc_01KYNF4WREP6XDE0A8VADDBEN8,variant_01KYQGHJ267B5ECHW8XFXCJFCR,Default,b-1298,,,,false,true,,,,,,,,,6,10600,0,,prod_01KYQGHG7CZ108Z8A1064YY5XP,Wed Jul 29 2026 13:00:16 GMT-0500 (Colombia Standard Time),Wed Jul 29 2026 13:00:16 GMT-0500 (Colombia Standard Time),,11800,opt_01KYQGHG7C62W165XKCM0TW2V6,Default,Default
prod_01KYQGHKQ00NEK23ZBDXE019QZ,ch-m-rosca-replica-100-ml,CH M ROSCA REPLICA 100 ML,,published,,Envase vacío AA · 100 ml · cierre Rosca,false,true,,pcol_01KYNF54AKSX3Y8RFNJ53P89S3,,,,,,,,,,Wed Jul 29 2026 13:00:17 GMT-0500 (Colombia Standard Time),Wed Jul 29 2026 13:00:17 GMT-0500 (Colombia Standard Time),,sc_01KYNCV8FSSEG8B1MQC4QC6DA2,sc_01KYNF4WREP6XDE0A8VADDBEN8,variant_01KYQGHNHGQVQYXN6YAXXEKWQW,Default,b-1386,,,,false,true,,,,,,,,,6,9600,0,,prod_01KYQGHKQ00NEK23ZBDXE019QZ,Wed Jul 29 2026 13:00:19 GMT-0500 (Colombia Standard Time),Wed Jul 29 2026 13:00:19 GMT-0500 (Colombia Standard Time),,10700,opt_01KYQGHKQ1STF3FYDW0KH3EYCZ,Default,Default
prod_01KYQGHKQ01E8AT8EF8N9RRC8E,canal-bleu-rosca-replica-100-ml,CANAL (BLEU) ROSCA REPLICA  100 ML,,published,,Envase vacío AA · 100 ml · cierre Rosca,false,true,,pcol_01KYNF54AKSX3Y8RFNJ53P89S3,,,,,,,,,,Wed Jul 29 2026 13:00:17 GMT-0500 (Colombia Standard Time),Wed Jul 29 2026 13:00:17 GMT-0500 (Colombia Standard Time),,sc_01KYNCV8FSSEG8B1MQC4QC6DA2,sc_01KYNF4WREP6XDE0A8VADDBEN8,variant_01KYQGHNHGKK7CNX7G685ZT496,Default,b-1359,,,,false,true,,,,,,,,,6,8600,0,,prod_01KYQGHKQ01E8AT8EF8N9RRC8E,Wed Jul 29 2026 13:00:19 GMT-0500 (Colombia Standard Time),Wed Jul 29 2026 13:00:19 GMT-0500 (Colombia Standard Time),,9500,opt_01KYQGHKQ1QP4S31W10SYBA9AJ,Default,Default
prod_01KYQGHKQ0C7DV5XN889KM88HY,cat-meau-rosca-replica-60-ml,CAT (MEAU) ROSCA REPLICA 60 ML,,published,,Envase vacío AA · 60 ml · cierre Rosca,false,true,,pcol_01KYNF54AKSX3Y8RFNJ53P89S3,,,,,,,,,,Wed Jul 29 2026 13:00:17 GMT-0500 (Colombia Standard Time),Wed Jul 29 2026 13:00:17 GMT-0500 (Colombia Standard Time),,sc_01KYNCV8FSSEG8B1MQC4QC6DA2,sc_01KYNF4WREP6XDE0A8VADDBEN8,variant_01KYQGHNHG0PKWTJDYRZXBBE6X,Default,b-1372,,,,false,true,,,,,,,,,6,8300,0,,prod_01KYQGHKQ0C7DV5XN889KM88HY,Wed Jul 29 2026 13:00:19 GMT-0500 (Colombia Standard Time),Wed Jul 29 2026 13:00:19 GMT-0500 (Colombia Standard Time),,9200,opt_01KYQGHKQ1CBGCCG91ZQW3C7Z4,Default,Default
prod_01KYQGHKQ0MC247S84B7GF2SXK,cat-meau-rosca-replica-75-ml,CAT (MEAU) ROSCA REPLICA 75 ML,,published,,Envase vacío AA · 75 ml · cierre Rosca,false,true,,pcol_01KYNF54AKSX3Y8RFNJ53P89S3,,,,,,,,,,Wed Jul 29 2026 13:00:17 GMT-0500 (Colombia Standard Time),Wed Jul 29 2026 13:00:17 GMT-0500 (Colombia Standard Time),,sc_01KYNCV8FSSEG8B1MQC4QC6DA2,sc_01KYNF4WREP6XDE0A8VADDBEN8,variant_01KYQGHNHG2DN15JXY2JCYC5GT,Default,b-1264,,,,false,true,,,,,,,,,6,9600,0,,prod_01KYQGHKQ0MC247S84B7GF2SXK,Wed Jul 29 2026 13:00:19 GMT-0500 (Colombia Standard Time),Wed Jul 29 2026 13:00:19 GMT-0500 (Colombia Standard Time),,10700,opt_01KYQGHKQ1AFZ7JPJEHTPWC4Z6,Default,Default
prod_01KYQGHKQ0VHXARN78G0TJG3PV,canada-chanel-rosca-replica-100-ml,CANADA (CHANEL) ROSCA REPLICA 100 ML,,published,,Envase vacío AA · 100 ml · cierre Rosca,false,true,,pcol_01KYNF54AKSX3Y8RFNJ53P89S3,,,,,,,,,,Wed Jul 29 2026 13:00:17 GMT-0500 (Colombia Standard Time),Wed Jul 29 2026 13:00:17 GMT-0500 (Colombia Standard Time),,sc_01KYNCV8FSSEG8B1MQC4QC6DA2,sc_01KYNF4WREP6XDE0A8VADDBEN8,variant_01KYQGHNHGAWNJ5W0YCNZKQFDW,Default,b-1241,,,,false,true,,,,,,,,,6,8400,0,,prod_01KYQGHKQ0VHXARN78G0TJG3PV,Wed Jul 29 2026 13:00:19 GMT-0500 (Colombia Standard Time),Wed Jul 29 2026 13:00:19 GMT-0500 (Colombia Standard Time),,9300,opt_01KYQGHKQ1Y3SCX0F5D6EC3Y8X,Default,Default
prod_01KYQGHKQ0VPVTYFKKJ7NN84SK,canal-bleu-rosca-replica-60-ml,CANAL (BLEU) ROSCA REPLICA  60 ML,,published,,Envase vacío AA · 60 ml · cierre Rosca,false,true,,pcol_01KYNF54AKSX3Y8RFNJ53P89S3,,,,,,,,,,Wed Jul 29 2026 13:00:17 GMT-0500 (Colombia Standard Time),Wed Jul 29 2026 13:00:17 GMT-0500 (Colombia Standard Time),,sc_01KYNCV8FSSEG8B1MQC4QC6DA2,sc_01KYNF4WREP6XDE0A8VADDBEN8,variant_01KYQGHNHG73TAG6K5492GXS6V,Default,b-1375,,,,false,true,,,,,,,,,6,6500,0,,prod_01KYQGHKQ0VPVTYFKKJ7NN84SK,Wed Jul 29 2026 13:00:19 GMT-0500 (Colombia Standard Time),Wed Jul 29 2026 13:00:19 GMT-0500 (Colombia Standard Time),,7200,opt_01KYQGHKQ1M07R80AEH00XHWBD,Default,Default
prod_01KYQGHKQ0XZJ8BRKHJ12EFX7H,ch-f-agrafe-replica-100-ml,CH F AGRAFE REPLICA 100 ML,,published,,Envase vacío AA · 100 ml · cierre Agrafe,false,true,,pcol_01KYNF54AKSX3Y8RFNJ53P89S3,,,,,,,,,,Wed Jul 29 2026 13:00:17 GMT-0500 (Colombia Standard Time),Wed Jul 29 2026 13:00:17 GMT-0500 (Colombia Standard Time),,sc_01KYNCV8FSSEG8B1MQC4QC6DA2,sc_01KYNF4WREP6XDE0A8VADDBEN8,variant_01KYQGHNHG7DWCF4ZTQJ5ZEFQ5,Default,b-1378,,,,false,true,,,,,,,,,6,9600,0,,prod_01KYQGHKQ0XZJ8BRKHJ12EFX7H,Wed Jul 29 2026 13:00:19 GMT-0500 (Colombia Standard Time),Wed Jul 29 2026 13:00:19 GMT-0500 (Colombia Standard Time),,10700,opt_01KYQGHKQ12A0X3KE8GRCXN1C1,Default,Default
prod_01KYQGHKQ1310GHFPD0748QPHE,cilindrico-rosca-lujo-100-ml,CILINDRICO ROSCA LUJO 100 ML,,published,,Envase vacío AA · 100 ml · cierre Rosca,false,true,,pcol_01KYNF54AKSX3Y8RFNJ53P89S3,,,,,,,,,,Wed Jul 29 2026 13:00:17 GMT-0500 (Colombia Standard Time),Wed Jul 29 2026 13:00:17 GMT-0500 (Colombia Standard Time),,sc_01KYNCV8FSSEG8B1MQC4QC6DA2,sc_01KYNF4WREP6XDE0A8VADDBEN8,variant_01KYQGHNHGS3JC364TABTKG913,Default,b-1214,,,,false,true,,,,,,,,,6,5000,0,,prod_01KYQGHKQ1310GHFPD0748QPHE,Wed Jul 29 2026 13:00:19 GMT-0500 (Colombia Standard Time),Wed Jul 29 2026 13:00:19 GMT-0500 (Colombia Standard Time),,5500,opt_01KYQGHKQ28AV3BMB7KPHD652T,Default,Default
prod_01KYQGHKQ1RYGVP3K9SKQ1BZBB,canada-chanel-rosca-replica-50-ml,CANADA (CHANEL) ROSCA REPLICA 50 ML,,published,,Envase vacío AA · 50 ml · cierre Rosca,false,true,,pcol_01KYNF54AKSX3Y8RFNJ53P89S3,,,,,,,,,,Wed Jul 29 2026 13:00:17 GMT-0500 (Colombia Standard Time),Wed Jul 29 2026 13:00:17 GMT-0500 (Colombia Standard Time),,sc_01KYNCV8FSSEG8B1MQC4QC6DA2,sc_01KYNF4WREP6XDE0A8VADDBEN8,variant_01KYQGHNHGSXSYJ0CBEQTAP1HW,Default,b-1240,,,,false,true,,,,,,,,,6,9600,0,,prod_01KYQGHKQ1RYGVP3K9SKQ1BZBB,Wed Jul 29 2026 13:00:19 GMT-0500 (Colombia Standard Time),Wed Jul 29 2026 13:00:19 GMT-0500 (Colombia Standard Time),,10700,opt_01KYQGHKQ1KP2RS90KTBP94B7M,Default,Default
prod_01KYQGHKQ1WSBHBX40NPGRDPCY,cilindrico-rosca-lujo-30-ml,CILINDRICO ROSCA LUJO 30 ML,,published,,Envase vacío AA · 30 ml · cierre Rosca,false,true,,pcol_01KYNF54AKSX3Y8RFNJ53P89S3,,,,,,,,,,Wed Jul 29 2026 13:00:17 GMT-0500 (Colombia Standard Time),Wed Jul 29 2026 13:00:17 GMT-0500 (Colombia Standard Time),,sc_01KYNCV8FSSEG8B1MQC4QC6DA2,sc_01KYNF4WREP6XDE0A8VADDBEN8,variant_01KYQGHNHGY630SF7JBSWRX53Y,Default,b-1211,,,,false,true,,,,,,,,,6,2800,0,,prod_01KYQGHKQ1WSBHBX40NPGRDPCY,Wed Jul 29 2026 13:00:19 GMT-0500 (Colombia Standard Time),Wed Jul 29 2026 13:00:19 GMT-0500 (Colombia Standard Time),,3100,opt_01KYQGHKQ24K7T2E5CP2DC4Y4J,Default,Default
prod_01KYQGHQ6D3DK90VFZ7S129DAC,cilindrico-rosca-lujo-50-ml,CILINDRICO ROSCA LUJO 50 ML,,published,,Envase vacío AA · 50 ml · cierre Rosca,false,true,,pcol_01KYNF54AKSX3Y8RFNJ53P89S3,,,,,,,,,,Wed Jul 29 2026 13:00:21 GMT-0500 (Colombia Standard Time),Wed Jul 29 2026 13:00:21 GMT-0500 (Colombia Standard Time),,sc_01KYNCV8FSSEG8B1MQC4QC6DA2,sc_01KYNF4WREP6XDE0A8VADDBEN8,variant_01KYQGHS1SE539QS858RB7B356,Default,b-1212,,,,false,true,,,,,,,,,6,3900,0,,prod_01KYQGHQ6D3DK90VFZ7S129DAC,Wed Jul 29 2026 13:00:23 GMT-0500 (Colombia Standard Time),Wed Jul 29 2026 13:00:23 GMT-0500 (Colombia Standard Time),,4300,opt_01KYQGHQ6DFYDZWGR6R9YKMM1Q,Default,Default
prod_01KYQGHQ6D43J9M2CK8PY16KEQ,cilindrico-rosca-lujo-90-ml,CILINDRICO ROSCA LUJO 90 ML,,published,,Envase vacío AA · 90 ml · cierre Rosca,false,true,,pcol_01KYNF54AKSX3Y8RFNJ53P89S3,,,,,,,,,,Wed Jul 29 2026 13:00:21 GMT-0500 (Colombia Standard Time),Wed Jul 29 2026 13:00:21 GMT-0500 (Colombia Standard Time),,sc_01KYNCV8FSSEG8B1MQC4QC6DA2,sc_01KYNF4WREP6XDE0A8VADDBEN8,variant_01KYQGHS1SVYA4C8VXNFBEZ3G3,Default,b-1248,,,,false,true,,,,,,,,,6,4700,0,,prod_01KYQGHQ6D43J9M2CK8PY16KEQ,Wed Jul 29 2026 13:00:23 GMT-0500 (Colombia Standard Time),Wed Jul 29 2026 13:00:23 GMT-0500 (Colombia Standard Time),,5200,opt_01KYQGHQ6E5AYPPYPPTC9CMG18,Default,Default
prod_01KYQGHQ6DAWF3P2SZWJA3DCGN,copa-invictus-rosca-replica-50-ml,COPA (INVICTUS) ROSCA REPLICA 50 ML,,published,,Envase vacío AA · 50 ml · cierre Rosca,false,true,,pcol_01KYNF54AKSX3Y8RFNJ53P89S3,,,,,,,,,,Wed Jul 29 2026 13:00:21 GMT-0500 (Colombia Standard Time),Wed Jul 29 2026 13:00:21 GMT-0500 (Colombia Standard Time),,sc_01KYNCV8FSSEG8B1MQC4QC6DA2,sc_01KYNF4WREP6XDE0A8VADDBEN8,variant_01KYQGHS1SP4W14MDBVD1RNA5T,Default,b-1238,,,,false,true,,,,,,,,,6,7200,0,,prod_01KYQGHQ6DAWF3P2SZWJA3DCGN,Wed Jul 29 2026 13:00:23 GMT-0500 (Colombia Standard Time),Wed Jul 29 2026 13:00:23 GMT-0500 (Colombia Standard Time),,8000,opt_01KYQGHQ6EXKGHNG7Q0HPT606Q,Default,Default
prod_01KYQGHQ6DG1QRXSEEBFDYE54E,cool-rosca-lujo-100-ml,COOL ROSCA LUJO 100 ML,,published,,Envase vacío AA · 100 ml · cierre Rosca,false,true,,pcol_01KYNF54AKSX3Y8RFNJ53P89S3,,,,,,,,,,Wed Jul 29 2026 13:00:21 GMT-0500 (Colombia Standard Time),Wed Jul 29 2026 13:00:21 GMT-0500 (Colombia Standard Time),,sc_01KYNCV8FSSEG8B1MQC4QC6DA2,sc_01KYNF4WREP6XDE0A8VADDBEN8,variant_01KYQGHS1SJTE3GKXW11PW4HD1,Default,b-1247,,,,false,true,,,,,,,,,6,6200,0,,prod_01KYQGHQ6DG1QRXSEEBFDYE54E,Wed Jul 29 2026 13:00:23 GMT-0500 (Colombia Standard Time),Wed Jul 29 2026 13:00:23 GMT-0500 (Colombia Standard Time),,6900,opt_01KYQGHQ6EDAKRR70MBC3Z57M8,Default,Default
prod_01KYQGHQ6DKF78AZGFJ1X8KV6Q,copa-invictus-rosca-replica-30-ml,COPA (INVICTUS) ROSCA REPLICA 30 ML,,published,,Envase vacío AA · 30 ml · cierre Rosca,false,true,,pcol_01KYNF54AKSX3Y8RFNJ53P89S3,,,,,,,,,,Wed Jul 29 2026 13:00:21 GMT-0500 (Colombia Standard Time),Wed Jul 29 2026 13:00:21 GMT-0500 (Colombia Standard Time),,sc_01KYNCV8FSSEG8B1MQC4QC6DA2,sc_01KYNF4WREP6XDE0A8VADDBEN8,variant_01KYQGHS1S8QKKD44T9KCB7RB1,Default,b-1272,,,,false,true,,,,,,,,,6,6300,0,,prod_01KYQGHQ6DKF78AZGFJ1X8KV6Q,Wed Jul 29 2026 13:00:23 GMT-0500 (Colombia Standard Time),Wed Jul 29 2026 13:00:23 GMT-0500 (Colombia Standard Time),,7000,opt_01KYQGHQ6ETN31XGZKNY912GKT,Default,Default
prod_01KYQGHQ6DNY0CNMW7Z89KEQ6A,copa-victory-replica-rosca-30-ml,COPA (VICTORY) REPLICA ROSCA 30 ML,,published,,Envase vacío AA · 30 ml · cierre Rosca,false,true,,pcol_01KYNF54AKSX3Y8RFNJ53P89S3,,,,,,,,,,Wed Jul 29 2026 13:00:21 GMT-0500 (Colombia Standard Time),Wed Jul 29 2026 13:00:21 GMT-0500 (Colombia Standard Time),,sc_01KYNCV8FSSEG8B1MQC4QC6DA2,sc_01KYNF4WREP6XDE0A8VADDBEN8,variant_01KYQGHS1SB50M71S2Q6P55K9V,Default,b-1334,,,,false,true,,,,,,,,,6,7200,0,,prod_01KYQGHQ6DNY0CNMW7Z89KEQ6A,Wed Jul 29 2026 13:00:23 GMT-0500 (Colombia Standard Time),Wed Jul 29 2026 13:00:23 GMT-0500 (Colombia Standard Time),,8000,opt_01KYQGHQ6E58C51MWP38HXQ8CT,Default,Default
prod_01KYQGHQ6DR0GZKQD929HYM6E1,copa-victory-replica-rosca-100-ml,COPA (VICTORY) REPLICA ROSCA 100 ML,,published,,Envase vacío AA · 100 ml · cierre Rosca,false,true,,pcol_01KYNF54AKSX3Y8RFNJ53P89S3,,,,,,,,,,Wed Jul 29 2026 13:00:21 GMT-0500 (Colombia Standard Time),Wed Jul 29 2026 13:00:21 GMT-0500 (Colombia Standard Time),,sc_01KYNCV8FSSEG8B1MQC4QC6DA2,sc_01KYNF4WREP6XDE0A8VADDBEN8,variant_01KYQGHS1S35F9R528FT8TPEBH,Default,b-1370,,,,false,true,,,,,,,,,6,10800,0,,prod_01KYQGHQ6DR0GZKQD929HYM6E1,Wed Jul 29 2026 13:00:23 GMT-0500 (Colombia Standard Time),Wed Jul 29 2026 13:00:23 GMT-0500 (Colombia Standard Time),,12000,opt_01KYQGHQ6EMFM3AKVCC4ZGAJR4,Default,Default
prod_01KYQGHQ6DS5BYS154RQJ588MP,conquer-gucci-agrafe-80-ml,CONQUER (GUCCI) AGRAFE 80 ML,,published,,Envase vacío AA · 80 ml · cierre Agrafe,false,true,,pcol_01KYNF54AKSX3Y8RFNJ53P89S3,,,,,,,,,,Wed Jul 29 2026 13:00:21 GMT-0500 (Colombia Standard Time),Wed Jul 29 2026 13:00:21 GMT-0500 (Colombia Standard Time),,sc_01KYNCV8FSSEG8B1MQC4QC6DA2,sc_01KYNF4WREP6XDE0A8VADDBEN8,variant_01KYQGHS1SS6QACXKR0C8RP20P,Default,b-1234,,,,false,true,,,,,,,,,6,7200,0,,prod_01KYQGHQ6DS5BYS154RQJ588MP,Wed Jul 29 2026 13:00:23 GMT-0500 (Colombia Standard Time),Wed Jul 29 2026 13:00:23 GMT-0500 (Colombia Standard Time),,8000,opt_01KYQGHQ6EKX7QTC8WT29GM5GZ,Default,Default
prod_01KYQGHQ6DXQC87XNHM1RPF4CK,cilindrico-rosca-lujo-60-ml,CILINDRICO ROSCA LUJO 60 ML,,published,,Envase vacío AA · 60 ml · cierre Rosca,false,true,,pcol_01KYNF54AKSX3Y8RFNJ53P89S3,,,,,,,,,,Wed Jul 29 2026 13:00:21 GMT-0500 (Colombia Standard Time),Wed Jul 29 2026 13:00:21 GMT-0500 (Colombia Standard Time),,sc_01KYNCV8FSSEG8B1MQC4QC6DA2,sc_01KYNF4WREP6XDE0A8VADDBEN8,variant_01KYQGHS1S7QD064DZQZGEV57R,Default,b-1213,,,,false,true,,,,,,,,,6,4100,0,,prod_01KYQGHQ6DXQC87XNHM1RPF4CK,Wed Jul 29 2026 13:00:23 GMT-0500 (Colombia Standard Time),Wed Jul 29 2026 13:00:23 GMT-0500 (Colombia Standard Time),,4600,opt_01KYQGHQ6ETE7MWPPYR6BBFAWH,Default,Default
prod_01KYQGHQ6DYB9WBG9V4AJ20BS9,copa-invictus-rosca-replica-100-ml,COPA (INVICTUS) ROSCA REPLICA 100 ML,,published,,Envase vacío AA · 100 ml · cierre Rosca,false,true,,pcol_01KYNF54AKSX3Y8RFNJ53P89S3,,,,,,,,,,Wed Jul 29 2026 13:00:21 GMT-0500 (Colombia Standard Time),Wed Jul 29 2026 13:00:21 GMT-0500 (Colombia Standard Time),,sc_01KYNCV8FSSEG8B1MQC4QC6DA2,sc_01KYNF4WREP6XDE0A8VADDBEN8,variant_01KYQGHS1SC8JBYEJ9ESPEA9EG,Default,b-1239,,,,false,true,,,,,,,,,6,9900,0,,prod_01KYQGHQ6DYB9WBG9V4AJ20BS9,Wed Jul 29 2026 13:00:23 GMT-0500 (Colombia Standard Time),Wed Jul 29 2026 13:00:23 GMT-0500 (Colombia Standard Time),,11000,opt_01KYQGHQ6EJFE1DFCDPADFN644,Default,Default
prod_01KYQGHTQCB7B8GVKE77BFPHCF,corazon-agrafe-lujo-45-ml,CORAZON AGRAFE LUJO 45 ML,,published,,Envase vacío AA · 45 ml · cierre Agrafe,false,true,,pcol_01KYNF54AKSX3Y8RFNJ53P89S3,,,,,,,,,,Wed Jul 29 2026 13:00:25 GMT-0500 (Colombia Standard Time),Wed Jul 29 2026 13:00:25 GMT-0500 (Colombia Standard Time),,sc_01KYNCV8FSSEG8B1MQC4QC6DA2,sc_01KYNF4WREP6XDE0A8VADDBEN8,variant_01KYQGHWHWBH48H7THH996HTYZ,Default,b-1222,,,,false,true,,,,,,,,,6,5200,0,,prod_01KYQGHTQCB7B8GVKE77BFPHCF,Wed Jul 29 2026 13:00:26 GMT-0500 (Colombia Standard Time),Wed Jul 29 2026 13:00:26 GMT-0500 (Colombia Standard Time),,5800,opt_01KYQGHTQDCQBCNRSX578HFQVK,Default,Default
prod_01KYQGHTQCJKX0GTFVTBSDWG78,corazon-rosca-color-50-ml,CORAZON ROSCA COLOR 50 ML,,published,,Envase vacío AA · 50 ml · cierre Rosca,false,true,,pcol_01KYNF54AKSX3Y8RFNJ53P89S3,,,,,,,,,,Wed Jul 29 2026 13:00:25 GMT-0500 (Colombia Standard Time),Wed Jul 29 2026 13:00:25 GMT-0500 (Colombia Standard Time),,sc_01KYNCV8FSSEG8B1MQC4QC6DA2,sc_01KYNF4WREP6XDE0A8VADDBEN8,variant_01KYQGHWHWTR69AXESFS354T9B,Default,b-1221,,,,false,true,,,,,,,,,6,6100,0,,prod_01KYQGHTQCJKX0GTFVTBSDWG78,Wed Jul 29 2026 13:00:26 GMT-0500 (Colombia Standard Time),Wed Jul 29 2026 13:00:26 GMT-0500 (Colombia Standard Time),,6800,opt_01KYQGHTQDANZ9WW3V4TCVYX4D,Default,Default
prod_01KYQGHTQD0PKVPSP2C8J901V5,corazon-rosca-cristal-60-ml,CORAZON ROSCA CRISTAL 60 ML,,published,,Envase vacío AA · 60 ml · cierre Rosca,false,true,,pcol_01KYNF54AKSX3Y8RFNJ53P89S3,,,,,,,,,,Wed Jul 29 2026 13:00:25 GMT-0500 (Colombia Standard Time),Wed Jul 29 2026 13:00:25 GMT-0500 (Colombia Standard Time),,sc_01KYNCV8FSSEG8B1MQC4QC6DA2,sc_01KYNF4WREP6XDE0A8VADDBEN8,variant_01KYQGHWHXC1NS33HWPK1G1KDC,Default,b-1270,,,,false,true,,,,,,,,,6,7500,0,,prod_01KYQGHTQD0PKVPSP2C8J901V5,Wed Jul 29 2026 13:00:26 GMT-0500 (Colombia Standard Time),Wed Jul 29 2026 13:00:26 GMT-0500 (Colombia Standard Time),,8300,opt_01KYQGHTQDKC7KJK7VBTVTBMW6,Default,Default
prod_01KYQGHTQD7AQ67CQCYZ96YQGH,eiffel-rosca-lujo-30-ml,EIFFEL ROSCA LUJO 30 ML,,published,,Envase vacío AA · 30 ml · cierre Rosca,false,true,,pcol_01KYNF54AKSX3Y8RFNJ53P89S3,,,,,,,,,,Wed Jul 29 2026 13:00:25 GMT-0500 (Colombia Standard Time),Wed Jul 29 2026 13:00:25 GMT-0500 (Colombia Standard Time),,sc_01KYNCV8FSSEG8B1MQC4QC6DA2,sc_01KYNF4WREP6XDE0A8VADDBEN8,variant_01KYQGHWHXYT9PQV1K9BD5H6AT,Default,b-1304,,,,false,true,,,,,,,,,6,6800,0,,prod_01KYQGHTQD7AQ67CQCYZ96YQGH,Wed Jul 29 2026 13:00:26 GMT-0500 (Colombia Standard Time),Wed Jul 29 2026 13:00:26 GMT-0500 (Colombia Standard Time),,7500,opt_01KYQGHTQDGT71AS7HAVC43CF3,Default,Default
prod_01KYQGHTQD9QVD0N8B2W2TCXYS,dorso-rosca-lujo-100-ml,DORSO ROSCA LUJO 100 ML,,published,,Envase vacío AA · 100 ml · cierre Rosca,false,true,,pcol_01KYNF54AKSX3Y8RFNJ53P89S3,,,,,,,,,,Wed Jul 29 2026 13:00:25 GMT-0500 (Colombia Standard Time),Wed Jul 29 2026 13:00:25 GMT-0500 (Colombia Standard Time),,sc_01KYNCV8FSSEG8B1MQC4QC6DA2,sc_01KYNF4WREP6XDE0A8VADDBEN8,variant_01KYQGHWHXVGQBWA12JD7887M7,Default,b-1314,,,,false,true,,,,,,,,,6,6800,0,,prod_01KYQGHTQD9QVD0N8B2W2TCXYS,Wed Jul 29 2026 13:00:26 GMT-0500 (Colombia Standard Time),Wed Jul 29 2026 13:00:26 GMT-0500 (Colombia Standard Time),,7600,opt_01KYQGHTQDDP6934EBNK4J0M1H,Default,Default
prod_01KYQGHTQDAQRA2V47KWWJ6XKJ,cristal-rosca-45-ml,CRISTAL ROSCA 45 ML,,published,,Envase vacío AA · 45 ml · cierre Rosca,false,true,,pcol_01KYNF54AKSX3Y8RFNJ53P89S3,,,,,,,,,,Wed Jul 29 2026 13:00:25 GMT-0500 (Colombia Standard Time),Wed Jul 29 2026 13:00:25 GMT-0500 (Colombia Standard Time),,sc_01KYNCV8FSSEG8B1MQC4QC6DA2,sc_01KYNF4WREP6XDE0A8VADDBEN8,variant_01KYQGHWHXZJX5V5X0TV8R3F2F,Default,b-1227,,,,false,true,,,,,,,,,6,5400,0,,prod_01KYQGHTQDAQRA2V47KWWJ6XKJ,Wed Jul 29 2026 13:00:26 GMT-0500 (Colombia Standard Time),Wed Jul 29 2026 13:00:26 GMT-0500 (Colombia Standard Time),,6000,opt_01KYQGHTQDGP1KWG54PA8TZ8DZ,Default,Default
prod_01KYQGHTQDCYCCNGP7FJ657TQ4,eiffel-rosca-lujo-50-ml,EIFFEL ROSCA LUJO 50 ML,,published,,Envase vacío AA · 50 ml · cierre Rosca,false,true,,pcol_01KYNF54AKSX3Y8RFNJ53P89S3,,,,,,,,,,Wed Jul 29 2026 13:00:25 GMT-0500 (Colombia Standard Time),Wed Jul 29 2026 13:00:25 GMT-0500 (Colombia Standard Time),,sc_01KYNCV8FSSEG8B1MQC4QC6DA2,sc_01KYNF4WREP6XDE0A8VADDBEN8,variant_01KYQGHWHXPFNQKK39DAEARSH9,Default,b-1313,,,,false,true,,,,,,,,,6,7400,0,,prod_01KYQGHTQDCYCCNGP7FJ657TQ4,Wed Jul 29 2026 13:00:26 GMT-0500 (Colombia Standard Time),Wed Jul 29 2026 13:00:26 GMT-0500 (Colombia Standard Time),,8200,opt_01KYQGHTQDQZ9560J23F9ATBX1,Default,Default
prod_01KYQGHTQDD3NW3T9P3W3YFW69,creed-rosca-replica-50-ml,CREED ROSCA REPLICA 50 ML,,published,,Envase vacío AA · 50 ml · cierre Rosca,false,true,,pcol_01KYNF54AKSX3Y8RFNJ53P89S3,,,,,,,,,,Wed Jul 29 2026 13:00:25 GMT-0500 (Colombia Standard Time),Wed Jul 29 2026 13:00:25 GMT-0500 (Colombia Standard Time),,sc_01KYNCV8FSSEG8B1MQC4QC6DA2,sc_01KYNF4WREP6XDE0A8VADDBEN8,variant_01KYQGHWHXQENBNPGVT9G84XKT,Default,b-1356,,,,false,true,,,,,,,,,6,6600,0,,prod_01KYQGHTQDD3NW3T9P3W3YFW69,Wed Jul 29 2026 13:00:26 GMT-0500 (Colombia Standard Time),Wed Jul 29 2026 13:00:26 GMT-0500 (Colombia Standard Time),,7300,opt_01KYQGHTQD9NHT8M1MM3FRSAV3,Default,Default
prod_01KYQGHTQDJGCF95P24103GSED,creed-rosca-replica-100-ml,CREED ROSCA REPLICA 100 ML,,published,,Envase vacío AA · 100 ml · cierre Rosca,false,true,,pcol_01KYNF54AKSX3Y8RFNJ53P89S3,,,,,,,,,,Wed Jul 29 2026 13:00:25 GMT-0500 (Colombia Standard Time),Wed Jul 29 2026 13:00:25 GMT-0500 (Colombia Standard Time),,sc_01KYNCV8FSSEG8B1MQC4QC6DA2,sc_01KYNF4WREP6XDE0A8VADDBEN8,variant_01KYQGHWHXKQ53XAER8P343ZCY,Default,b-1237,,,,false,true,,,,,,,,,6,8300,0,,prod_01KYQGHTQDJGCF95P24103GSED,Wed Jul 29 2026 13:00:26 GMT-0500 (Colombia Standard Time),Wed Jul 29 2026 13:00:26 GMT-0500 (Colombia Standard Time),,9200,opt_01KYQGHTQDC8WF8XPJX0XPXD2H,Default,Default
prod_01KYQGHTQDVM6WDK5Y578P2BGZ,creed-rosca-replica-30-ml,CREED ROSCA REPLICA 30 ML,,published,,Envase vacío AA · 30 ml · cierre Rosca,false,true,,pcol_01KYNF54AKSX3Y8RFNJ53P89S3,,,,,,,,,,Wed Jul 29 2026 13:00:25 GMT-0500 (Colombia Standard Time),Wed Jul 29 2026 13:00:25 GMT-0500 (Colombia Standard Time),,sc_01KYNCV8FSSEG8B1MQC4QC6DA2,sc_01KYNF4WREP6XDE0A8VADDBEN8,variant_01KYQGHWHXC4E7KTN4A4QNQ829,Default,b-1236,,,,false,true,,,,,,,,,6,6000,0,,prod_01KYQGHTQDVM6WDK5Y578P2BGZ,Wed Jul 29 2026 13:00:26 GMT-0500 (Colombia Standard Time),Wed Jul 29 2026 13:00:26 GMT-0500 (Colombia Standard Time),,6700,opt_01KYQGHTQDJ07YZPYJ8YQ83W1R,Default,Default
prod_01KYQGSFW72BFXXQPQX7N5MTGS,ferrari-replica-rosca-100-ml,FERRARI REPLICA ROSCA 100 ML,,published,,Envase vacío AA · 100 ml · cierre Rosca,false,true,,pcol_01KYNF54AKSX3Y8RFNJ53P89S3,,,,,,,,,,Wed Jul 29 2026 13:04:36 GMT-0500 (Colombia Standard Time),Wed Jul 29 2026 13:04:36 GMT-0500 (Colombia Standard Time),,sc_01KYNCV8FSSEG8B1MQC4QC6DA2,sc_01KYNF4WREP6XDE0A8VADDBEN8,variant_01KYQGSHTTMQR9Q548DE08PX4D,Default,b-1366,,,,false,true,,,,,,,,,6,7900,0,,prod_01KYQGSFW72BFXXQPQX7N5MTGS,Wed Jul 29 2026 13:04:38 GMT-0500 (Colombia Standard Time),Wed Jul 29 2026 13:04:38 GMT-0500 (Colombia Standard Time),,8800,opt_01KYQGSFW9HCMG21P23CXJHVPV,Default,Default
prod_01KYQGSFW72HJ5AYDC92XVJDZP,flat-rosca-lujo-50-ml,FLAT ROSCA LUJO 50 ML,,published,,Envase vacío AA · 50 ml · cierre Rosca,false,true,,pcol_01KYNF54AKSX3Y8RFNJ53P89S3,,,,,,,,,,Wed Jul 29 2026 13:04:36 GMT-0500 (Colombia Standard Time),Wed Jul 29 2026 13:04:36 GMT-0500 (Colombia Standard Time),,sc_01KYNCV8FSSEG8B1MQC4QC6DA2,sc_01KYNF4WREP6XDE0A8VADDBEN8,variant_01KYQGSHTTGZR0B7AE0E12YGK8,Default,b-1312,,,,false,true,,,,,,,,,6,5600,0,,prod_01KYQGSFW72HJ5AYDC92XVJDZP,Wed Jul 29 2026 13:04:38 GMT-0500 (Colombia Standard Time),Wed Jul 29 2026 13:04:38 GMT-0500 (Colombia Standard Time),,6200,opt_01KYQGSFW9ERPDH7C2DCQWFR2R,Default,Default
prod_01KYQGSFW77SAVP8KN74HWSETW,fantasy-rosca-replica-110-ml,FANTASY ROSCA REPLICA 110 ML,,published,,Envase vacío AA · 110 ml · cierre Rosca,false,true,,pcol_01KYNF54AKSX3Y8RFNJ53P89S3,,,,,,,,,,Wed Jul 29 2026 13:04:36 GMT-0500 (Colombia Standard Time),Wed Jul 29 2026 13:04:36 GMT-0500 (Colombia Standard Time),,sc_01KYNCV8FSSEG8B1MQC4QC6DA2,sc_01KYNF4WREP6XDE0A8VADDBEN8,variant_01KYQGSHTT6JK0S8KW74G18A7H,Default,b-1315,,,,false,true,,,,,,,,,6,8600,0,,prod_01KYQGSFW77SAVP8KN74HWSETW,Wed Jul 29 2026 13:04:38 GMT-0500 (Colombia Standard Time),Wed Jul 29 2026 13:04:38 GMT-0500 (Colombia Standard Time),,9500,opt_01KYQGSFW8PSA6RWM6R2X1AN21,Default,Default
prod_01KYQGSFW79QJSP5821T2FT2ZQ,eros-versace-rosca-replica-25-ml,EROS (VERSACE) ROSCA REPLICA 25 ML,,published,,Envase vacío AA · 25 ml · cierre Rosca,false,true,,pcol_01KYNF54AKSX3Y8RFNJ53P89S3,,,,,,,,,,Wed Jul 29 2026 13:04:36 GMT-0500 (Colombia Standard Time),Wed Jul 29 2026 13:04:36 GMT-0500 (Colombia Standard Time),,sc_01KYNCV8FSSEG8B1MQC4QC6DA2,sc_01KYNF4WREP6XDE0A8VADDBEN8,variant_01KYQGSHTTFF9AJ545QVJ89R2T,Default,b-1343,,,,false,true,,,,,,,,,6,6200,0,,prod_01KYQGSFW79QJSP5821T2FT2ZQ,Wed Jul 29 2026 13:04:38 GMT-0500 (Colombia Standard Time),Wed Jul 29 2026 13:04:38 GMT-0500 (Colombia Standard Time),,6900,opt_01KYQGSFW8M4GSMWRF0TFTER30,Default,Default
prod_01KYQGSFW7F52QCK9T9HNPRF54,flor-lujo-rosca-100-ml,FLOR LUJO ROSCA 100 ML,,published,,Envase vacío AA · 100 ml · cierre Rosca,false,true,,pcol_01KYNF54AKSX3Y8RFNJ53P89S3,,,,,,,,,,Wed Jul 29 2026 13:04:36 GMT-0500 (Colombia Standard Time),Wed Jul 29 2026 13:04:36 GMT-0500 (Colombia Standard Time),,sc_01KYNCV8FSSEG8B1MQC4QC6DA2,sc_01KYNF4WREP6XDE0A8VADDBEN8,variant_01KYQGSHTTM0674TM2EHN61DGZ,Default,b-1367,,,,false,true,,,,,,,,,6,7400,0,,prod_01KYQGSFW7F52QCK9T9HNPRF54,Wed Jul 29 2026 13:04:38 GMT-0500 (Colombia Standard Time),Wed Jul 29 2026 13:04:38 GMT-0500 (Colombia Standard Time),,8200,opt_01KYQGSFW9F8W8XPSQXJQRK4N8,Default,Default
prod_01KYQGSFW7J0ET6YQ3KHPEFF99,gabbana-rosca-replica-100-ml,GABBANA ROSCA REPLICA 100 ML,,published,,Envase vacío AA · 100 ml · cierre Rosca,false,true,,pcol_01KYNF54AKSX3Y8RFNJ53P89S3,,,,,,,,,,Wed Jul 29 2026 13:04:36 GMT-0500 (Colombia Standard Time),Wed Jul 29 2026 13:04:36 GMT-0500 (Colombia Standard Time),,sc_01KYNCV8FSSEG8B1MQC4QC6DA2,sc_01KYNF4WREP6XDE0A8VADDBEN8,variant_01KYQGSHTVKJQHJ5KZZ00KRAH5,Default,b-1383,,,,false,true,,,,,,,,,6,7400,0,,prod_01KYQGSFW7J0ET6YQ3KHPEFF99,Wed Jul 29 2026 13:04:38 GMT-0500 (Colombia Standard Time),Wed Jul 29 2026 13:04:38 GMT-0500 (Colombia Standard Time),,8200,opt_01KYQGSFW95ZN7W7P9YZH6K6F7,Default,Default
prod_01KYQGSFW7JR4JMPFX6623QV36,fahrenheit-rosca-replica-100-ml,FAHRENHEIT ROSCA REPLICA 100 ML,,published,,Envase vacío AA · 100 ml · cierre Rosca,false,true,,pcol_01KYNF54AKSX3Y8RFNJ53P89S3,,,,,,,,,,Wed Jul 29 2026 13:04:36 GMT-0500 (Colombia Standard Time),Wed Jul 29 2026 13:04:36 GMT-0500 (Colombia Standard Time),,sc_01KYNCV8FSSEG8B1MQC4QC6DA2,sc_01KYNF4WREP6XDE0A8VADDBEN8,variant_01KYQGSHTTWCAYG84GKYRT443K,Default,b-1267,,,,false,true,,,,,,,,,6,8100,0,,prod_01KYQGSFW7JR4JMPFX6623QV36,Wed Jul 29 2026 13:04:38 GMT-0500 (Colombia Standard Time),Wed Jul 29 2026 13:04:38 GMT-0500 (Colombia Standard Time),,9000,opt_01KYQGSFW80KXX6QBB689C28VJ,Default,Default
prod_01KYQGSFW7KJFKYYTA9Y2CZ7DM,eros-versace-rosca-replica-50-ml,EROS (VERSACE) ROSCA REPLICA  50 ML,,published,,Envase vacío AA · 50 ml · cierre Rosca,false,true,,pcol_01KYNF54AKSX3Y8RFNJ53P89S3,,,,,,,,,,Wed Jul 29 2026 13:04:36 GMT-0500 (Colombia Standard Time),Wed Jul 29 2026 13:04:36 GMT-0500 (Colombia Standard Time),,sc_01KYNCV8FSSEG8B1MQC4QC6DA2,sc_01KYNF4WREP6XDE0A8VADDBEN8,variant_01KYQGSHTT7HH4FHS3N58ZP23C,Default,b-1325,,,,false,true,,,,,,,,,6,7200,0,,prod_01KYQGSFW7KJFKYYTA9Y2CZ7DM,Wed Jul 29 2026 13:04:38 GMT-0500 (Colombia Standard Time),Wed Jul 29 2026 13:04:38 GMT-0500 (Colombia Standard Time),,8000,opt_01KYQGSFW7YXJGG82XCNBNJ25G,Default,Default
prod_01KYQGSFW7NQZ4BS9BNQK4DZVE,eros-versace-rosca-replica-100-ml,EROS (VERSACE) ROSCA REPLICA 100 ML,,published,,Envase vacío AA · 100 ml · cierre Rosca,false,true,,pcol_01KYNF54AKSX3Y8RFNJ53P89S3,,,,,,,,,,Wed Jul 29 2026 13:04:36 GMT-0500 (Colombia Standard Time),Wed Jul 29 2026 13:04:36 GMT-0500 (Colombia Standard Time),,sc_01KYNCV8FSSEG8B1MQC4QC6DA2,sc_01KYNF4WREP6XDE0A8VADDBEN8,variant_01KYQGSHTTGPBGG2301QCZZ6ZG,Default,b-1368,,,,false,true,,,,,,,,,6,10400,0,,prod_01KYQGSFW7NQZ4BS9BNQK4DZVE,Wed Jul 29 2026 13:04:38 GMT-0500 (Colombia Standard Time),Wed Jul 29 2026 13:04:38 GMT-0500 (Colombia Standard Time),,11600,opt_01KYQGSFW8BDBQCR9KASR17WNV,Default,Default
prod_01KYQGSFW7RKG0A3TGZTC0SM86,emblem-rosca-replica-60-ml,EMBLEM ROSCA REPLICA  60 ML,,published,,Envase vacío AA · 60 ml · cierre Rosca,false,true,,pcol_01KYNF54AKSX3Y8RFNJ53P89S3,,,,,,,,,,Wed Jul 29 2026 13:04:36 GMT-0500 (Colombia Standard Time),Wed Jul 29 2026 13:04:36 GMT-0500 (Colombia Standard Time),,sc_01KYNCV8FSSEG8B1MQC4QC6DA2,sc_01KYNF4WREP6XDE0A8VADDBEN8,variant_01KYQGSHTSA5FAWDFQMR2EK1FS,Default,b-1307,,,,false,true,,,,,,,,,6,7200,0,,prod_01KYQGSFW7RKG0A3TGZTC0SM86,Wed Jul 29 2026 13:04:38 GMT-0500 (Colombia Standard Time),Wed Jul 29 2026 13:04:38 GMT-0500 (Colombia Standard Time),,8000,opt_01KYQGSFW7RCVQ2HTVR9KRRXEA,Default,Default
prod_01KYQGSKKP73QVBR9JSFK8SW51,generico-agrafe-50-ml,GENERICO AGRAFE 50 ML,,published,,Envase vacío Generico · 50 ml · cierre Agrafe,false,true,,pcol_01KYNF54AKSX3Y8RFNJ53P89S3,,,,,,,,,,Wed Jul 29 2026 13:04:39 GMT-0500 (Colombia Standard Time),Wed Jul 29 2026 13:04:39 GMT-0500 (Colombia Standard Time),,sc_01KYNCV8FSSEG8B1MQC4QC6DA2,sc_01KYNF4WREP6XDE0A8VADDBEN8,variant_01KYQGSNG865D48Z9W0AMND92J,Default,b-1229,,,,false,true,,,,,,,,,6,4500,0,,prod_01KYQGSKKP73QVBR9JSFK8SW51,Wed Jul 29 2026 13:04:41 GMT-0500 (Colombia Standard Time),Wed Jul 29 2026 13:04:41 GMT-0500 (Colombia Standard Time),,5000,opt_01KYQGSKKQXQR0R9DC0318WV6C,Default,Default
prod_01KYQGSKKQ2MZPQXK8V0F00PE5,happy-rosca-replica-60-ml,HAPPY ROSCA REPLICA 60 ML,,published,,Envase vacío AA · 60 ml · cierre Rosca,false,true,,pcol_01KYNF54AKSX3Y8RFNJ53P89S3,,,,,,,,,,Wed Jul 29 2026 13:04:39 GMT-0500 (Colombia Standard Time),Wed Jul 29 2026 13:04:39 GMT-0500 (Colombia Standard Time),,sc_01KYNCV8FSSEG8B1MQC4QC6DA2,sc_01KYNF4WREP6XDE0A8VADDBEN8,variant_01KYQGSNG9Y57TD553KQS0A2QH,Default,b-1218,,,,false,true,,,,,,,,,6,6300,0,,prod_01KYQGSKKQ2MZPQXK8V0F00PE5,Wed Jul 29 2026 13:04:41 GMT-0500 (Colombia Standard Time),Wed Jul 29 2026 13:04:41 GMT-0500 (Colombia Standard Time),,7000,opt_01KYQGSKKQ8N81CRRD0KDA0TT9,Default,Default
prod_01KYQGSKKQ66Z4ER3P8HV9MC3C,gota-rosca-lujo-55-ml,GOTA ROSCA LUJO 55 ML,,published,,Envase vacío AA · 55 ml · cierre Rosca,false,true,,pcol_01KYNF54AKSX3Y8RFNJ53P89S3,,,,,,,,,,Wed Jul 29 2026 13:04:39 GMT-0500 (Colombia Standard Time),Wed Jul 29 2026 13:04:39 GMT-0500 (Colombia Standard Time),,sc_01KYNCV8FSSEG8B1MQC4QC6DA2,sc_01KYNF4WREP6XDE0A8VADDBEN8,variant_01KYQGSNG9700Z9VKX3W671VJE,Default,b-1303,,,,false,true,,,,,,,,,6,6200,0,,prod_01KYQGSKKQ66Z4ER3P8HV9MC3C,Wed Jul 29 2026 13:04:41 GMT-0500 (Colombia Standard Time),Wed Jul 29 2026 13:04:41 GMT-0500 (Colombia Standard Time),,6900,opt_01KYQGSKKQJXVEC7AZ2PCM7VTD,Default,Default
prod_01KYQGSKKQ69XFS4CX7NTCW9VN,granada-arsenal-rosca-replica-100-ml,GRANADA (ARSENAL) ROSCA REPLICA 100 ML,,published,,Envase vacío AA · 100 ml · cierre Rosca,false,true,,pcol_01KYNF54AKSX3Y8RFNJ53P89S3,,,,,,,,,,Wed Jul 29 2026 13:04:39 GMT-0500 (Colombia Standard Time),Wed Jul 29 2026 13:04:39 GMT-0500 (Colombia Standard Time),,sc_01KYNCV8FSSEG8B1MQC4QC6DA2,sc_01KYNF4WREP6XDE0A8VADDBEN8,variant_01KYQGSNG9EJPC0VQ18BRNGH7G,Default,b-1355,,,,false,true,,,,,,,,,6,8100,0,,prod_01KYQGSKKQ69XFS4CX7NTCW9VN,Wed Jul 29 2026 13:04:41 GMT-0500 (Colombia Standard Time),Wed Jul 29 2026 13:04:41 GMT-0500 (Colombia Standard Time),,9000,opt_01KYQGSKKQPJRHK68B0H9J9AEE,Default,Default
prod_01KYQGSKKQ9JS8MTKFQZ6K42GF,globo-agrafe-lujo-100-ml,GLOBO AGRAFE LUJO 100 ML,,published,,Envase vacío AA · 100 ml · cierre Agrafe,false,true,,pcol_01KYNF54AKSX3Y8RFNJ53P89S3,,,,,,,,,,Wed Jul 29 2026 13:04:39 GMT-0500 (Colombia Standard Time),Wed Jul 29 2026 13:04:39 GMT-0500 (Colombia Standard Time),,sc_01KYNCV8FSSEG8B1MQC4QC6DA2,sc_01KYNF4WREP6XDE0A8VADDBEN8,variant_01KYQGSNG9MMTH3K80QEXFNKZ8,Default,b-1231,,,,false,true,,,,,,,,,6,8100,0,,prod_01KYQGSKKQ9JS8MTKFQZ6K42GF,Wed Jul 29 2026 13:04:41 GMT-0500 (Colombia Standard Time),Wed Jul 29 2026 13:04:41 GMT-0500 (Colombia Standard Time),,9000,opt_01KYQGSKKQS81D9T6592FJW1NT,Default,Default
prod_01KYQGSKKQE9FC6HADHHDK9Z0Q,generico-rosca-60-ml-vp,GENERICO ROSCA 60 ML VP,,published,,Envase vacío Generico · 60 ml · cierre Rosca,false,true,,pcol_01KYNF54AKSX3Y8RFNJ53P89S3,,,,,,,,,,Wed Jul 29 2026 13:04:39 GMT-0500 (Colombia Standard Time),Wed Jul 29 2026 13:04:39 GMT-0500 (Colombia Standard Time),,sc_01KYNCV8FSSEG8B1MQC4QC6DA2,sc_01KYNF4WREP6XDE0A8VADDBEN8,variant_01KYQGSNG9M8PVFNWWDH5MC23K,Default,b-1209,,,,false,true,,,,,,,,,6,3200,0,,prod_01KYQGSKKQE9FC6HADHHDK9Z0Q,Wed Jul 29 2026 13:04:41 GMT-0500 (Colombia Standard Time),Wed Jul 29 2026 13:04:41 GMT-0500 (Colombia Standard Time),,3500,opt_01KYQGSKKQTQYZDQ6CDC0CS4P2,Default,Default
prod_01KYQGSKKQPNF8DBYJNZM6VWHV,generico-rosca-100-ml-vp,GENERICO ROSCA 100 ML VP,,published,,Envase vacío Generico · 100 ml · cierre Rosca,false,true,,pcol_01KYNF54AKSX3Y8RFNJ53P89S3,,,,,,,,,,Wed Jul 29 2026 13:04:39 GMT-0500 (Colombia Standard Time),Wed Jul 29 2026 13:04:39 GMT-0500 (Colombia Standard Time),,sc_01KYNCV8FSSEG8B1MQC4QC6DA2,sc_01KYNF4WREP6XDE0A8VADDBEN8,variant_01KYQGSNG92ZNGY8HHGS2J3J4B,Default,b-1210,,,,false,true,,,,,,,,,6,4000,0,,prod_01KYQGSKKQPNF8DBYJNZM6VWHV,Wed Jul 29 2026 13:04:41 GMT-0500 (Colombia Standard Time),Wed Jul 29 2026 13:04:41 GMT-0500 (Colombia Standard Time),,4400,opt_01KYQGSKKQXJWYHAPSNR2PA5G7,Default,Default
prod_01KYQGSKKQTNTEVVKX91TEA1TD,honor-glory-lataffa-agrafe-100-ml-aaa,HONOR & GLORY (LATAFFA) AGRAFE 100 ML AAA,,published,,Envase vacío AAA · 100 ml · cierre Agrafe,false,true,,pcol_01KYNF54AKSX3Y8RFNJ53P89S3,,,,,,,,,,Wed Jul 29 2026 13:04:39 GMT-0500 (Colombia Standard Time),Wed Jul 29 2026 13:04:39 GMT-0500 (Colombia Standard Time),,sc_01KYNCV8FSSEG8B1MQC4QC6DA2,sc_01KYNF4WREP6XDE0A8VADDBEN8,variant_01KYQGSNG9KYRNGBP4S4TNS9WR,Default,b-1394,,,,false,true,,,,,,,,,6,45600,0,,prod_01KYQGSKKQTNTEVVKX91TEA1TD,Wed Jul 29 2026 13:04:41 GMT-0500 (Colombia Standard Time),Wed Jul 29 2026 13:04:41 GMT-0500 (Colombia Standard Time),,48000,opt_01KYQGSKKQZ9S5SHH3A0C3E804,Default,Default
prod_01KYQGSKKQXA83GAQ0DC1ZFVR8,generico-rosca-30-ml-vp,GENERICO ROSCA 30 ML VP,,published,,Envase vacío Generico · 30 ml · cierre Rosca,false,true,,pcol_01KYNF54AKSX3Y8RFNJ53P89S3,,,,,,,,,,Wed Jul 29 2026 13:04:39 GMT-0500 (Colombia Standard Time),Wed Jul 29 2026 13:04:39 GMT-0500 (Colombia Standard Time),,sc_01KYNCV8FSSEG8B1MQC4QC6DA2,sc_01KYNF4WREP6XDE0A8VADDBEN8,variant_01KYQGSNG98WEF33Y34ERAAJ1K,Default,b-1207,,,,false,true,,,,,,,,,6,2300,0,,prod_01KYQGSKKQXA83GAQ0DC1ZFVR8,Wed Jul 29 2026 13:04:41 GMT-0500 (Colombia Standard Time),Wed Jul 29 2026 13:04:41 GMT-0500 (Colombia Standard Time),,2500,opt_01KYQGSKKQ4DFCDJK7QXVS2ZQG,Default,Default
prod_01KYQGSKKQY5YK74FT6AJDCN9A,guitarra-rosca-60-ml,GUITARRA ROSCA 60 ML,,published,,Envase vacío AA · 60 ml · cierre Rosca,false,true,,pcol_01KYNF54AKSX3Y8RFNJ53P89S3,,,,,,,,,,Wed Jul 29 2026 13:04:39 GMT-0500 (Colombia Standard Time),Wed Jul 29 2026 13:04:39 GMT-0500 (Colombia Standard Time),,sc_01KYNCV8FSSEG8B1MQC4QC6DA2,sc_01KYNF4WREP6XDE0A8VADDBEN8,variant_01KYQGSNG9WAM6DPSFG27XC1TZ,Default,b-1282,,,,false,true,,,,,,,,,6,5900,0,,prod_01KYQGSKKQY5YK74FT6AJDCN9A,Wed Jul 29 2026 13:04:41 GMT-0500 (Colombia Standard Time),Wed Jul 29 2026 13:04:41 GMT-0500 (Colombia Standard Time),,6600,opt_01KYQGSKKQNK6XTRRF9V0R21D0,Default,Default
prod_01KYQGSQ734Y1XASMAVW903BXE,issey-miyake-rosca-replica-30-ml,ISSEY MIYAKE ROSCA REPLICA 30 ML,,published,,Envase vacío AA · 30 ml · cierre Rosca,false,true,,pcol_01KYNF54AKSX3Y8RFNJ53P89S3,,,,,,,,,,Wed Jul 29 2026 13:04:43 GMT-0500 (Colombia Standard Time),Wed Jul 29 2026 13:04:43 GMT-0500 (Colombia Standard Time),,sc_01KYNCV8FSSEG8B1MQC4QC6DA2,sc_01KYNF4WREP6XDE0A8VADDBEN8,variant_01KYQGSS3J73KGVQNEGVGQF7NH,Default,b-1374,,,,false,true,,,,,,,,,6,5400,0,,prod_01KYQGSQ734Y1XASMAVW903BXE,Wed Jul 29 2026 13:04:45 GMT-0500 (Colombia Standard Time),Wed Jul 29 2026 13:04:45 GMT-0500 (Colombia Standard Time),,6000,opt_01KYQGSQ74FMP3F0S6DFDRN81H,Default,Default
prod_01KYQGSQ73MCJXWR1WY4N28PFT,hugo-boss-rosca-replica-60-ml,HUGO BOSS ROSCA REPLICA 60 ML,,published,,Envase vacío AA · 60 ml · cierre Rosca,false,true,,pcol_01KYNF54AKSX3Y8RFNJ53P89S3,,,,,,,,,,Wed Jul 29 2026 13:04:43 GMT-0500 (Colombia Standard Time),Wed Jul 29 2026 13:04:43 GMT-0500 (Colombia Standard Time),,sc_01KYNCV8FSSEG8B1MQC4QC6DA2,sc_01KYNF4WREP6XDE0A8VADDBEN8,variant_01KYQGSS3H1H8PBW632572PQ0V,Default,b-1273,,,,false,true,,,,,,,,,6,6300,0,,prod_01KYQGSQ73MCJXWR1WY4N28PFT,Wed Jul 29 2026 13:04:45 GMT-0500 (Colombia Standard Time),Wed Jul 29 2026 13:04:45 GMT-0500 (Colombia Standard Time),,7000,opt_01KYQGSQ744VKR1XZM94KVJRC1,Default,Default
prod_01KYQGSQ73RKJQ69VEEEGT5VSK,hugo-boss-rosca-replica-100-ml,HUGO BOSS ROSCA REPLICA 100 ML,,published,,Envase vacío AA · 100 ml · cierre Rosca,false,true,,pcol_01KYNF54AKSX3Y8RFNJ53P89S3,,,,,,,,,,Wed Jul 29 2026 13:04:43 GMT-0500 (Colombia Standard Time),Wed Jul 29 2026 13:04:43 GMT-0500 (Colombia Standard Time),,sc_01KYNCV8FSSEG8B1MQC4QC6DA2,sc_01KYNF4WREP6XDE0A8VADDBEN8,variant_01KYQGSS3HG4WAHXR6X3HXBYC1,Default,b-1281,,,,false,true,,,,,,,,,6,8100,0,,prod_01KYQGSQ73RKJQ69VEEEGT5VSK,Wed Jul 29 2026 13:04:45 GMT-0500 (Colombia Standard Time),Wed Jul 29 2026 13:04:45 GMT-0500 (Colombia Standard Time),,9000,opt_01KYQGSQ74ZCXEJ2FB1QX7785J,Default,Default
prod_01KYQGSQ73X1BSWTZ0A89SDS7C,issey-miyake-rosca-replica-120-ml,ISSEY MIYAKE ROSCA REPLICA 120 ML,,published,,Envase vacío AA · 120 ml · cierre Rosca,false,true,,pcol_01KYNF54AKSX3Y8RFNJ53P89S3,,,,,,,,,,Wed Jul 29 2026 13:04:43 GMT-0500 (Colombia Standard Time),Wed Jul 29 2026 13:04:43 GMT-0500 (Colombia Standard Time),,sc_01KYNCV8FSSEG8B1MQC4QC6DA2,sc_01KYNF4WREP6XDE0A8VADDBEN8,variant_01KYQGSS3J15Q0VHTAF82M2P3G,Default,b-1369,,,,false,true,,,,,,,,,6,10400,0,,prod_01KYQGSQ73X1BSWTZ0A89SDS7C,Wed Jul 29 2026 13:04:45 GMT-0500 (Colombia Standard Time),Wed Jul 29 2026 13:04:45 GMT-0500 (Colombia Standard Time),,11500,opt_01KYQGSQ749FPBPMRDQMGMVKNS,Default,Default
prod_01KYQGSQ740PV9GSTK2F2GDDX3,j-adore-rosca-replica-60-ml,J´ADORE ROSCA REPLICA 60 ML,,published,,Envase vacío AA · 60 ml · cierre Rosca,false,true,,pcol_01KYNF54AKSX3Y8RFNJ53P89S3,,,,,,,,,,Wed Jul 29 2026 13:04:43 GMT-0500 (Colombia Standard Time),Wed Jul 29 2026 13:04:43 GMT-0500 (Colombia Standard Time),,sc_01KYNCV8FSSEG8B1MQC4QC6DA2,sc_01KYNF4WREP6XDE0A8VADDBEN8,variant_01KYQGSS3JVR359D95AM5HKP51,Default,b-1223,,,,false,true,,,,,,,,,6,7700,0,,prod_01KYQGSQ740PV9GSTK2F2GDDX3,Wed Jul 29 2026 13:04:45 GMT-0500 (Colombia Standard Time),Wed Jul 29 2026 13:04:45 GMT-0500 (Colombia Standard Time),,8500,opt_01KYQGSQ74NAW8ZT43BV2NN5JT,Default,Default
prod_01KYQGSQ749B436DBC45YR4S90,lacoste-rosca-replica-100-ml,LACOSTE ROSCA REPLICA 100 ML,,published,,Envase vacío AA · 100 ml · cierre Rosca,false,true,,pcol_01KYNF54AKSX3Y8RFNJ53P89S3,,,,,,,,,,Wed Jul 29 2026 13:04:43 GMT-0500 (Colombia Standard Time),Wed Jul 29 2026 13:04:43 GMT-0500 (Colombia Standard Time),,sc_01KYNCV8FSSEG8B1MQC4QC6DA2,sc_01KYNF4WREP6XDE0A8VADDBEN8,variant_01KYQGSS3JX4S6988ZDXQPPPJ2,Default,b-1279,,,,false,true,,,,,,,,,6,8100,0,,prod_01KYQGSQ749B436DBC45YR4S90,Wed Jul 29 2026 13:04:45 GMT-0500 (Colombia Standard Time),Wed Jul 29 2026 13:04:45 GMT-0500 (Colombia Standard Time),,9000,opt_01KYQGSQ74N0GMV62H3DH7W7YJ,Default,Default
prod_01KYQGSQ74NFAFCAD893ZDWAR9,lacoste-red-rosca-replica-100-ml,LACOSTE RED ROSCA REPLICA 100 ML,,published,,Envase vacío AA · 100 ml · cierre Rosca,false,true,,pcol_01KYNF54AKSX3Y8RFNJ53P89S3,,,,,,,,,,Wed Jul 29 2026 13:04:43 GMT-0500 (Colombia Standard Time),Wed Jul 29 2026 13:04:43 GMT-0500 (Colombia Standard Time),,sc_01KYNCV8FSSEG8B1MQC4QC6DA2,sc_01KYNF4WREP6XDE0A8VADDBEN8,variant_01KYQGSS3JMQZ75XA9WXXBFCF1,Default,b-1274,,,,false,true,,,,,,,,,6,8100,0,,prod_01KYQGSQ74NFAFCAD893ZDWAR9,Wed Jul 29 2026 13:04:45 GMT-0500 (Colombia Standard Time),Wed Jul 29 2026 13:04:45 GMT-0500 (Colombia Standard Time),,9000,opt_01KYQGSQ74W4D1S36CXPDKCH47,Default,Default
prod_01KYQGSQ74T4FM73AMF4JSX2EN,j-adore-rosca-replica-100-ml,J´ADORE ROSCA REPLICA 100 ML,,published,,Envase vacío AA · 100 ml · cierre Rosca,false,true,,pcol_01KYNF54AKSX3Y8RFNJ53P89S3,,,,,,,,,,Wed Jul 29 2026 13:04:43 GMT-0500 (Colombia Standard Time),Wed Jul 29 2026 13:04:43 GMT-0500 (Colombia Standard Time),,sc_01KYNCV8FSSEG8B1MQC4QC6DA2,sc_01KYNF4WREP6XDE0A8VADDBEN8,variant_01KYQGSS3JRC1Q9Z57FNNGQJCX,Default,b-1224,,,,false,true,,,,,,,,,6,9200,0,,prod_01KYQGSQ74T4FM73AMF4JSX2EN,Wed Jul 29 2026 13:04:45 GMT-0500 (Colombia Standard Time),Wed Jul 29 2026 13:04:45 GMT-0500 (Colombia Standard Time),,10200,opt_01KYQGSQ74WQ818E2HVVC0G6T4,Default,Default
prod_01KYQGSQ74Z22EB0GA8T8HA2A3,kalifa-rosca-lujo-45-ml,KALIFA ROSCA LUJO 45 ML,,published,,Envase vacío AA · 45 ml · cierre Rosca,false,true,,pcol_01KYNF54AKSX3Y8RFNJ53P89S3,,,,,,,,,,Wed Jul 29 2026 13:04:43 GMT-0500 (Colombia Standard Time),Wed Jul 29 2026 13:04:43 GMT-0500 (Colombia Standard Time),,sc_01KYNCV8FSSEG8B1MQC4QC6DA2,sc_01KYNF4WREP6XDE0A8VADDBEN8,variant_01KYQGSS3JVF8R74N1WS4FQZPJ,Default,b-1385,,,,false,true,,,,,,,,,6,7500,0,,prod_01KYQGSQ74Z22EB0GA8T8HA2A3,Wed Jul 29 2026 13:04:45 GMT-0500 (Colombia Standard Time),Wed Jul 29 2026 13:04:45 GMT-0500 (Colombia Standard Time),,8300,opt_01KYQGSQ74AYTBZ6J7YHAH89EW,Default,Default
prod_01KYQGSQ74ZFVZRVGFAE7REHCH,jenifer-rosca-replica-50-ml,JENIFER ROSCA REPLICA 50 ML,,published,,Envase vacío AA · 50 ml · cierre Rosca,false,true,,pcol_01KYNF54AKSX3Y8RFNJ53P89S3,,,,,,,,,,Wed Jul 29 2026 13:04:43 GMT-0500 (Colombia Standard Time),Wed Jul 29 2026 13:04:43 GMT-0500 (Colombia Standard Time),,sc_01KYNCV8FSSEG8B1MQC4QC6DA2,sc_01KYNF4WREP6XDE0A8VADDBEN8,variant_01KYQGSS3JGAC8TAFCPZC54716,Default,b-1297,,,,false,true,,,,,,,,,6,7100,0,,prod_01KYQGSQ74ZFVZRVGFAE7REHCH,Wed Jul 29 2026 13:04:45 GMT-0500 (Colombia Standard Time),Wed Jul 29 2026 13:04:45 GMT-0500 (Colombia Standard Time),,7900,opt_01KYQGSQ74XK1W63NMGFN76ZA8,Default,Default
prod_01KYQGSTTX0GJTTFZZ0J66FSKT,legend-rosca-replica-100-ml,LEGEND ROSCA REPLICA 100 ML,,published,,Envase vacío AA · 100 ml · cierre Rosca,false,true,,pcol_01KYNF54AKSX3Y8RFNJ53P89S3,,,,,,,,,,Wed Jul 29 2026 13:04:47 GMT-0500 (Colombia Standard Time),Wed Jul 29 2026 13:04:47 GMT-0500 (Colombia Standard Time),,sc_01KYNCV8FSSEG8B1MQC4QC6DA2,sc_01KYNF4WREP6XDE0A8VADDBEN8,variant_01KYQGSWQ7KEHR9JW2CPB8S3P4,Default,b-1309,,,,false,true,,,,,,,,,6,10500,0,,prod_01KYQGSTTX0GJTTFZZ0J66FSKT,Wed Jul 29 2026 13:04:49 GMT-0500 (Colombia Standard Time),Wed Jul 29 2026 13:04:49 GMT-0500 (Colombia Standard Time),,11700,opt_01KYQGSTTXP6F27979FRZHNEN9,Default,Default
prod_01KYQGSTTX2Q4DS8Z7S5S6NBK8,maletin-doble-perfumero-3-y-8-ml,MALETIN DOBLE PERFUMERO 3 Y 8 ML,,published,,Envase vacío Generico · 8 ml · cierre Rosca,false,true,,pcol_01KYNF54AKSX3Y8RFNJ53P89S3,,,,,,,,,,Wed Jul 29 2026 13:04:47 GMT-0500 (Colombia Standard Time),Wed Jul 29 2026 13:04:47 GMT-0500 (Colombia Standard Time),,sc_01KYNCV8FSSEG8B1MQC4QC6DA2,sc_01KYNF4WREP6XDE0A8VADDBEN8,variant_01KYQGSWQ8RGH98A7RJQBTKWWW,Default,b-1294,,,,false,true,,,,,,,,,6,4100,0,,prod_01KYQGSTTX2Q4DS8Z7S5S6NBK8,Wed Jul 29 2026 13:04:49 GMT-0500 (Colombia Standard Time),Wed Jul 29 2026 13:04:49 GMT-0500 (Colombia Standard Time),,4600,opt_01KYQGSTTXH6E21HEK21ARBPV4,Default,Default
prod_01KYQGSTTX8TW8Y7GCQQ6WXAD7,legend-rosca-replica-85-ml,LEGEND ROSCA REPLICA 85 ML,,published,,Envase vacío AA · 85 ml · cierre Rosca,false,true,,pcol_01KYNF54AKSX3Y8RFNJ53P89S3,,,,,,,,,,Wed Jul 29 2026 13:04:47 GMT-0500 (Colombia Standard Time),Wed Jul 29 2026 13:04:47 GMT-0500 (Colombia Standard Time),,sc_01KYNCV8FSSEG8B1MQC4QC6DA2,sc_01KYNF4WREP6XDE0A8VADDBEN8,variant_01KYQGSWQ8VB2Y3T5YH31F2ZP6,Default,b-1308,,,,false,true,,,,,,,,,6,7400,0,,prod_01KYQGSTTX8TW8Y7GCQQ6WXAD7,Wed Jul 29 2026 13:04:49 GMT-0500 (Colombia Standard Time),Wed Jul 29 2026 13:04:49 GMT-0500 (Colombia Standard Time),,8200,opt_01KYQGSTTXNQ852TFD5HEW8F8G,Default,Default
prod_01KYQGSTTXC143QBVSDF1ZA3GR,manzana-rosca-lujo-35-ml,MANZANA ROSCA LUJO 35 ML,,published,,Envase vacío AA · 35 ml · cierre Rosca,false,true,,pcol_01KYNF54AKSX3Y8RFNJ53P89S3,,,,,,,,,,Wed Jul 29 2026 13:04:47 GMT-0500 (Colombia Standard Time),Wed Jul 29 2026 13:04:47 GMT-0500 (Colombia Standard Time),,sc_01KYNCV8FSSEG8B1MQC4QC6DA2,sc_01KYNF4WREP6XDE0A8VADDBEN8,variant_01KYQGSWQ8GTXGAB6ZZFNA1DTY,Default,b-1322,,,,false,true,,,,,,,,,6,5200,0,,prod_01KYQGSTTXC143QBVSDF1ZA3GR,Wed Jul 29 2026 13:04:49 GMT-0500 (Colombia Standard Time),Wed Jul 29 2026 13:04:49 GMT-0500 (Colombia Standard Time),,5800,opt_01KYQGSTTXD9JCQN8T4XJ1DMB0,Default,Default
prod_01KYQGSTTXFRSJC295NDHD7Y1B,martillado-rosca-80-ml,MARTILLADO ROSCA 80 ML,,published,,Envase vacío AA · 80 ml · cierre Rosca,false,true,,pcol_01KYNF54AKSX3Y8RFNJ53P89S3,,,,,,,,,,Wed Jul 29 2026 13:04:47 GMT-0500 (Colombia Standard Time),Wed Jul 29 2026 13:04:47 GMT-0500 (Colombia Standard Time),,sc_01KYNCV8FSSEG8B1MQC4QC6DA2,sc_01KYNF4WREP6XDE0A8VADDBEN8,variant_01KYQGSWQ8NPTR6EZHP77G4QNC,Default,b-1244,,,,false,true,,,,,,,,,6,5400,0,,prod_01KYQGSTTXFRSJC295NDHD7Y1B,Wed Jul 29 2026 13:04:49 GMT-0500 (Colombia Standard Time),Wed Jul 29 2026 13:04:49 GMT-0500 (Colombia Standard Time),,6000,opt_01KYQGSTTX9Q1YMGTCSKWGE5JC,Default,Default
prod_01KYQGSTTXJQ1JBVY905E0KVQH,manzana-agrafe-lujo-100-ml,MANZANA AGRAFE LUJO 100 ML,,published,,Envase vacío AA · 100 ml · cierre Agrafe,false,true,,pcol_01KYNF54AKSX3Y8RFNJ53P89S3,,,,,,,,,,Wed Jul 29 2026 13:04:47 GMT-0500 (Colombia Standard Time),Wed Jul 29 2026 13:04:47 GMT-0500 (Colombia Standard Time),,sc_01KYNCV8FSSEG8B1MQC4QC6DA2,sc_01KYNF4WREP6XDE0A8VADDBEN8,variant_01KYQGSWQ8G2KN601T12ES3FKS,Default,b-1232,,,,false,true,,,,,,,,,6,8100,0,,prod_01KYQGSTTXJQ1JBVY905E0KVQH,Wed Jul 29 2026 13:04:49 GMT-0500 (Colombia Standard Time),Wed Jul 29 2026 13:04:49 GMT-0500 (Colombia Standard Time),,9000,opt_01KYQGSTTXMNXSD4XDZ30DZDZP,Default,Default
prod_01KYQGSTTXMNAPD7AJEV12FWH1,manzana-rosca-lujo-30-ml,MANZANA ROSCA LUJO 30 ML,,published,,Envase vacío AA · 30 ml · cierre Rosca,false,true,,pcol_01KYNF54AKSX3Y8RFNJ53P89S3,,,,,,,,,,Wed Jul 29 2026 13:04:47 GMT-0500 (Colombia Standard Time),Wed Jul 29 2026 13:04:47 GMT-0500 (Colombia Standard Time),,sc_01KYNCV8FSSEG8B1MQC4QC6DA2,sc_01KYNF4WREP6XDE0A8VADDBEN8,variant_01KYQGSWQ8SW65Y95AESS4DRRV,Default,b-1321,,,,false,true,,,,,,,,,6,4600,0,,prod_01KYQGSTTXMNAPD7AJEV12FWH1,Wed Jul 29 2026 13:04:49 GMT-0500 (Colombia Standard Time),Wed Jul 29 2026 13:04:49 GMT-0500 (Colombia Standard Time),,5100,opt_01KYQGSTTX1XWYWVY0X2C8XES7,Default,Default
prod_01KYQGSTTXSFR3XGGHXN0W0C6E,manzana-rosca-lujo-50-ml,MANZANA ROSCA LUJO 50 ML,,published,,Envase vacío AA · 50 ml · cierre Rosca,false,true,,pcol_01KYNF54AKSX3Y8RFNJ53P89S3,,,,,,,,,,Wed Jul 29 2026 13:04:47 GMT-0500 (Colombia Standard Time),Wed Jul 29 2026 13:04:47 GMT-0500 (Colombia Standard Time),,sc_01KYNCV8FSSEG8B1MQC4QC6DA2,sc_01KYNF4WREP6XDE0A8VADDBEN8,variant_01KYQGSWQ885ZE1TZ9DHRFEVQH,Default,b-1329,,,,false,true,,,,,,,,,6,6300,0,,prod_01KYQGSTTXSFR3XGGHXN0W0C6E,Wed Jul 29 2026 13:04:49 GMT-0500 (Colombia Standard Time),Wed Jul 29 2026 13:04:49 GMT-0500 (Colombia Standard Time),,7000,opt_01KYQGSTTX1NNDAW57RVKWGBCD,Default,Default
prod_01KYQGSTTXVM3K031EFXQD7DBJ,lacoste-rosca-replica-30-ml,LACOSTE ROSCA REPLICA 30 ML,,published,,Envase vacío AA · 30 ml · cierre Rosca,false,true,,pcol_01KYNF54AKSX3Y8RFNJ53P89S3,,,,,,,,,,Wed Jul 29 2026 13:04:47 GMT-0500 (Colombia Standard Time),Wed Jul 29 2026 13:04:47 GMT-0500 (Colombia Standard Time),,sc_01KYNCV8FSSEG8B1MQC4QC6DA2,sc_01KYNF4WREP6XDE0A8VADDBEN8,variant_01KYQGSWQ7VMYXPVDTS5HB7XZP,Default,b-1330,,,,false,true,,,,,,,,,6,5800,0,,prod_01KYQGSTTXVM3K031EFXQD7DBJ,Wed Jul 29 2026 13:04:49 GMT-0500 (Colombia Standard Time),Wed Jul 29 2026 13:04:49 GMT-0500 (Colombia Standard Time),,6400,opt_01KYQGSTTX5CDPS33AXR02PXWV,Default,Default
prod_01KYQGSTTXW8YWZQ3HJXF811FQ,lacoste-rosca-replica-50-ml,LACOSTE ROSCA REPLICA 50 ML,,published,,Envase vacío AA · 50 ml · cierre Rosca,false,true,,pcol_01KYNF54AKSX3Y8RFNJ53P89S3,,,,,,,,,,Wed Jul 29 2026 13:04:47 GMT-0500 (Colombia Standard Time),Wed Jul 29 2026 13:04:47 GMT-0500 (Colombia Standard Time),,sc_01KYNCV8FSSEG8B1MQC4QC6DA2,sc_01KYNF4WREP6XDE0A8VADDBEN8,variant_01KYQGSWQ79ZY772AR81K3304J,Default,b-1305,,,,false,true,,,,,,,,,6,6800,0,,prod_01KYQGSTTXW8YWZQ3HJXF811FQ,Wed Jul 29 2026 13:04:49 GMT-0500 (Colombia Standard Time),Wed Jul 29 2026 13:04:49 GMT-0500 (Colombia Standard Time),,7500,opt_01KYQGSTTX0635Q6FJE154S0QS,Default,Default
prod_01KYQGSYED8BX0VYMFZX0BA1X0,moon-rosca-jujo-60-ml,MOON ROSCA JUJO 60 ML,,published,,Envase vacío AA · 60 ml · cierre Rosca,false,true,,pcol_01KYNF54AKSX3Y8RFNJ53P89S3,,,,,,,,,,Wed Jul 29 2026 13:04:51 GMT-0500 (Colombia Standard Time),Wed Jul 29 2026 13:04:51 GMT-0500 (Colombia Standard Time),,sc_01KYNCV8FSSEG8B1MQC4QC6DA2,sc_01KYNF4WREP6XDE0A8VADDBEN8,variant_01KYQGT0C5Z78ZKRPCZGHYSSTR,Default,b-1216,,,,false,true,,,,,,,,,6,6300,0,,prod_01KYQGSYED8BX0VYMFZX0BA1X0,Wed Jul 29 2026 13:04:53 GMT-0500 (Colombia Standard Time),Wed Jul 29 2026 13:04:53 GMT-0500 (Colombia Standard Time),,7000,opt_01KYQGSYEEGYWE1EA5WE46DJZ3,Default,Default
prod_01KYQGSYEDA10G9CDV1G91Y89V,murano-rosca-lujo-100-ml,MURANO ROSCA LUJO 100 ML,,published,,Envase vacío AA · 100 ml · cierre Rosca,false,true,,pcol_01KYNF54AKSX3Y8RFNJ53P89S3,,,,,,,,,,Wed Jul 29 2026 13:04:51 GMT-0500 (Colombia Standard Time),Wed Jul 29 2026 13:04:51 GMT-0500 (Colombia Standard Time),,sc_01KYNCV8FSSEG8B1MQC4QC6DA2,sc_01KYNF4WREP6XDE0A8VADDBEN8,variant_01KYQGT0C6802AHJ5YQPC82TJN,Default,b-1354,,,,false,true,,,,,,,,,6,7700,0,,prod_01KYQGSYEDA10G9CDV1G91Y89V,Wed Jul 29 2026 13:04:53 GMT-0500 (Colombia Standard Time),Wed Jul 29 2026 13:04:53 GMT-0500 (Colombia Standard Time),,8600,opt_01KYQGSYEEKBKWWNVGD5NJ34YA,Default,Default
prod_01KYQGSYEE05W5P3C411QPYMD5,only-the-brave-rosca-replica-80-ml,ONLY THE BRAVE ROSCA REPLICA 80 ML,,published,,Envase vacío AA · 80 ml · cierre Rosca,false,true,,pcol_01KYNF54AKSX3Y8RFNJ53P89S3,,,,,,,,,,Wed Jul 29 2026 13:04:51 GMT-0500 (Colombia Standard Time),Wed Jul 29 2026 13:04:51 GMT-0500 (Colombia Standard Time),,sc_01KYNCV8FSSEG8B1MQC4QC6DA2,sc_01KYNF4WREP6XDE0A8VADDBEN8,variant_01KYQGT0C8FD2BPM559Z7NS2RZ,Default,b-1285,,,,false,true,,,,,,,,,6,7700,0,,prod_01KYQGSYEE05W5P3C411QPYMD5,Wed Jul 29 2026 13:04:53 GMT-0500 (Colombia Standard Time),Wed Jul 29 2026 13:04:53 GMT-0500 (Colombia Standard Time),,8500,opt_01KYQGSYEE1GAXN3P5HR1M303V,Default,Default
prod_01KYQGSYEE0X3QRS5CAPXR08DN,olympea-rosca-replica-100-ml,OLYMPEA ROSCA REPLICA 100 ML,,published,,Envase vacío AA · 100 ml · cierre Rosca,false,true,,pcol_01KYNF54AKSX3Y8RFNJ53P89S3,,,,,,,,,,Wed Jul 29 2026 13:04:51 GMT-0500 (Colombia Standard Time),Wed Jul 29 2026 13:04:51 GMT-0500 (Colombia Standard Time),,sc_01KYNCV8FSSEG8B1MQC4QC6DA2,sc_01KYNF4WREP6XDE0A8VADDBEN8,variant_01KYQGT0C70HKS63VV5FHXB14Q,Default,b-1235,,,,false,true,,,,,,,,,6,9000,0,,prod_01KYQGSYEE0X3QRS5CAPXR08DN,Wed Jul 29 2026 13:04:53 GMT-0500 (Colombia Standard Time),Wed Jul 29 2026 13:04:53 GMT-0500 (Colombia Standard Time),,10000,opt_01KYQGSYEE8VAS5JT364AV86G8,Default,Default
prod_01KYQGSYEE53ZBJP2KR4AWW0WG,osito-rosca-plastico-65-ml,OSITO ROSCA PLASTICO 65 ML,,published,,Envase vacío AA · 65 ml · cierre Rosca,false,true,,pcol_01KYNF54AKSX3Y8RFNJ53P89S3,,,,,,,,,,Wed Jul 29 2026 13:04:51 GMT-0500 (Colombia Standard Time),Wed Jul 29 2026 13:04:51 GMT-0500 (Colombia Standard Time),,sc_01KYNCV8FSSEG8B1MQC4QC6DA2,sc_01KYNF4WREP6XDE0A8VADDBEN8,variant_01KYQGT0C8D5P3ACX4E6PTTGFD,Default,b-1382,,,,false,true,,,,,,,,,6,4100,0,,prod_01KYQGSYEE53ZBJP2KR4AWW0WG,Wed Jul 29 2026 13:04:53 GMT-0500 (Colombia Standard Time),Wed Jul 29 2026 13:04:53 GMT-0500 (Colombia Standard Time),,4500,opt_01KYQGSYEE2M79ACP96M621WSC,Default,Default
prod_01KYQGSYEE5D6JG19EHFRWVY2R,only-the-brave-rosca-replica-50-ml,ONLY THE BRAVE ROSCA REPLICA 50 ML,,published,,Envase vacío AA · 50 ml · cierre Rosca,false,true,,pcol_01KYNF54AKSX3Y8RFNJ53P89S3,,,,,,,,,,Wed Jul 29 2026 13:04:51 GMT-0500 (Colombia Standard Time),Wed Jul 29 2026 13:04:51 GMT-0500 (Colombia Standard Time),,sc_01KYNCV8FSSEG8B1MQC4QC6DA2,sc_01KYNF4WREP6XDE0A8VADDBEN8,variant_01KYQGT0C8YC8MHQF2YES8FE2A,Default,b-1316,,,,false,true,,,,,,,,,6,6800,0,,prod_01KYQGSYEE5D6JG19EHFRWVY2R,Wed Jul 29 2026 13:04:53 GMT-0500 (Colombia Standard Time),Wed Jul 29 2026 13:04:53 GMT-0500 (Colombia Standard Time),,7500,opt_01KYQGSYEEECAZE5D6RDCPWP6H,Default,Default
prod_01KYQGSYEE82APWG1P2C7HD7JV,murano-rosca-lujo-50-ml,MURANO ROSCA LUJO 50 ML,,published,,Envase vacío AA · 50 ml · cierre Rosca,false,true,,pcol_01KYNF54AKSX3Y8RFNJ53P89S3,,,,,,,,,,Wed Jul 29 2026 13:04:51 GMT-0500 (Colombia Standard Time),Wed Jul 29 2026 13:04:51 GMT-0500 (Colombia Standard Time),,sc_01KYNCV8FSSEG8B1MQC4QC6DA2,sc_01KYNF4WREP6XDE0A8VADDBEN8,variant_01KYQGT0C7W3VDHB8M3GBMJC89,Default,b-1353,,,,false,true,,,,,,,,,6,5400,0,,prod_01KYQGSYEE82APWG1P2C7HD7JV,Wed Jul 29 2026 13:04:53 GMT-0500 (Colombia Standard Time),Wed Jul 29 2026 13:04:53 GMT-0500 (Colombia Standard Time),,6000,opt_01KYQGSYEEZBK22Y9RTN9F0W1Y,Default,Default
prod_01KYQGSYEEDHNQ8BF8C1WTXX48,new-york-rosca-55-ml,NEW YORK ROSCA 55 ML,,published,,Envase vacío AA · 55 ml · cierre Rosca,false,true,,pcol_01KYNF54AKSX3Y8RFNJ53P89S3,,,,,,,,,,Wed Jul 29 2026 13:04:51 GMT-0500 (Colombia Standard Time),Wed Jul 29 2026 13:04:51 GMT-0500 (Colombia Standard Time),,sc_01KYNCV8FSSEG8B1MQC4QC6DA2,sc_01KYNF4WREP6XDE0A8VADDBEN8,variant_01KYQGT0C7QTPEV2A67DJ2F2MV,Default,b-1379,,,,false,true,,,,,,,,,6,5900,0,,prod_01KYQGSYEEDHNQ8BF8C1WTXX48,Wed Jul 29 2026 13:04:53 GMT-0500 (Colombia Standard Time),Wed Jul 29 2026 13:04:53 GMT-0500 (Colombia Standard Time),,6600,opt_01KYQGSYEEZZRQCDTDTTTVEZ33,Default,Default
prod_01KYQGSYEEGHAZRMJ8KK82EAT6,omnia-rosca-replica-65-ml,OMNIA ROSCA REPLICA 65 ML,,published,,Envase vacío AA · 65 ml · cierre Rosca,false,true,,pcol_01KYNF54AKSX3Y8RFNJ53P89S3,,,,,,,,,,Wed Jul 29 2026 13:04:51 GMT-0500 (Colombia Standard Time),Wed Jul 29 2026 13:04:51 GMT-0500 (Colombia Standard Time),,sc_01KYNCV8FSSEG8B1MQC4QC6DA2,sc_01KYNF4WREP6XDE0A8VADDBEN8,variant_01KYQGT0C7P4F3V2W87FX16RFR,Default,b-1336,,,,false,true,,,,,,,,,6,11100,0,,prod_01KYQGSYEEGHAZRMJ8KK82EAT6,Wed Jul 29 2026 13:04:53 GMT-0500 (Colombia Standard Time),Wed Jul 29 2026 13:04:53 GMT-0500 (Colombia Standard Time),,12300,opt_01KYQGSYEE4KAWMVMB01QAFPZ5,Default,Default
prod_01KYQGSYEEZAQ84TVGFZA4DG11,olympea-rosca-replica-50-ml,OLYMPEA ROSCA REPLICA 50 ML,,published,,Envase vacío AA · 50 ml · cierre Rosca,false,true,,pcol_01KYNF54AKSX3Y8RFNJ53P89S3,,,,,,,,,,Wed Jul 29 2026 13:04:51 GMT-0500 (Colombia Standard Time),Wed Jul 29 2026 13:04:51 GMT-0500 (Colombia Standard Time),,sc_01KYNCV8FSSEG8B1MQC4QC6DA2,sc_01KYNF4WREP6XDE0A8VADDBEN8,variant_01KYQGT0C7PFVMKGSNWQQEHANY,Default,b-1324,,,,false,true,,,,,,,,,6,7700,0,,prod_01KYQGSYEEZAQ84TVGFZA4DG11,Wed Jul 29 2026 13:04:53 GMT-0500 (Colombia Standard Time),Wed Jul 29 2026 13:04:53 GMT-0500 (Colombia Standard Time),,8500,opt_01KYQGSYEEVMSGQWTAG1AQ5EWY,Default,Default
prod_01KYQGT23V1M7VYJWBNXFX78Z2,perfumero-plastico-8-ml,PERFUMERO PLASTICO 8 ML,,published,,Envase vacío Generico · 8 ml · cierre Rosca,false,true,,pcol_01KYNF54AKSX3Y8RFNJ53P89S3,,,,,,,,,,Wed Jul 29 2026 13:04:54 GMT-0500 (Colombia Standard Time),Wed Jul 29 2026 13:04:54 GMT-0500 (Colombia Standard Time),,sc_01KYNCV8FSSEG8B1MQC4QC6DA2,sc_01KYNF4WREP6XDE0A8VADDBEN8,variant_01KYQGT42PNT6SSH0B6ET544FZ,Default,b-1202,,,,false,true,,,,,,,,,6,1600,0,,prod_01KYQGT23V1M7VYJWBNXFX78Z2,Wed Jul 29 2026 13:04:56 GMT-0500 (Colombia Standard Time),Wed Jul 29 2026 13:04:56 GMT-0500 (Colombia Standard Time),,1800,opt_01KYQGT23W5B6X0S032CJV4F1G,Default,Default
prod_01KYQGT23V5H4NP238SQKX3130,perfumero-esfero-lujo-3-ml,PERFUMERO ESFERO LUJO 3 ML,,published,,Envase vacío Generico · 3 ml · cierre Rosca,false,true,,pcol_01KYNF54AKSX3Y8RFNJ53P89S3,,,,,,,,,,Wed Jul 29 2026 13:04:54 GMT-0500 (Colombia Standard Time),Wed Jul 29 2026 13:04:54 GMT-0500 (Colombia Standard Time),,sc_01KYNCV8FSSEG8B1MQC4QC6DA2,sc_01KYNF4WREP6XDE0A8VADDBEN8,variant_01KYQGT42NXBCN3JBPMTSYSDKR,Default,b-1289,,,,false,true,,,,,,,,,6,2700,0,,prod_01KYQGT23V5H4NP238SQKX3130,Wed Jul 29 2026 13:04:56 GMT-0500 (Colombia Standard Time),Wed Jul 29 2026 13:04:56 GMT-0500 (Colombia Standard Time),,3000,opt_01KYQGT23W2JVHCFD7C6NJZPWQ,Default,Default
prod_01KYQGT23V8SQB68GGA68NGNVZ,paris-grafe-replica-100-ml,PARIS GRAFE REPLICA 100 ML,,published,,Envase vacío AA · 100 ml · cierre Rosca,false,true,,pcol_01KYNF54AKSX3Y8RFNJ53P89S3,,,,,,,,,,Wed Jul 29 2026 13:04:54 GMT-0500 (Colombia Standard Time),Wed Jul 29 2026 13:04:54 GMT-0500 (Colombia Standard Time),,sc_01KYNCV8FSSEG8B1MQC4QC6DA2,sc_01KYNF4WREP6XDE0A8VADDBEN8,variant_01KYQGT42NWX3YXQ3E0Q68RSNB,Default,b-1339,,,,false,true,,,,,,,,,6,12000,0,,prod_01KYQGT23V8SQB68GGA68NGNVZ,Wed Jul 29 2026 13:04:56 GMT-0500 (Colombia Standard Time),Wed Jul 29 2026 13:04:56 GMT-0500 (Colombia Standard Time),,13300,opt_01KYQGT23WHRCVZ8E0Q22RQXFQ,Default,Default
prod_01KYQGT23VACS7PC0779DEC8SN,oso-moshino-rosca-replica-30-ml,OSO (MOSHINO) ROSCA REPLICA 30 ML,,published,,Envase vacío AA · 30 ml · cierre Rosca,false,true,,pcol_01KYNF54AKSX3Y8RFNJ53P89S3,,,,,,,,,,Wed Jul 29 2026 13:04:54 GMT-0500 (Colombia Standard Time),Wed Jul 29 2026 13:04:54 GMT-0500 (Colombia Standard Time),,sc_01KYNCV8FSSEG8B1MQC4QC6DA2,sc_01KYNF4WREP6XDE0A8VADDBEN8,variant_01KYQGT42NHSC4S1ZRT8EV8PDS,Default,b-1387,,,,false,true,,,,,,,,,6,8800,0,,prod_01KYQGT23VACS7PC0779DEC8SN,Wed Jul 29 2026 13:04:56 GMT-0500 (Colombia Standard Time),Wed Jul 29 2026 13:04:56 GMT-0500 (Colombia Standard Time),,9800,opt_01KYQGT23VWBYK6GTK2SARYYG8,Default,Default
prod_01KYQGT23VB8V06QYM6H3XH43Y,perfumero-esfero-plastico-10-ml,PERFUMERO ESFERO PLASTICO 10 ML,,published,,Envase vacío Generico · 10 ml · cierre Rosca,false,true,,pcol_01KYNF54AKSX3Y8RFNJ53P89S3,,,,,,,,,,Wed Jul 29 2026 13:04:54 GMT-0500 (Colombia Standard Time),Wed Jul 29 2026 13:04:54 GMT-0500 (Colombia Standard Time),,sc_01KYNCV8FSSEG8B1MQC4QC6DA2,sc_01KYNF4WREP6XDE0A8VADDBEN8,variant_01KYQGT42PX8QVFK0F1E75NVX0,Default,b-1291,,,,false,true,,,,,,,,,6,1800,0,,prod_01KYQGT23VB8V06QYM6H3XH43Y,Wed Jul 29 2026 13:04:56 GMT-0500 (Colombia Standard Time),Wed Jul 29 2026 13:04:56 GMT-0500 (Colombia Standard Time),,2000,opt_01KYQGT23W02VZESBB2J7354MX,Default,Default
prod_01KYQGT23VCDG4RMVB32T8JY21,perfumero-recargable-lujo-5-ml,PERFUMERO RECARGABLE LUJO 5 ML,,published,,Envase vacío Generico · 5 ml · cierre Rosca,false,true,,pcol_01KYNF54AKSX3Y8RFNJ53P89S3,,,,,,,,,,Wed Jul 29 2026 13:04:54 GMT-0500 (Colombia Standard Time),Wed Jul 29 2026 13:04:54 GMT-0500 (Colombia Standard Time),,sc_01KYNCV8FSSEG8B1MQC4QC6DA2,sc_01KYNF4WREP6XDE0A8VADDBEN8,variant_01KYQGT42PM74VNM12MR788QVY,Default,b-1295,,,,false,true,,,,,,,,,6,4500,0,,prod_01KYQGT23VCDG4RMVB32T8JY21,Wed Jul 29 2026 13:04:56 GMT-0500 (Colombia Standard Time),Wed Jul 29 2026 13:04:56 GMT-0500 (Colombia Standard Time),,5000,opt_01KYQGT23W3FNNCQV9HRGKQYP2,Default,Default
prod_01KYQGT23VFJ9C4J6G7S2A6CMV,perfumero-plastico-3-ml,PERFUMERO PLASTICO 3 ML,,published,,Envase vacío Generico · 3 ml · cierre Rosca,false,true,,pcol_01KYNF54AKSX3Y8RFNJ53P89S3,,,,,,,,,,Wed Jul 29 2026 13:04:54 GMT-0500 (Colombia Standard Time),Wed Jul 29 2026 13:04:54 GMT-0500 (Colombia Standard Time),,sc_01KYNCV8FSSEG8B1MQC4QC6DA2,sc_01KYNF4WREP6XDE0A8VADDBEN8,variant_01KYQGT42P9J5RYXFDRVDH6MQ7,Default,b-1201,,,,false,true,,,,,,,,,6,1400,0,,prod_01KYQGT23VFJ9C4J6G7S2A6CMV,Wed Jul 29 2026 13:04:56 GMT-0500 (Colombia Standard Time),Wed Jul 29 2026 13:04:56 GMT-0500 (Colombia Standard Time),,1500,opt_01KYQGT23WEK8633JVQWJVAZ7P,Default,Default
prod_01KYQGT23VP87CM3CZHDRNNYAQ,perfumero-esfero-plastico-6-ml,PERFUMERO ESFERO PLASTICO 6 ML,,published,,Envase vacío Generico · 6 ml · cierre Rosca,false,true,,pcol_01KYNF54AKSX3Y8RFNJ53P89S3,,,,,,,,,,Wed Jul 29 2026 13:04:54 GMT-0500 (Colombia Standard Time),Wed Jul 29 2026 13:04:54 GMT-0500 (Colombia Standard Time),,sc_01KYNCV8FSSEG8B1MQC4QC6DA2,sc_01KYNF4WREP6XDE0A8VADDBEN8,variant_01KYQGT42P9Y3AW6GYA0CSMH0T,Default,b-1204,,,,false,true,,,,,,,,,6,1500,0,,prod_01KYQGT23VP87CM3CZHDRNNYAQ,Wed Jul 29 2026 13:04:56 GMT-0500 (Colombia Standard Time),Wed Jul 29 2026 13:04:56 GMT-0500 (Colombia Standard Time),,1700,opt_01KYQGT23WMQFG9BFTKESS8C41,Default,Default
prod_01KYQGT23VQ0YRCWRW7M49ZRJC,oso-moshino-rosca-replica-50-ml,OSO (MOSHINO) ROSCA REPLICA 50 ML,,published,,Envase vacío AA · 50 ml · cierre Rosca,false,true,,pcol_01KYNF54AKSX3Y8RFNJ53P89S3,,,,,,,,,,Wed Jul 29 2026 13:04:54 GMT-0500 (Colombia Standard Time),Wed Jul 29 2026 13:04:54 GMT-0500 (Colombia Standard Time),,sc_01KYNCV8FSSEG8B1MQC4QC6DA2,sc_01KYNF4WREP6XDE0A8VADDBEN8,variant_01KYQGT42NPEJB7JARWEXN7CKS,Default,b-1310,,,,false,true,,,,,,,,,6,10900,0,,prod_01KYQGT23VQ0YRCWRW7M49ZRJC,Wed Jul 29 2026 13:04:56 GMT-0500 (Colombia Standard Time),Wed Jul 29 2026 13:04:56 GMT-0500 (Colombia Standard Time),,12100,opt_01KYQGT23WD38RJ4ER7CHQF72D,Default,Default
prod_01KYQGT23VT85A7XEREN76DMC4,perfumero-esfero-plastico-8-ml,PERFUMERO ESFERO PLASTICO 8 ML,,published,,Envase vacío Generico · 8 ml · cierre Rosca,false,true,,pcol_01KYNF54AKSX3Y8RFNJ53P89S3,,,,,,,,,,Wed Jul 29 2026 13:04:54 GMT-0500 (Colombia Standard Time),Wed Jul 29 2026 13:04:54 GMT-0500 (Colombia Standard Time),,sc_01KYNCV8FSSEG8B1MQC4QC6DA2,sc_01KYNF4WREP6XDE0A8VADDBEN8,variant_01KYQGT42PG4SRRZ261BEZ4P66,Default,b-1290,,,,false,true,,,,,,,,,6,1600,0,,prod_01KYQGT23VT85A7XEREN76DMC4,Wed Jul 29 2026 13:04:56 GMT-0500 (Colombia Standard Time),Wed Jul 29 2026 13:04:56 GMT-0500 (Colombia Standard Time),,1800,opt_01KYQGT23WKD04GT1PXGFG6H8P,Default,Default
prod_01KYQGT5SP2W9JYTSR3KMXZV63,rayo-bad-boy-rosca-replica-110-ml,RAYO (BAD BOY) ROSCA REPLICA 110 ML,,published,,Envase vacío AA · 110 ml · cierre Rosca,false,true,,pcol_01KYNF54AKSX3Y8RFNJ53P89S3,,,,,,,,,,Wed Jul 29 2026 13:04:58 GMT-0500 (Colombia Standard Time),Wed Jul 29 2026 13:04:58 GMT-0500 (Colombia Standard Time),,sc_01KYNCV8FSSEG8B1MQC4QC6DA2,sc_01KYNF4WREP6XDE0A8VADDBEN8,variant_01KYQGT7PJY2ZSF9QS4KGAV2CD,Default,b-1373,,,,false,true,,,,,,,,,6,14700,0,,prod_01KYQGT5SP2W9JYTSR3KMXZV63,Wed Jul 29 2026 13:05:00 GMT-0500 (Colombia Standard Time),Wed Jul 29 2026 13:05:00 GMT-0500 (Colombia Standard Time),,15500,opt_01KYQGT5SQ7RNVQFRCMZETG12R,Default,Default
prod_01KYQGT5SP3ASXRCKJCCSQTXRE,pure-xs-f-rosca-replica-80-ml,PURE XS F ROSCA REPLICA 80 ML,,published,,Envase vacío AA · 80 ml · cierre Rosca,false,true,,pcol_01KYNF54AKSX3Y8RFNJ53P89S3,,,,,,,,,,Wed Jul 29 2026 13:04:58 GMT-0500 (Colombia Standard Time),Wed Jul 29 2026 13:04:58 GMT-0500 (Colombia Standard Time),,sc_01KYNCV8FSSEG8B1MQC4QC6DA2,sc_01KYNF4WREP6XDE0A8VADDBEN8,variant_01KYQGT7PJ8652FH27Q5VV2QVD,Default,b-1327,,,,false,true,,,,,,,,,6,11100,0,,prod_01KYQGT5SP3ASXRCKJCCSQTXRE,Wed Jul 29 2026 13:05:00 GMT-0500 (Colombia Standard Time),Wed Jul 29 2026 13:05:00 GMT-0500 (Colombia Standard Time),,12300,opt_01KYQGT5SQTEGR86DZFNAXTSR8,Default,Default
prod_01KYQGT5SP5TPHVEQ9TDVC64NK,ricci-rosca-replica-50-ml,RICCI ROSCA REPLICA 50 ML,,published,,Envase vacío AA · 50 ml · cierre Rosca,false,true,,pcol_01KYNF54AKSX3Y8RFNJ53P89S3,,,,,,,,,,Wed Jul 29 2026 13:04:58 GMT-0500 (Colombia Standard Time),Wed Jul 29 2026 13:04:58 GMT-0500 (Colombia Standard Time),,sc_01KYNCV8FSSEG8B1MQC4QC6DA2,sc_01KYNF4WREP6XDE0A8VADDBEN8,variant_01KYQGT7PJQ8FKXXSPF61EQAXT,Default,b-1337,,,,false,true,,,,,,,,,6,6900,0,,prod_01KYQGT5SP5TPHVEQ9TDVC64NK,Wed Jul 29 2026 13:05:00 GMT-0500 (Colombia Standard Time),Wed Jul 29 2026 13:05:00 GMT-0500 (Colombia Standard Time),,7700,opt_01KYQGT5SQS9QSSDWBB6A3MK7N,Default,Default
prod_01KYQGT5SP9MXGSKNE95T3SA5P,ricci-rosca-replica-30-ml,RICCI ROSCA REPLICA 30 ML,,published,,Envase vacío AA · 30 ml · cierre Rosca,false,true,,pcol_01KYNF54AKSX3Y8RFNJ53P89S3,,,,,,,,,,Wed Jul 29 2026 13:04:58 GMT-0500 (Colombia Standard Time),Wed Jul 29 2026 13:04:58 GMT-0500 (Colombia Standard Time),,sc_01KYNCV8FSSEG8B1MQC4QC6DA2,sc_01KYNF4WREP6XDE0A8VADDBEN8,variant_01KYQGT7PJ3Z9SC7F9VX6MMMVR,Default,b-1346,,,,false,true,,,,,,,,,6,5400,0,,prod_01KYQGT5SP9MXGSKNE95T3SA5P,Wed Jul 29 2026 13:05:00 GMT-0500 (Colombia Standard Time),Wed Jul 29 2026 13:05:00 GMT-0500 (Colombia Standard Time),,6000,opt_01KYQGT5SQCQW4ASTED07JRB3Y,Default,Default
prod_01KYQGT5SPQXH6KVQQAE66JBMV,polo-rosca-replica-55-ml,POLO ROSCA REPLICA 55 ML,,published,,Envase vacío AA · 55 ml · cierre Rosca,false,true,,pcol_01KYNF54AKSX3Y8RFNJ53P89S3,,,,,,,,,,Wed Jul 29 2026 13:04:58 GMT-0500 (Colombia Standard Time),Wed Jul 29 2026 13:04:58 GMT-0500 (Colombia Standard Time),,sc_01KYNCV8FSSEG8B1MQC4QC6DA2,sc_01KYNF4WREP6XDE0A8VADDBEN8,variant_01KYQGT7PJABBMX5MQ29AQMCHK,Default,b-1380,,,,false,true,,,,,,,,,6,7200,0,,prod_01KYQGT5SPQXH6KVQQAE66JBMV,Wed Jul 29 2026 13:05:00 GMT-0500 (Colombia Standard Time),Wed Jul 29 2026 13:05:00 GMT-0500 (Colombia Standard Time),,8000,opt_01KYQGT5SQMC2W5TAPV8DEAZF7,Default,Default
prod_01KYQGT5SPS8Z5G1EBTJBP8NXG,plastico-generico-25-ml,PLASTICO GENERICO 25 ML,,published,,Envase vacío Generico · 25 ml · cierre Rosca,false,true,,pcol_01KYNF54AKSX3Y8RFNJ53P89S3,,,,,,,,,,Wed Jul 29 2026 13:04:58 GMT-0500 (Colombia Standard Time),Wed Jul 29 2026 13:04:58 GMT-0500 (Colombia Standard Time),,sc_01KYNCV8FSSEG8B1MQC4QC6DA2,sc_01KYNF4WREP6XDE0A8VADDBEN8,variant_01KYQGT7PH082T9RBND9D7KN1Z,Default,b-1292,,,,false,true,,,,,,,,,6,1750,0,,prod_01KYQGT5SPS8Z5G1EBTJBP8NXG,Wed Jul 29 2026 13:05:00 GMT-0500 (Colombia Standard Time),Wed Jul 29 2026 13:05:00 GMT-0500 (Colombia Standard Time),,2000,opt_01KYQGT5SQ5ZQH4KFKCXXZ5K6S,Default,Default
prod_01KYQGT5SPSV61HQHNA1GKNXZ7,ralph-agrafe-replica-100-ml,RALPH AGRAFE REPLICA 100 ML,,published,,Envase vacío AA · 100 ml · cierre Agrafe,false,true,,pcol_01KYNF54AKSX3Y8RFNJ53P89S3,,,,,,,,,,Wed Jul 29 2026 13:04:58 GMT-0500 (Colombia Standard Time),Wed Jul 29 2026 13:04:58 GMT-0500 (Colombia Standard Time),,sc_01KYNCV8FSSEG8B1MQC4QC6DA2,sc_01KYNF4WREP6XDE0A8VADDBEN8,variant_01KYQGT7PJ85ET0EB2GRRPXVHE,Default,b-1361,,,,false,true,,,,,,,,,6,10600,0,,prod_01KYQGT5SPSV61HQHNA1GKNXZ7,Wed Jul 29 2026 13:05:00 GMT-0500 (Colombia Standard Time),Wed Jul 29 2026 13:05:00 GMT-0500 (Colombia Standard Time),,11800,opt_01KYQGT5SQACQN5BMWT2KH4NQX,Default,Default
prod_01KYQGT5SPVQH4T89VHSXHBGQR,polo-rosca-replica-100-ml,POLO ROSCA REPLICA 100 ML,,published,,Envase vacío AA · 100 ml · cierre Rosca,false,true,,pcol_01KYNF54AKSX3Y8RFNJ53P89S3,,,,,,,,,,Wed Jul 29 2026 13:04:58 GMT-0500 (Colombia Standard Time),Wed Jul 29 2026 13:04:58 GMT-0500 (Colombia Standard Time),,sc_01KYNCV8FSSEG8B1MQC4QC6DA2,sc_01KYNF4WREP6XDE0A8VADDBEN8,variant_01KYQGT7PJ9JW47JQ9TD5HRXYS,Default,b-1268,,,,false,true,,,,,,,,,6,8600,0,,prod_01KYQGT5SPVQH4T89VHSXHBGQR,Wed Jul 29 2026 13:05:00 GMT-0500 (Colombia Standard Time),Wed Jul 29 2026 13:05:00 GMT-0500 (Colombia Standard Time),,9500,opt_01KYQGT5SQS1JW18FEM0N6FJWZ,Default,Default
prod_01KYQGT5SPVRN0VS3R5X0R3R6R,reloj-rosca-50-ml,RELOJ ROSCA 50 ML,,published,,Envase vacío AA · 50 ml · cierre Rosca,false,true,,pcol_01KYNF54AKSX3Y8RFNJ53P89S3,,,,,,,,,,Wed Jul 29 2026 13:04:58 GMT-0500 (Colombia Standard Time),Wed Jul 29 2026 13:04:58 GMT-0500 (Colombia Standard Time),,sc_01KYNCV8FSSEG8B1MQC4QC6DA2,sc_01KYNF4WREP6XDE0A8VADDBEN8,variant_01KYQGT7PJYCM9XT8RQ2RWHQG5,Default,b-1283,,,,false,true,,,,,,,,,6,6100,0,,prod_01KYQGT5SPVRN0VS3R5X0R3R6R,Wed Jul 29 2026 13:05:00 GMT-0500 (Colombia Standard Time),Wed Jul 29 2026 13:05:00 GMT-0500 (Colombia Standard Time),,6800,opt_01KYQGT5SQ14WYNE77AW5DWD9N,Default,Default
prod_01KYQGT5SPZNX3EEZHQX61JW7Z,ricci-rosca-replica-100-ml,RICCI ROSCA REPLICA 100 ML,,published,,Envase vacío AA · 100 ml · cierre Rosca,false,true,,pcol_01KYNF54AKSX3Y8RFNJ53P89S3,,,,,,,,,,Wed Jul 29 2026 13:04:58 GMT-0500 (Colombia Standard Time),Wed Jul 29 2026 13:04:58 GMT-0500 (Colombia Standard Time),,sc_01KYNCV8FSSEG8B1MQC4QC6DA2,sc_01KYNF4WREP6XDE0A8VADDBEN8,variant_01KYQGT7PJ7RR8KZMNBEAAGCWH,Default,b-1352,,,,false,true,,,,,,,,,6,8700,0,,prod_01KYQGT5SPZNX3EEZHQX61JW7Z,Wed Jul 29 2026 13:05:00 GMT-0500 (Colombia Standard Time),Wed Jul 29 2026 13:05:00 GMT-0500 (Colombia Standard Time),,9700,opt_01KYQGT5SQXHVYGCE0CXYDWBBV,Default,Default
prod_01KYQGT9ED674HMCGKBPVFBVF2,swiss-army-rosca-replica-90-ml,SWISS ARMY ROSCA REPLICA 90 ML,,published,,Envase vacío AA · 90 ml · cierre Rosca,false,true,,pcol_01KYNF54AKSX3Y8RFNJ53P89S3,,,,,,,,,,Wed Jul 29 2026 13:05:02 GMT-0500 (Colombia Standard Time),Wed Jul 29 2026 13:05:02 GMT-0500 (Colombia Standard Time),,sc_01KYNCV8FSSEG8B1MQC4QC6DA2,sc_01KYNF4WREP6XDE0A8VADDBEN8,variant_01KYQGTBBDZX4B94183ZF2PVSW,Default,b-1363,,,,false,true,,,,,,,,,6,12400,0,,prod_01KYQGT9ED674HMCGKBPVFBVF2,Wed Jul 29 2026 13:05:04 GMT-0500 (Colombia Standard Time),Wed Jul 29 2026 13:05:04 GMT-0500 (Colombia Standard Time),,13800,opt_01KYQGT9EE2WJY44NVQDK45T6B,Default,Default
prod_01KYQGT9ED6KBKA6E9S6AC0ZHA,sauvage-rosca-replica-100-ml,SAUVAGE ROSCA REPLICA 100 ML,,published,,Envase vacío AA · 100 ml · cierre Rosca,false,true,,pcol_01KYNF54AKSX3Y8RFNJ53P89S3,,,,,,,,,,Wed Jul 29 2026 13:05:02 GMT-0500 (Colombia Standard Time),Wed Jul 29 2026 13:05:02 GMT-0500 (Colombia Standard Time),,sc_01KYNCV8FSSEG8B1MQC4QC6DA2,sc_01KYNF4WREP6XDE0A8VADDBEN8,variant_01KYQGTBBDG790GGTR4C49N3ZS,Default,b-1338,,,,false,true,,,,,,,,,6,8600,0,,prod_01KYQGT9ED6KBKA6E9S6AC0ZHA,Wed Jul 29 2026 13:05:04 GMT-0500 (Colombia Standard Time),Wed Jul 29 2026 13:05:04 GMT-0500 (Colombia Standard Time),,9500,opt_01KYQGT9EEH03TAZ0JTKWKPB6V,Default,Default
prod_01KYQGT9ED7P95MB6310NJ8T2Y,robot-phantom-rosca-replica-50-ml,ROBOT (PHANTOM) ROSCA REPLICA 50 ML,,published,,Envase vacío AA · 50 ml · cierre Rosca,false,true,,pcol_01KYNF54AKSX3Y8RFNJ53P89S3,,,,,,,,,,Wed Jul 29 2026 13:05:02 GMT-0500 (Colombia Standard Time),Wed Jul 29 2026 13:05:02 GMT-0500 (Colombia Standard Time),,sc_01KYNCV8FSSEG8B1MQC4QC6DA2,sc_01KYNF4WREP6XDE0A8VADDBEN8,variant_01KYQGTBBCT47D92H1DKMYAYDB,Default,b-1389,,,,false,true,,,,,,,,,6,13200,0,,prod_01KYQGT9ED7P95MB6310NJ8T2Y,Wed Jul 29 2026 13:05:04 GMT-0500 (Colombia Standard Time),Wed Jul 29 2026 13:05:04 GMT-0500 (Colombia Standard Time),,14700,opt_01KYQGT9EEV6D5MH8H5MQ4V0AA,Default,Default
prod_01KYQGT9EDAR86NNFZ1YN41P9Z,robot-phantom-agrafe-replica-100-ml,ROBOT (PHANTOM) AGRAFE REPLICA 100 ML,,published,,Envase vacío AA · 100 ml · cierre Agrafe,false,true,,pcol_01KYNF54AKSX3Y8RFNJ53P89S3,,,,,,,,,,Wed Jul 29 2026 13:05:02 GMT-0500 (Colombia Standard Time),Wed Jul 29 2026 13:05:02 GMT-0500 (Colombia Standard Time),,sc_01KYNCV8FSSEG8B1MQC4QC6DA2,sc_01KYNF4WREP6XDE0A8VADDBEN8,variant_01KYQGTBBCJPVT0721QBVW84BA,Default,b-1390,,,,false,true,,,,,,,,,6,14400,0,,prod_01KYQGT9EDAR86NNFZ1YN41P9Z,Wed Jul 29 2026 13:05:04 GMT-0500 (Colombia Standard Time),Wed Jul 29 2026 13:05:04 GMT-0500 (Colombia Standard Time),,16000,opt_01KYQGT9EDTWVYAZDVVPXARGVP,Default,Default
prod_01KYQGT9EDAZ0JT2YR4SZ9ESPB,snake-gucci-agrafe-70-ml,SNAKE (GUCCI ) AGRAFE 70 ML,,published,,Envase vacío AA · 70 ml · cierre Agrafe,false,true,,pcol_01KYNF54AKSX3Y8RFNJ53P89S3,,,,,,,,,,Wed Jul 29 2026 13:05:02 GMT-0500 (Colombia Standard Time),Wed Jul 29 2026 13:05:02 GMT-0500 (Colombia Standard Time),,sc_01KYNCV8FSSEG8B1MQC4QC6DA2,sc_01KYNF4WREP6XDE0A8VADDBEN8,variant_01KYQGTBBD2RZ66FSSRQ8T1KHX,Default,b-1233,,,,false,true,,,,,,,,,6,7200,0,,prod_01KYQGT9EDAZ0JT2YR4SZ9ESPB,Wed Jul 29 2026 13:05:04 GMT-0500 (Colombia Standard Time),Wed Jul 29 2026 13:05:04 GMT-0500 (Colombia Standard Time),,8000,opt_01KYQGT9EE5XAD98TWWGXA7M52,Default,Default
prod_01KYQGT9EDEBR73E3D706PPJSA,scandal-f-agrafe-replica-100-ml,SCANDAL F AGRAFE REPLICA 100 ML,,published,,Envase vacío AA · 100 ml · cierre Agrafe,false,true,,pcol_01KYNF54AKSX3Y8RFNJ53P89S3,,,,,,,,,,Wed Jul 29 2026 13:05:02 GMT-0500 (Colombia Standard Time),Wed Jul 29 2026 13:05:02 GMT-0500 (Colombia Standard Time),,sc_01KYNCV8FSSEG8B1MQC4QC6DA2,sc_01KYNF4WREP6XDE0A8VADDBEN8,variant_01KYQGTBBD12D845HSQGW74JW7,Default,b-1306,,,,false,true,,,,,,,,,6,11700,0,,prod_01KYQGT9EDEBR73E3D706PPJSA,Wed Jul 29 2026 13:05:04 GMT-0500 (Colombia Standard Time),Wed Jul 29 2026 13:05:04 GMT-0500 (Colombia Standard Time),,13000,opt_01KYQGT9EEYH3B5RX20B4TWNGA,Default,Default
prod_01KYQGT9EDF977CFQV3F67TTR2,robot-fame-agrafe-replica-100-ml,ROBOT (FAME) AGRAFE REPLICA 100 ML,,published,,Envase vacío AA · 100 ml · cierre Agrafe,false,true,,pcol_01KYNF54AKSX3Y8RFNJ53P89S3,,,,,,,,,,Wed Jul 29 2026 13:05:02 GMT-0500 (Colombia Standard Time),Wed Jul 29 2026 13:05:02 GMT-0500 (Colombia Standard Time),,sc_01KYNCV8FSSEG8B1MQC4QC6DA2,sc_01KYNF4WREP6XDE0A8VADDBEN8,variant_01KYQGTBBCBYF44ZQ0Y3CFMRTH,Default,b-1391,,,,false,true,,,,,,,,,6,16700,0,,prod_01KYQGT9EDF977CFQV3F67TTR2,Wed Jul 29 2026 13:05:04 GMT-0500 (Colombia Standard Time),Wed Jul 29 2026 13:05:04 GMT-0500 (Colombia Standard Time),,18500,opt_01KYQGT9ED1TE7DGEQCYVJRYJW,Default,Default
prod_01KYQGT9EDQ65W60R0VGP6PYBQ,robot-famme-rosca-replica-50-ml,ROBOT (FAMME) ROSCA REPLICA 50 ML,,published,,Envase vacío AA · 50 ml · cierre Rosca,false,true,,pcol_01KYNF54AKSX3Y8RFNJ53P89S3,,,,,,,,,,Wed Jul 29 2026 13:05:02 GMT-0500 (Colombia Standard Time),Wed Jul 29 2026 13:05:02 GMT-0500 (Colombia Standard Time),,sc_01KYNCV8FSSEG8B1MQC4QC6DA2,sc_01KYNF4WREP6XDE0A8VADDBEN8,variant_01KYQGTBBCJH1C139SABY2EQZH,Default,b-1395,,,,false,true,,,,,,,,,6,13200,0,,prod_01KYQGT9EDQ65W60R0VGP6PYBQ,Wed Jul 29 2026 13:05:04 GMT-0500 (Colombia Standard Time),Wed Jul 29 2026 13:05:04 GMT-0500 (Colombia Standard Time),,14700,opt_01KYQGT9EEMDHSHZJAN2JPEJC7,Default,Default
prod_01KYQGT9EDY290HV2924Q96ZQP,robot-phantom-rosca-replica-30-ml,ROBOT (PHANTOM) ROSCA REPLICA 30 ML,,published,,Envase vacío AA · 30 ml · cierre Rosca,false,true,,pcol_01KYNF54AKSX3Y8RFNJ53P89S3,,,,,,,,,,Wed Jul 29 2026 13:05:02 GMT-0500 (Colombia Standard Time),Wed Jul 29 2026 13:05:02 GMT-0500 (Colombia Standard Time),,sc_01KYNCV8FSSEG8B1MQC4QC6DA2,sc_01KYNF4WREP6XDE0A8VADDBEN8,variant_01KYQGTBBCBG62HNM82P1A68ZG,Default,b-1388,,,,false,true,,,,,,,,,6,11900,0,,prod_01KYQGT9EDY290HV2924Q96ZQP,Wed Jul 29 2026 13:05:04 GMT-0500 (Colombia Standard Time),Wed Jul 29 2026 13:05:04 GMT-0500 (Colombia Standard Time),,13200,opt_01KYQGT9EERPZ9HM33N35BD545,Default,Default
prod_01KYQGT9EDZ71PW6KVK5ZPKB68,sultan-rosca-30-ml,SULTAN ROSCA 30 ML,,published,,Envase vacío AA · 30 ml · cierre Rosca,false,true,,pcol_01KYNF54AKSX3Y8RFNJ53P89S3,,,,,,,,,,Wed Jul 29 2026 13:05:02 GMT-0500 (Colombia Standard Time),Wed Jul 29 2026 13:05:02 GMT-0500 (Colombia Standard Time),,sc_01KYNCV8FSSEG8B1MQC4QC6DA2,sc_01KYNF4WREP6XDE0A8VADDBEN8,variant_01KYQGTBBD54N55RMK74FVKRJG,Default,b-1376,,,,false,true,,,,,,,,,6,5000,0,,prod_01KYQGT9EDZ71PW6KVK5ZPKB68,Wed Jul 29 2026 13:05:04 GMT-0500 (Colombia Standard Time),Wed Jul 29 2026 13:05:04 GMT-0500 (Colombia Standard Time),,5500,opt_01KYQGT9EE8TNR028VE93Z045E,Default,Default
prod_01KYQGTD2C6KY491ZM6PZW01DX,tommy-rosca-replica-90-ml,TOMMY ROSCA REPLICA 90 ML,,published,,Envase vacío AA · 90 ml · cierre Rosca,false,true,,pcol_01KYNF54AKSX3Y8RFNJ53P89S3,,,,,,,,,,Wed Jul 29 2026 13:05:06 GMT-0500 (Colombia Standard Time),Wed Jul 29 2026 13:05:06 GMT-0500 (Colombia Standard Time),,sc_01KYNCV8FSSEG8B1MQC4QC6DA2,sc_01KYNF4WREP6XDE0A8VADDBEN8,variant_01KYQGTF017J5KG26EZAJQJGTS,Default,b-1263,,,,false,true,,,,,,,,,6,9500,0,,prod_01KYQGTD2C6KY491ZM6PZW01DX,Wed Jul 29 2026 13:05:07 GMT-0500 (Colombia Standard Time),Wed Jul 29 2026 13:05:07 GMT-0500 (Colombia Standard Time),,10500,opt_01KYQGTD2DHH74NBSVNK2C8P3A,Default,Default
prod_01KYQGTD2CANZTZ5XV6DG29BCK,tom-rosca-lujo-75-ml,TOM ROSCA LUJO 75 ML,,published,,Envase vacío AA · 75 ml · cierre Rosca,false,true,,pcol_01KYNF54AKSX3Y8RFNJ53P89S3,,,,,,,,,,Wed Jul 29 2026 13:05:06 GMT-0500 (Colombia Standard Time),Wed Jul 29 2026 13:05:06 GMT-0500 (Colombia Standard Time),,sc_01KYNCV8FSSEG8B1MQC4QC6DA2,sc_01KYNF4WREP6XDE0A8VADDBEN8,variant_01KYQGTF01NFRQN57JD8SHDBDV,Default,b-1317,,,,false,true,,,,,,,,,6,6400,0,,prod_01KYQGTD2CANZTZ5XV6DG29BCK,Wed Jul 29 2026 13:05:07 GMT-0500 (Colombia Standard Time),Wed Jul 29 2026 13:05:07 GMT-0500 (Colombia Standard Time),,7100,opt_01KYQGTD2DE9RCCG92KRXT8JKS,Default,Default
prod_01KYQGTD2CNVHEGYMH3VE2KVZ4,tacon-good-girl-rosca-90-ml,TACON (GOOD GIRL) ROSCA 90 ML,,published,,Envase vacío AA · 90 ml · cierre Rosca,false,true,,pcol_01KYNF54AKSX3Y8RFNJ53P89S3,,,,,,,,,,Wed Jul 29 2026 13:05:06 GMT-0500 (Colombia Standard Time),Wed Jul 29 2026 13:05:06 GMT-0500 (Colombia Standard Time),,sc_01KYNCV8FSSEG8B1MQC4QC6DA2,sc_01KYNF4WREP6XDE0A8VADDBEN8,variant_01KYQGTF01JYRRT3AEFN93NDWH,Default,b-1345,,,,false,true,,,,,,,,,6,13100,0,,prod_01KYQGTD2CNVHEGYMH3VE2KVZ4,Wed Jul 29 2026 13:05:07 GMT-0500 (Colombia Standard Time),Wed Jul 29 2026 13:05:07 GMT-0500 (Colombia Standard Time),,14500,opt_01KYQGTD2DPR7FXW37BCQGF6N3,Default,Default
prod_01KYQGTD2CQJQSP7DGQBN39XWQ,tacon-good-girl-rosca-50-ml,TACON (GOOD GIRL) ROSCA 50 ML,,published,,Envase vacío AA · 50 ml · cierre Rosca,false,true,,pcol_01KYNF54AKSX3Y8RFNJ53P89S3,,,,,,,,,,Wed Jul 29 2026 13:05:06 GMT-0500 (Colombia Standard Time),Wed Jul 29 2026 13:05:06 GMT-0500 (Colombia Standard Time),,sc_01KYNCV8FSSEG8B1MQC4QC6DA2,sc_01KYNF4WREP6XDE0A8VADDBEN8,variant_01KYQGTF0199BFSP4Y0AGN250G,Default,b-1331,,,,false,true,,,,,,,,,6,10400,0,,prod_01KYQGTD2CQJQSP7DGQBN39XWQ,Wed Jul 29 2026 13:05:07 GMT-0500 (Colombia Standard Time),Wed Jul 29 2026 13:05:07 GMT-0500 (Colombia Standard Time),,11500,opt_01KYQGTD2D4X3W0W8QZTNRM115,Default,Default
prod_01KYQGTD2CRWQE06HF5SN4Y9MV,tacon-good-girl-rosca-30-ml,TACON (GOOD GIRL) ROSCA 30 ML,,published,,Envase vacío AA · 30 ml · cierre Rosca,false,true,,pcol_01KYNF54AKSX3Y8RFNJ53P89S3,,,,,,,,,,Wed Jul 29 2026 13:05:06 GMT-0500 (Colombia Standard Time),Wed Jul 29 2026 13:05:06 GMT-0500 (Colombia Standard Time),,sc_01KYNCV8FSSEG8B1MQC4QC6DA2,sc_01KYNF4WREP6XDE0A8VADDBEN8,variant_01KYQGTF00QDTRZCFAA2A9DM9B,Default,b-1351,,,,false,true,,,,,,,,,6,9200,0,,prod_01KYQGTD2CRWQE06HF5SN4Y9MV,Wed Jul 29 2026 13:05:07 GMT-0500 (Colombia Standard Time),Wed Jul 29 2026 13:05:07 GMT-0500 (Colombia Standard Time),,10200,opt_01KYQGTD2D5C98ST7RP30F6VWD,Default,Default
prod_01KYQGTD2D06KEVCQ0AZDY02M5,vip-bala-agrafe-replica-100-ml,VIP BALA AGRAFE REPLICA 100 ML,,published,,Envase vacío AA · 100 ml · cierre Agrafe,false,true,,pcol_01KYNF54AKSX3Y8RFNJ53P89S3,,,,,,,,,,Wed Jul 29 2026 13:05:06 GMT-0500 (Colombia Standard Time),Wed Jul 29 2026 13:05:06 GMT-0500 (Colombia Standard Time),,sc_01KYNCV8FSSEG8B1MQC4QC6DA2,sc_01KYNF4WREP6XDE0A8VADDBEN8,variant_01KYQGTF02Q157A8605Q0XQ7B8,Default,b-1249,,,,false,true,,,,,,,,,6,9000,0,,prod_01KYQGTD2D06KEVCQ0AZDY02M5,Wed Jul 29 2026 13:05:07 GMT-0500 (Colombia Standard Time),Wed Jul 29 2026 13:05:07 GMT-0500 (Colombia Standard Time),,10000,opt_01KYQGTD2DQ6T06YTC0E6CS2WX,Default,Default
prod_01KYQGTD2DKWZ0J5C0KYWHDV6W,vip-bala-rosca-replica-85-ml,VIP BALA ROSCA REPLICA 85 ML,,published,,Envase vacío AA · 85 ml · cierre Rosca,false,true,,pcol_01KYNF54AKSX3Y8RFNJ53P89S3,,,,,,,,,,Wed Jul 29 2026 13:05:06 GMT-0500 (Colombia Standard Time),Wed Jul 29 2026 13:05:06 GMT-0500 (Colombia Standard Time),,sc_01KYNCV8FSSEG8B1MQC4QC6DA2,sc_01KYNF4WREP6XDE0A8VADDBEN8,variant_01KYQGTF02MAD4R6V7D37BQW1Z,Default,b-1250,,,,false,true,,,,,,,,,6,10100,0,,prod_01KYQGTD2DKWZ0J5C0KYWHDV6W,Wed Jul 29 2026 13:05:07 GMT-0500 (Colombia Standard Time),Wed Jul 29 2026 13:05:07 GMT-0500 (Colombia Standard Time),,11200,opt_01KYQGTD2DGGB4A1ZSWQSGW2JC,Default,Default
prod_01KYQGTD2DNGWMG49BQA92WPYQ,valentino-rosca-replica-30-ml,VALENTINO ROSCA REPLICA 30 ML,,published,,Envase vacío AA · 30 ml · cierre Rosca,false,true,,pcol_01KYNF54AKSX3Y8RFNJ53P89S3,,,,,,,,,,Wed Jul 29 2026 13:05:06 GMT-0500 (Colombia Standard Time),Wed Jul 29 2026 13:05:06 GMT-0500 (Colombia Standard Time),,sc_01KYNCV8FSSEG8B1MQC4QC6DA2,sc_01KYNF4WREP6XDE0A8VADDBEN8,variant_01KYQGTF02W2TKVVFE5JCSRAWX,Default,b-1300,,,,false,true,,,,,,,,,6,5000,0,,prod_01KYQGTD2DNGWMG49BQA92WPYQ,Wed Jul 29 2026 13:05:07 GMT-0500 (Colombia Standard Time),Wed Jul 29 2026 13:05:07 GMT-0500 (Colombia Standard Time),,5500,opt_01KYQGTD2D203ZQ4SZ3DYJNHN9,Default,Default
prod_01KYQGTD2DPC1HK3XC0P50ZHDY,valentino-rosca-replica-100-ml,VALENTINO ROSCA REPLICA 100 ML,,published,,Envase vacío AA · 100 ml · cierre Rosca,false,true,,pcol_01KYNF54AKSX3Y8RFNJ53P89S3,,,,,,,,,,Wed Jul 29 2026 13:05:06 GMT-0500 (Colombia Standard Time),Wed Jul 29 2026 13:05:06 GMT-0500 (Colombia Standard Time),,sc_01KYNCV8FSSEG8B1MQC4QC6DA2,sc_01KYNF4WREP6XDE0A8VADDBEN8,variant_01KYQGTF029BB5FQJ7CK0H9A9M,Default,b-1302,,,,false,true,,,,,,,,,6,8700,0,,prod_01KYQGTD2DPC1HK3XC0P50ZHDY,Wed Jul 29 2026 13:05:07 GMT-0500 (Colombia Standard Time),Wed Jul 29 2026 13:05:07 GMT-0500 (Colombia Standard Time),,9700,opt_01KYQGTD2DKX76C574DTMJTJV4,Default,Default
prod_01KYQGTD2DWXQ56ZRS80HRKGPQ,valentino-rosca-replica-50-ml,VALENTINO ROSCA REPLICA 50 ML,,published,,Envase vacío AA · 50 ml · cierre Rosca,false,true,,pcol_01KYNF54AKSX3Y8RFNJ53P89S3,,,,,,,,,,Wed Jul 29 2026 13:05:06 GMT-0500 (Colombia Standard Time),Wed Jul 29 2026 13:05:06 GMT-0500 (Colombia Standard Time),,sc_01KYNCV8FSSEG8B1MQC4QC6DA2,sc_01KYNF4WREP6XDE0A8VADDBEN8,variant_01KYQGTF02D00KM08Y66A867JC,Default,b-1301,,,,false,true,,,,,,,,,6,5900,0,,prod_01KYQGTD2DWXQ56ZRS80HRKGPQ,Wed Jul 29 2026 13:05:07 GMT-0500 (Colombia Standard Time),Wed Jul 29 2026 13:05:07 GMT-0500 (Colombia Standard Time),,6500,opt_01KYQGTD2D8BZ2SK0NCTK83PBF,Default,Default
prod_01KYQGTGQCF0HSAE77ACKZNCQ8,vip-men-agrafe-replica-100-ml-aa,VIP MEN AGRAFE REPLICA 100 ML AA,,published,,Envase vacío AA · 100 ml · cierre Agrafe,false,true,,pcol_01KYNF54AKSX3Y8RFNJ53P89S3,,,,,,,,,,Wed Jul 29 2026 13:05:09 GMT-0500 (Colombia Standard Time),Wed Jul 29 2026 13:05:09 GMT-0500 (Colombia Standard Time),,sc_01KYNCV8FSSEG8B1MQC4QC6DA2,sc_01KYNF4WREP6XDE0A8VADDBEN8,variant_01KYQGTJN6SHN00S822RB8V5E4,Default,b-1384,,,,false,true,,,,,,,,,6,15200,0,,prod_01KYQGTGQCF0HSAE77ACKZNCQ8,Wed Jul 29 2026 13:05:11 GMT-0500 (Colombia Standard Time),Wed Jul 29 2026 13:05:11 GMT-0500 (Colombia Standard Time),,16900,opt_01KYQGTGQD91NV8NX2X51E96VR,Default,Default
prod_01KYQGTGQD1V3WX9E8RGTZXVH1,212-vip-black-agrafe-100-ml-aa,212 VIP BLACK AGRAFE 100 ML AA,,published,,Envase vacío AA · 100 ml · cierre Agrafe,false,true,,pcol_01KYNF54AKSX3Y8RFNJ53P89S3,,,,,,,,,,Wed Jul 29 2026 13:05:09 GMT-0500 (Colombia Standard Time),Wed Jul 29 2026 13:05:09 GMT-0500 (Colombia Standard Time),,sc_01KYNCV8FSSEG8B1MQC4QC6DA2,sc_01KYNF4WREP6XDE0A8VADDBEN8,variant_01KYQGTJN77AZVB1EH046Y15NF,Default,b-env-202,,,,false,true,,,,,,,,,6,15300,0,,prod_01KYQGTGQD1V3WX9E8RGTZXVH1,Wed Jul 29 2026 13:05:11 GMT-0500 (Colombia Standard Time),Wed Jul 29 2026 13:05:11 GMT-0500 (Colombia Standard Time),,17000,opt_01KYQGTGQDVJYS1SPNBEGM39NX,Default,Default
prod_01KYQGTGQD281JQZFS58VPN8XV,cloud-agrafe-100-ml-aaa,CLOUD AGRAFE 100 ML AAA,,published,,Envase vacío AAA · 100 ml · cierre Agrafe,false,true,,pcol_01KYNF54AKSX3Y8RFNJ53P89S3,,,,,,,,,,Wed Jul 29 2026 13:05:09 GMT-0500 (Colombia Standard Time),Wed Jul 29 2026 13:05:09 GMT-0500 (Colombia Standard Time),,sc_01KYNCV8FSSEG8B1MQC4QC6DA2,sc_01KYNF4WREP6XDE0A8VADDBEN8,variant_01KYQGTJN71ABCA0RWWS29SJAK,Default,b-env-204,,,,false,true,,,,,,,,,6,36000,0,,prod_01KYQGTGQD281JQZFS58VPN8XV,Wed Jul 29 2026 13:05:11 GMT-0500 (Colombia Standard Time),Wed Jul 29 2026 13:05:11 GMT-0500 (Colombia Standard Time),,40000,opt_01KYQGTGQEHHSY7VEGMFHPXB6P,Default,Default
prod_01KYQGTGQD5DQ6E7HFDV84XN44,yara-lattafa-rosca-30-ml-aa,YARA (LATTAFA) ROSCA 30 ML AA,,published,,Envase vacío AA · 30 ml · cierre Rosca,false,true,,pcol_01KYNF54AKSX3Y8RFNJ53P89S3,,,,,,,,,,Wed Jul 29 2026 13:05:09 GMT-0500 (Colombia Standard Time),Wed Jul 29 2026 13:05:09 GMT-0500 (Colombia Standard Time),,sc_01KYNCV8FSSEG8B1MQC4QC6DA2,sc_01KYNF4WREP6XDE0A8VADDBEN8,variant_01KYQGTJN7CAGN9TP4SHVW7FNE,Default,b-1347,,,,false,true,,,,,,,,,6,10200,0,,prod_01KYQGTGQD5DQ6E7HFDV84XN44,Wed Jul 29 2026 13:05:11 GMT-0500 (Colombia Standard Time),Wed Jul 29 2026 13:05:11 GMT-0500 (Colombia Standard Time),,11300,opt_01KYQGTGQD7GVX7Q6EHY1Q3MQF,Default,Default
prod_01KYQGTGQD5K5JHE0MJCM75BN4,arabe-rosca-replica-50-ml,ARABE ROSCA REPLICA 50 ML,,published,,Envase vacío AA · 50 ml · cierre Rosca,false,true,,pcol_01KYNF54AKSX3Y8RFNJ53P89S3,,,,,,,,,,Wed Jul 29 2026 13:05:09 GMT-0500 (Colombia Standard Time),Wed Jul 29 2026 13:05:09 GMT-0500 (Colombia Standard Time),,sc_01KYNCV8FSSEG8B1MQC4QC6DA2,sc_01KYNF4WREP6XDE0A8VADDBEN8,variant_01KYQGTJN7MEF9JKCQ4H8FDB8J,Default,b-env-201,,,,false,true,,,,,,,,,6,7100,0,,prod_01KYQGTGQD5K5JHE0MJCM75BN4,Wed Jul 29 2026 13:05:11 GMT-0500 (Colombia Standard Time),Wed Jul 29 2026 13:05:11 GMT-0500 (Colombia Standard Time),,7900,opt_01KYQGTGQD9G10HGQ7SNKDABTK,Default,Default
prod_01KYQGTGQD88MS2Z6N3JF0BYA8,erba-pura-agrafe-100-ml-aaa-caja,ERBA PURA AGRAFE 100 ML AAA CAJA,,published,,Envase vacío AAA · 100 ml · cierre Agrafe,false,true,,pcol_01KYNF54AKSX3Y8RFNJ53P89S3,,,,,,,,,,Wed Jul 29 2026 13:05:09 GMT-0500 (Colombia Standard Time),Wed Jul 29 2026 13:05:09 GMT-0500 (Colombia Standard Time),,sc_01KYNCV8FSSEG8B1MQC4QC6DA2,sc_01KYNF4WREP6XDE0A8VADDBEN8,variant_01KYQGTJN81E7GNT0PT4ZM77EX,Default,b-env-206,,,,false,true,,,,,,,,,6,37800,0,,prod_01KYQGTGQD88MS2Z6N3JF0BYA8,Wed Jul 29 2026 13:05:11 GMT-0500 (Colombia Standard Time),Wed Jul 29 2026 13:05:11 GMT-0500 (Colombia Standard Time),,42000,opt_01KYQGTGQEVVBY5PMQVBBVXVVD,Default,Default
prod_01KYQGTGQD98RG4SYDP5RCRCT5,yara-lattafa-agrafe-100-ml,YARA (LATTAFA) AGRAFE 100 ML,,published,,Envase vacío AA · 100 ml · cierre Agrafe,false,true,,pcol_01KYNF54AKSX3Y8RFNJ53P89S3,,,,,,,,,,Wed Jul 29 2026 13:05:09 GMT-0500 (Colombia Standard Time),Wed Jul 29 2026 13:05:09 GMT-0500 (Colombia Standard Time),,sc_01KYNCV8FSSEG8B1MQC4QC6DA2,sc_01KYNF4WREP6XDE0A8VADDBEN8,variant_01KYQGTJN655AYTT033W36W9E8,Default,b-1392,,,,false,true,,,,,,,,,6,19900,0,,prod_01KYQGTGQD98RG4SYDP5RCRCT5,Wed Jul 29 2026 13:05:11 GMT-0500 (Colombia Standard Time),Wed Jul 29 2026 13:05:11 GMT-0500 (Colombia Standard Time),,22100,opt_01KYQGTGQD5EBP3GWHXRD4JM5H,Default,Default
prod_01KYQGTGQDMGG0P4HDTD9P74AP,yara-lattafa-rosca-30-ml,YARA (LATTAFA) ROSCA 30 ML,,published,,Envase vacío AA · 30 ml · cierre Rosca,false,true,,pcol_01KYNF54AKSX3Y8RFNJ53P89S3,,,,,,,,,,Wed Jul 29 2026 13:05:09 GMT-0500 (Colombia Standard Time),Wed Jul 29 2026 13:05:09 GMT-0500 (Colombia Standard Time),,sc_01KYNCV8FSSEG8B1MQC4QC6DA2,sc_01KYNF4WREP6XDE0A8VADDBEN8,variant_01KYQGTJN7FF9Z9WYZRR4YAS8S,Default,b-1277,,,,false,true,,,,,,,,,6,7000,0,,prod_01KYQGTGQDMGG0P4HDTD9P74AP,Wed Jul 29 2026 13:05:11 GMT-0500 (Colombia Standard Time),Wed Jul 29 2026 13:05:11 GMT-0500 (Colombia Standard Time),,7800,opt_01KYQGTGQDVJZYT7K8RVD9JPW3,Default,Default
prod_01KYQGTGQDQ1BG3JKG17Y7DNTE,mandarin-rosca-replica-50-ml,MANDARIN ROSCA REPLICA 50 ML,,published,,Envase vacío AA · 50 ml · cierre Rosca,false,true,,pcol_01KYNF54AKSX3Y8RFNJ53P89S3,,,,,,,,,,Wed Jul 29 2026 13:05:09 GMT-0500 (Colombia Standard Time),Wed Jul 29 2026 13:05:09 GMT-0500 (Colombia Standard Time),,sc_01KYNCV8FSSEG8B1MQC4QC6DA2,sc_01KYNF4WREP6XDE0A8VADDBEN8,variant_01KYQGTJN7A06M206GZDTDYFN1,Default,b-env-200,,,,false,true,,,,,,,,,6,11300,0,,prod_01KYQGTGQDQ1BG3JKG17Y7DNTE,Wed Jul 29 2026 13:05:11 GMT-0500 (Colombia Standard Time),Wed Jul 29 2026 13:05:11 GMT-0500 (Colombia Standard Time),,12500,opt_01KYQGTGQDQKB1XWMX9DGWZZ3Z,Default,Default
prod_01KYQGTGQDVBJ2SGDGY5WNJ9FJ,yara-candy-agrafe-100-ml-aaa,YARA CANDY AGRAFE 100 ML AAA,,published,,Envase vacío AAA · 100 ml · cierre Agrafe,false,true,,pcol_01KYNF54AKSX3Y8RFNJ53P89S3,,,,,,,,,,Wed Jul 29 2026 13:05:09 GMT-0500 (Colombia Standard Time),Wed Jul 29 2026 13:05:09 GMT-0500 (Colombia Standard Time),,sc_01KYNCV8FSSEG8B1MQC4QC6DA2,sc_01KYNF4WREP6XDE0A8VADDBEN8,variant_01KYQGTJN783V99PD49M2RK78P,Default,b-env-203,,,,false,true,,,,,,,,,6,32400,0,,prod_01KYQGTGQDVBJ2SGDGY5WNJ9FJ,Wed Jul 29 2026 13:05:11 GMT-0500 (Colombia Standard Time),Wed Jul 29 2026 13:05:11 GMT-0500 (Colombia Standard Time),,36000,opt_01KYQGTGQDJS9WQ4VC5TQS4D5N,Default,Default
prod_01KYQGTMCHE61CD0A44MN1FM00,1-million-agrafe-100-ml,1 MILLION AGRAFE 100 ML,,published,,Réplica preparada lista para usar (precio unitario).,false,true,,pcol_01KYNF54AK5FYBQ0HWG5TF7Y06,,,,,,,,,,Wed Jul 29 2026 13:05:13 GMT-0500 (Colombia Standard Time),Wed Jul 29 2026 13:05:13 GMT-0500 (Colombia Standard Time),,sc_01KYNCV8FSSEG8B1MQC4QC6DA2,sc_01KYNF4WREP6XDE0A8VADDBEN8,variant_01KYQGTP9SNP48EG6YZAVSTMPT,Default,rep-1251,,,,false,true,,,,,,,,,6,44200,0,,prod_01KYQGTMCHE61CD0A44MN1FM00,Wed Jul 29 2026 13:05:15 GMT-0500 (Colombia Standard Time),Wed Jul 29 2026 13:05:15 GMT-0500 (Colombia Standard Time),,52000,opt_01KYQGTMCJ9N64QX4KFTB0H44B,Default,Default
prod_01KYQGTMCJ2CCC7SY001ZBRDJK,360-rosca-replica-100-ml-2,360° ROSCA REPLICA 100 ML,,published,,Réplica preparada lista para usar (precio unitario).,false,true,,pcol_01KYNF54AK5FYBQ0HWG5TF7Y06,,,,,,,,,,Wed Jul 29 2026 13:05:13 GMT-0500 (Colombia Standard Time),Wed Jul 29 2026 13:05:13 GMT-0500 (Colombia Standard Time),,sc_01KYNCV8FSSEG8B1MQC4QC6DA2,sc_01KYNF4WREP6XDE0A8VADDBEN8,variant_01KYQGTP9TRKJTBTY3D84W7ZKW,Default,rep-1328,,,,false,true,,,,,,,,,6,37400,0,,prod_01KYQGTMCJ2CCC7SY001ZBRDJK,Wed Jul 29 2026 13:05:15 GMT-0500 (Colombia Standard Time),Wed Jul 29 2026 13:05:15 GMT-0500 (Colombia Standard Time),,44000,opt_01KYQGTMCJ52NCMN27HN26Z6CB,Default,Default
prod_01KYQGTMCJ548EH331ECFGXE51,agatha-lujo-rosca-55-ml-2,AGATHA LUJO ROSCA 55 ML,,published,,Réplica preparada lista para usar (precio unitario).,false,true,,pcol_01KYNF54AK5FYBQ0HWG5TF7Y06,,,,,,,,,,Wed Jul 29 2026 13:05:13 GMT-0500 (Colombia Standard Time),Wed Jul 29 2026 13:05:13 GMT-0500 (Colombia Standard Time),,sc_01KYNCV8FSSEG8B1MQC4QC6DA2,sc_01KYNF4WREP6XDE0A8VADDBEN8,variant_01KYQGTP9TBX6F0KY530TQPDPT,Default,rep-1266,,,,false,true,,,,,,,,,6,22500,0,,prod_01KYQGTMCJ548EH331ECFGXE51,Wed Jul 29 2026 13:05:15 GMT-0500 (Colombia Standard Time),Wed Jul 29 2026 13:05:15 GMT-0500 (Colombia Standard Time),,26500,opt_01KYQGTMCJ50ZG9812R86AMY68,Default,Default
prod_01KYQGTMCJ8C4Y1P4CJETKQCFE,1-million-agrafe-100-ml-aaa,1 MILLION AGRAFE 100 ML AAA,,published,,Réplica preparada lista para usar (precio unitario).,false,true,,pcol_01KYNF54AK5FYBQ0HWG5TF7Y06,,,,,,,,,,Wed Jul 29 2026 13:05:13 GMT-0500 (Colombia Standard Time),Wed Jul 29 2026 13:05:13 GMT-0500 (Colombia Standard Time),,sc_01KYNCV8FSSEG8B1MQC4QC6DA2,sc_01KYNF4WREP6XDE0A8VADDBEN8,variant_01KYQGTP9SPMECS3W3351C51GC,Default,rep-1254,,,,false,true,,,,,,,,,6,56100,0,,prod_01KYQGTMCJ8C4Y1P4CJETKQCFE,Wed Jul 29 2026 13:05:15 GMT-0500 (Colombia Standard Time),Wed Jul 29 2026 13:05:15 GMT-0500 (Colombia Standard Time),,66000,opt_01KYQGTMCJPEAS6259RP552KA8,Default,Default
prod_01KYQGTMCJ8MNG0TBZBJ2VXCGG,1-million-rosca-replica-30-ml-2,1 MILLION ROSCA REPLICA 30 ML,,published,,Réplica preparada lista para usar (precio unitario).,false,true,,pcol_01KYNF54AK5FYBQ0HWG5TF7Y06,,,,,,,,,,Wed Jul 29 2026 13:05:13 GMT-0500 (Colombia Standard Time),Wed Jul 29 2026 13:05:13 GMT-0500 (Colombia Standard Time),,sc_01KYNCV8FSSEG8B1MQC4QC6DA2,sc_01KYNF4WREP6XDE0A8VADDBEN8,variant_01KYQGTP9SRA8QJF4N5VHW14MR,Default,rep-1342,,,,false,true,,,,,,,,,6,14900,0,,prod_01KYQGTMCJ8MNG0TBZBJ2VXCGG,Wed Jul 29 2026 13:05:15 GMT-0500 (Colombia Standard Time),Wed Jul 29 2026 13:05:15 GMT-0500 (Colombia Standard Time),,17500,opt_01KYQGTMCJKKYACKHF4HFWE2A7,Default,Default
prod_01KYQGTMCJBTFRZ9DRZSTZE70R,360-agrafe-replica-100-ml-2,360° AGRAFE REPLICA 100 ML,,published,,Réplica preparada lista para usar (precio unitario).,false,true,,pcol_01KYNF54AK5FYBQ0HWG5TF7Y06,,,,,,,,,,Wed Jul 29 2026 13:05:13 GMT-0500 (Colombia Standard Time),Wed Jul 29 2026 13:05:13 GMT-0500 (Colombia Standard Time),,sc_01KYNCV8FSSEG8B1MQC4QC6DA2,sc_01KYNF4WREP6XDE0A8VADDBEN8,variant_01KYQGTP9TJSVSDS16MCSZYZAF,Default,rep-1323,,,,false,true,,,,,,,,,6,38300,0,,prod_01KYQGTMCJBTFRZ9DRZSTZE70R,Wed Jul 29 2026 13:05:15 GMT-0500 (Colombia Standard Time),Wed Jul 29 2026 13:05:15 GMT-0500 (Colombia Standard Time),,45000,opt_01KYQGTMCJCHBHWYA86W20ZFTB,Default,Default
prod_01KYQGTMCJDX5YECV4GM8G9NQ8,212-rosca-replica-100-ml-2,212 ROSCA REPLICA 100 ML,,published,,Réplica preparada lista para usar (precio unitario).,false,true,,pcol_01KYNF54AK5FYBQ0HWG5TF7Y06,,,,,,,,,,Wed Jul 29 2026 13:05:13 GMT-0500 (Colombia Standard Time),Wed Jul 29 2026 13:05:13 GMT-0500 (Colombia Standard Time),,sc_01KYNCV8FSSEG8B1MQC4QC6DA2,sc_01KYNF4WREP6XDE0A8VADDBEN8,variant_01KYQGTP9SF3GFXYNC43KKWDH1,Default,rep-1341,,,,false,true,,,,,,,,,6,33600,0,,prod_01KYQGTMCJDX5YECV4GM8G9NQ8,Wed Jul 29 2026 13:05:15 GMT-0500 (Colombia Standard Time),Wed Jul 29 2026 13:05:15 GMT-0500 (Colombia Standard Time),,39500,opt_01KYQGTMCJY4ASRMD6XYASRJZS,Default,Default
prod_01KYQGTMCJGE90KDRW1BVMJBHT,amber-oud-agrafe-100-ml-aaa-caja,AMBER OUD AGRAFE 100 ML AAA (CAJA),,published,,Réplica preparada lista para usar (precio unitario).,false,true,,pcol_01KYNF54AK5FYBQ0HWG5TF7Y06,,,,,,,,,,Wed Jul 29 2026 13:05:13 GMT-0500 (Colombia Standard Time),Wed Jul 29 2026 13:05:13 GMT-0500 (Colombia Standard Time),,sc_01KYNCV8FSSEG8B1MQC4QC6DA2,sc_01KYNF4WREP6XDE0A8VADDBEN8,variant_01KYQGTP9TFXP16D2M22NT72ST,Default,rep-1393,,,,false,true,,,,,,,,,6,68000,0,,prod_01KYQGTMCJGE90KDRW1BVMJBHT,Wed Jul 29 2026 13:05:15 GMT-0500 (Colombia Standard Time),Wed Jul 29 2026 13:05:15 GMT-0500 (Colombia Standard Time),,80000,opt_01KYQGTMCJWBKXNWFTYFCYA6VH,Default,Default
prod_01KYQGTMCJMTPBABJ1F7B196AQ,arabia-rosca-30-ml-2,ARABIA ROSCA 30 ML,,published,,Réplica preparada lista para usar (precio unitario).,false,true,,pcol_01KYNF54AK5FYBQ0HWG5TF7Y06,,,,,,,,,,Wed Jul 29 2026 13:05:13 GMT-0500 (Colombia Standard Time),Wed Jul 29 2026 13:05:13 GMT-0500 (Colombia Standard Time),,sc_01KYNCV8FSSEG8B1MQC4QC6DA2,sc_01KYNF4WREP6XDE0A8VADDBEN8,variant_01KYQGTP9TYXS3AVGQVJRW7QA2,Default,rep-1335,,,,false,true,,,,,,,,,6,15300,0,,prod_01KYQGTMCJMTPBABJ1F7B196AQ,Wed Jul 29 2026 13:05:15 GMT-0500 (Colombia Standard Time),Wed Jul 29 2026 13:05:15 GMT-0500 (Colombia Standard Time),,18000,opt_01KYQGTMCKHYT1J0GJR2WS2XY5,Default,Default
prod_01KYQGTMCJWPDXD3S4KB8BPCEE,anthea-rosca-replica-100-ml,ANTHEA ROSCA REPLICA 100 ML,,published,,Réplica preparada lista para usar (precio unitario).,false,true,,pcol_01KYNF54AK5FYBQ0HWG5TF7Y06,,,,,,,,,,Wed Jul 29 2026 13:05:13 GMT-0500 (Colombia Standard Time),Wed Jul 29 2026 13:05:13 GMT-0500 (Colombia Standard Time),,sc_01KYNCV8FSSEG8B1MQC4QC6DA2,sc_01KYNF4WREP6XDE0A8VADDBEN8,variant_01KYQGTP9T5SP93CEJGDYXM7GA,Default,rep-1333,,,,false,true,,,,,,,,,6,33600,0,,prod_01KYQGTMCJWPDXD3S4KB8BPCEE,Wed Jul 29 2026 13:05:15 GMT-0500 (Colombia Standard Time),Wed Jul 29 2026 13:05:15 GMT-0500 (Colombia Standard Time),,39500,opt_01KYQGTMCJFW749M3D7VVRRDY6,Default,Default
prod_01KYQGTR1P1GGNN3F4MYRHK3FJ,bella-rosca-replica-100-ml-2,BELLA ROSCA REPLICA 100 ML,,published,,Réplica preparada lista para usar (precio unitario).,false,true,,pcol_01KYNF54AK5FYBQ0HWG5TF7Y06,,,,,,,,,,Wed Jul 29 2026 13:05:17 GMT-0500 (Colombia Standard Time),Wed Jul 29 2026 13:05:17 GMT-0500 (Colombia Standard Time),,sc_01KYNCV8FSSEG8B1MQC4QC6DA2,sc_01KYNF4WREP6XDE0A8VADDBEN8,variant_01KYQGTSY7VRYEF2ED62114JHB,Default,rep-1271,,,,false,true,,,,,,,,,6,34900,0,,prod_01KYQGTR1P1GGNN3F4MYRHK3FJ,Wed Jul 29 2026 13:05:19 GMT-0500 (Colombia Standard Time),Wed Jul 29 2026 13:05:19 GMT-0500 (Colombia Standard Time),,41000,opt_01KYQGTR1QZZGWHBWATWVFKKZW,Default,Default
prod_01KYQGTR1P732YMXSW44D0BKSF,beauty-rosca-lujo-55-ml-2,BEAUTY ROSCA LUJO 55 ML,,published,,Réplica preparada lista para usar (precio unitario).,false,true,,pcol_01KYNF54AK5FYBQ0HWG5TF7Y06,,,,,,,,,,Wed Jul 29 2026 13:05:17 GMT-0500 (Colombia Standard Time),Wed Jul 29 2026 13:05:17 GMT-0500 (Colombia Standard Time),,sc_01KYNCV8FSSEG8B1MQC4QC6DA2,sc_01KYNF4WREP6XDE0A8VADDBEN8,variant_01KYQGTSY7TCNFK0XHX939HZW8,Default,rep-1358,,,,false,true,,,,,,,,,6,23000,0,,prod_01KYQGTR1P732YMXSW44D0BKSF,Wed Jul 29 2026 13:05:19 GMT-0500 (Colombia Standard Time),Wed Jul 29 2026 13:05:19 GMT-0500 (Colombia Standard Time),,27000,opt_01KYQGTR1Q3WX3FP2NTQ5Z00TD,Default,Default
prod_01KYQGTR1P75STQBSQ6JD7Y99C,arsenal-agrafe-replica-100-ml,ARSENAL AGRAFE REPLICA 100 ML,,published,,Réplica preparada lista para usar (precio unitario).,false,true,,pcol_01KYNF54AK5FYBQ0HWG5TF7Y06,,,,,,,,,,Wed Jul 29 2026 13:05:17 GMT-0500 (Colombia Standard Time),Wed Jul 29 2026 13:05:17 GMT-0500 (Colombia Standard Time),,sc_01KYNCV8FSSEG8B1MQC4QC6DA2,sc_01KYNF4WREP6XDE0A8VADDBEN8,variant_01KYQGTSY78RTGKV8KVVPN1DSW,Default,rep-1287,,,,false,true,,,,,,,,,6,33600,0,,prod_01KYQGTR1P75STQBSQ6JD7Y99C,Wed Jul 29 2026 13:05:19 GMT-0500 (Colombia Standard Time),Wed Jul 29 2026 13:05:19 GMT-0500 (Colombia Standard Time),,39500,opt_01KYQGTR1PAZKCGVDG18WTVF34,Default,Default
prod_01KYQGTR1P9E23Y6FF332CS6Z8,bella-rosca-replica-45-ml-2,BELLA ROSCA REPLICA 45 ML,,published,,Réplica preparada lista para usar (precio unitario).,false,true,,pcol_01KYNF54AK5FYBQ0HWG5TF7Y06,,,,,,,,,,Wed Jul 29 2026 13:05:17 GMT-0500 (Colombia Standard Time),Wed Jul 29 2026 13:05:17 GMT-0500 (Colombia Standard Time),,sc_01KYNCV8FSSEG8B1MQC4QC6DA2,sc_01KYNF4WREP6XDE0A8VADDBEN8,variant_01KYQGTSY7RP2DQ8QK6DJ5RG3W,Default,rep-1320,,,,false,true,,,,,,,,,6,21300,0,,prod_01KYQGTR1P9E23Y6FF332CS6Z8,Wed Jul 29 2026 13:05:19 GMT-0500 (Colombia Standard Time),Wed Jul 29 2026 13:05:19 GMT-0500 (Colombia Standard Time),,25000,opt_01KYQGTR1QP2B5JE2845XV628R,Default,Default
prod_01KYQGTR1PBV73ZR194EW12FA6,asus-rosca-lujo-100-ml-2,ASUS ROSCA LUJO 100 ML,,published,,Réplica preparada lista para usar (precio unitario).,false,true,,pcol_01KYNF54AK5FYBQ0HWG5TF7Y06,,,,,,,,,,Wed Jul 29 2026 13:05:17 GMT-0500 (Colombia Standard Time),Wed Jul 29 2026 13:05:17 GMT-0500 (Colombia Standard Time),,sc_01KYNCV8FSSEG8B1MQC4QC6DA2,sc_01KYNF4WREP6XDE0A8VADDBEN8,variant_01KYQGTSY745QGMXJJY4VWAJNE,Default,rep-1360,,,,false,true,,,,,,,,,6,31900,0,,prod_01KYQGTR1PBV73ZR194EW12FA6,Wed Jul 29 2026 13:05:19 GMT-0500 (Colombia Standard Time),Wed Jul 29 2026 13:05:19 GMT-0500 (Colombia Standard Time),,37500,opt_01KYQGTR1PNGDSW5HVTRGB561R,Default,Default
prod_01KYQGTR1PHBDYPB0V573W4R80,black-xs-m-agrafe-replica-100-ml-2,BLACK XS M AGRAFE REPLICA 100 ML,,published,,Réplica preparada lista para usar (precio unitario).,false,true,,pcol_01KYNF54AK5FYBQ0HWG5TF7Y06,,,,,,,,,,Wed Jul 29 2026 13:05:17 GMT-0500 (Colombia Standard Time),Wed Jul 29 2026 13:05:17 GMT-0500 (Colombia Standard Time),,sc_01KYNCV8FSSEG8B1MQC4QC6DA2,sc_01KYNF4WREP6XDE0A8VADDBEN8,variant_01KYQGTSY83RTK823DB688VB0P,Default,rep-1298,,,,false,true,,,,,,,,,6,35700,0,,prod_01KYQGTR1PHBDYPB0V573W4R80,Wed Jul 29 2026 13:05:19 GMT-0500 (Colombia Standard Time),Wed Jul 29 2026 13:05:19 GMT-0500 (Colombia Standard Time),,42000,opt_01KYQGTR1Q7KS41RVW9H66JJAK,Default,Default
prod_01KYQGTR1PK8EYXNA6BPABYYZD,black-xs-f-rosca-replica-50-ml-2,BLACK XS F ROSCA REPLICA 50 ML,,published,,Réplica preparada lista para usar (precio unitario).,false,true,,pcol_01KYNF54AK5FYBQ0HWG5TF7Y06,,,,,,,,,,Wed Jul 29 2026 13:05:17 GMT-0500 (Colombia Standard Time),Wed Jul 29 2026 13:05:17 GMT-0500 (Colombia Standard Time),,sc_01KYNCV8FSSEG8B1MQC4QC6DA2,sc_01KYNF4WREP6XDE0A8VADDBEN8,variant_01KYQGTSY86HS7AVBSMV8RTHEY,Default,rep-1326,,,,false,true,,,,,,,,,6,22100,0,,prod_01KYQGTR1PK8EYXNA6BPABYYZD,Wed Jul 29 2026 13:05:19 GMT-0500 (Colombia Standard Time),Wed Jul 29 2026 13:05:19 GMT-0500 (Colombia Standard Time),,26000,opt_01KYQGTR1Q54EGHS0K37DXXXWA,Default,Default
prod_01KYQGTR1PQY417FNPJAK0NNBR,bella-rosca-replica-30-ml-2,BELLA ROSCA REPLICA 30 ML,,published,,Réplica preparada lista para usar (precio unitario).,false,true,,pcol_01KYNF54AK5FYBQ0HWG5TF7Y06,,,,,,,,,,Wed Jul 29 2026 13:05:17 GMT-0500 (Colombia Standard Time),Wed Jul 29 2026 13:05:17 GMT-0500 (Colombia Standard Time),,sc_01KYNCV8FSSEG8B1MQC4QC6DA2,sc_01KYNF4WREP6XDE0A8VADDBEN8,variant_01KYQGTSY7VGDDRPE64VR293Q6,Default,rep-1364,,,,false,true,,,,,,,,,6,15300,0,,prod_01KYQGTR1PQY417FNPJAK0NNBR,Wed Jul 29 2026 13:05:19 GMT-0500 (Colombia Standard Time),Wed Jul 29 2026 13:05:19 GMT-0500 (Colombia Standard Time),,18000,opt_01KYQGTR1QXXXWM3YCXSSNYW3J,Default,Default
prod_01KYQGTR1PST7KF9KSXV9CPHDB,black-xs-m-rosca-replica-100-ml-2,BLACK XS M ROSCA REPLICA 100 ML,,published,,Réplica preparada lista para usar (precio unitario).,false,true,,pcol_01KYNF54AK5FYBQ0HWG5TF7Y06,,,,,,,,,,Wed Jul 29 2026 13:05:17 GMT-0500 (Colombia Standard Time),Wed Jul 29 2026 13:05:17 GMT-0500 (Colombia Standard Time),,sc_01KYNCV8FSSEG8B1MQC4QC6DA2,sc_01KYNF4WREP6XDE0A8VADDBEN8,variant_01KYQGTSY8B9DFZQ2BAV0AG3H5,Default,rep-1286,,,,false,true,,,,,,,,,6,35700,0,,prod_01KYQGTR1PST7KF9KSXV9CPHDB,Wed Jul 29 2026 13:05:19 GMT-0500 (Colombia Standard Time),Wed Jul 29 2026 13:05:19 GMT-0500 (Colombia Standard Time),,42000,opt_01KYQGTR1QR5NQG2KGEP1NHNYM,Default,Default
prod_01KYQGTR1PXV9545SA3CNF2DAX,arsenal-rosca-replica-100-ml,ARSENAL ROSCA REPLICA 100 ML,,published,,Réplica preparada lista para usar (precio unitario).,false,true,,pcol_01KYNF54AK5FYBQ0HWG5TF7Y06,,,,,,,,,,Wed Jul 29 2026 13:05:17 GMT-0500 (Colombia Standard Time),Wed Jul 29 2026 13:05:17 GMT-0500 (Colombia Standard Time),,sc_01KYNCV8FSSEG8B1MQC4QC6DA2,sc_01KYNF4WREP6XDE0A8VADDBEN8,variant_01KYQGTSY7YRZ7YMY8J0QJDVKJ,Default,rep-1355,,,,false,true,,,,,,,,,6,33600,0,,prod_01KYQGTR1PXV9545SA3CNF2DAX,Wed Jul 29 2026 13:05:19 GMT-0500 (Colombia Standard Time),Wed Jul 29 2026 13:05:19 GMT-0500 (Colombia Standard Time),,39500,opt_01KYQGTR1P841E8VH3YV7DCW50,Default,Default
prod_01KYQGTVN619DWHPPTN3HEDDJ3,bright-versace-rosca-replica-30-ml-2,BRIGHT (VERSACE) ROSCA REPLICA 30 ML,,published,,Réplica preparada lista para usar (precio unitario).,false,true,,pcol_01KYNF54AK5FYBQ0HWG5TF7Y06,,,,,,,,,,Wed Jul 29 2026 13:05:20 GMT-0500 (Colombia Standard Time),Wed Jul 29 2026 13:05:20 GMT-0500 (Colombia Standard Time),,sc_01KYNCV8FSSEG8B1MQC4QC6DA2,sc_01KYNF4WREP6XDE0A8VADDBEN8,variant_01KYQGTXJFWAKXVZRTPV0FWMFV,Default,rep-1344,,,,false,true,,,,,,,,,6,15300,0,,prod_01KYQGTVN619DWHPPTN3HEDDJ3,Wed Jul 29 2026 13:05:22 GMT-0500 (Colombia Standard Time),Wed Jul 29 2026 13:05:22 GMT-0500 (Colombia Standard Time),,18000,opt_01KYQGTVN69RWZHNGP63MBTQFW,Default,Default
prod_01KYQGTVN63EBQFEGZ5TARB2KC,bright-versace-rosca-replica-100-ml-2,BRIGHT (VERSACE) ROSCA REPLICA 100 ML,,published,,Réplica preparada lista para usar (precio unitario).,false,true,,pcol_01KYNF54AK5FYBQ0HWG5TF7Y06,,,,,,,,,,Wed Jul 29 2026 13:05:20 GMT-0500 (Colombia Standard Time),Wed Jul 29 2026 13:05:20 GMT-0500 (Colombia Standard Time),,sc_01KYNCV8FSSEG8B1MQC4QC6DA2,sc_01KYNF4WREP6XDE0A8VADDBEN8,variant_01KYQGTXJFZ4J9DHBSGK1RPNS3,Default,rep-1377,,,,false,true,,,,,,,,,6,34000,0,,prod_01KYQGTVN63EBQFEGZ5TARB2KC,Wed Jul 29 2026 13:05:22 GMT-0500 (Colombia Standard Time),Wed Jul 29 2026 13:05:22 GMT-0500 (Colombia Standard Time),,40000,opt_01KYQGTVN65ME819B039ARNSXC,Default,Default
prod_01KYQGTVN64D66D7B15HPB4W3Z,boy-rayo-rosca-replica-110-ml,BOY (RAYO) ROSCA REPLICA 110 ML,,published,,Réplica preparada lista para usar (precio unitario).,false,true,,pcol_01KYNF54AK5FYBQ0HWG5TF7Y06,,,,,,,,,,Wed Jul 29 2026 13:05:20 GMT-0500 (Colombia Standard Time),Wed Jul 29 2026 13:05:20 GMT-0500 (Colombia Standard Time),,sc_01KYNCV8FSSEG8B1MQC4QC6DA2,sc_01KYNF4WREP6XDE0A8VADDBEN8,variant_01KYQGTXJFR6V83817K6ZMWPYC,Default,rep-1373,,,,false,true,,,,,,,,,6,42500,0,,prod_01KYQGTVN64D66D7B15HPB4W3Z,Wed Jul 29 2026 13:05:22 GMT-0500 (Colombia Standard Time),Wed Jul 29 2026 13:05:22 GMT-0500 (Colombia Standard Time),,50000,opt_01KYQGTVN6BTQYFX37RPBPVBZW,Default,Default
prod_01KYQGTVN67Y1BQDAFRXXKKH2J,bright-versace-rosca-replica-50-ml-2,BRIGHT (VERSACE) ROSCA REPLICA 50 ML,,published,,Réplica preparada lista para usar (precio unitario).,false,true,,pcol_01KYNF54AK5FYBQ0HWG5TF7Y06,,,,,,,,,,Wed Jul 29 2026 13:05:20 GMT-0500 (Colombia Standard Time),Wed Jul 29 2026 13:05:20 GMT-0500 (Colombia Standard Time),,sc_01KYNCV8FSSEG8B1MQC4QC6DA2,sc_01KYNF4WREP6XDE0A8VADDBEN8,variant_01KYQGTXJFQ5T8XJHF7P6KJWF6,Default,rep-1348,,,,false,true,,,,,,,,,6,23000,0,,prod_01KYQGTVN67Y1BQDAFRXXKKH2J,Wed Jul 29 2026 13:05:22 GMT-0500 (Colombia Standard Time),Wed Jul 29 2026 13:05:22 GMT-0500 (Colombia Standard Time),,27000,opt_01KYQGTVN6V373MV1CV12N4H1R,Default,Default
prod_01KYQGTVN6FQDKBHWBHR6QXKTY,camelot-agrafe-100-ml-2,CAMELOT AGRAFE 100 ML,,published,,Réplica preparada lista para usar (precio unitario).,false,true,,pcol_01KYNF54AK5FYBQ0HWG5TF7Y06,,,,,,,,,,Wed Jul 29 2026 13:05:20 GMT-0500 (Colombia Standard Time),Wed Jul 29 2026 13:05:20 GMT-0500 (Colombia Standard Time),,sc_01KYNCV8FSSEG8B1MQC4QC6DA2,sc_01KYNF4WREP6XDE0A8VADDBEN8,variant_01KYQGTXJFZHC1N7QK944ZTG3J,Default,rep-1288,,,,false,true,,,,,,,,,6,33200,0,,prod_01KYQGTVN6FQDKBHWBHR6QXKTY,Wed Jul 29 2026 13:05:22 GMT-0500 (Colombia Standard Time),Wed Jul 29 2026 13:05:22 GMT-0500 (Colombia Standard Time),,39000,opt_01KYQGTVN70F59RWSAD3VCY706,Default,Default
prod_01KYQGTVN6GNWWHNFMSVX2F54Q,canal-rosca-lujo-100-ml,CANAL ROSCA LUJO 100 ML,,published,,Réplica preparada lista para usar (precio unitario).,false,true,,pcol_01KYNF54AK5FYBQ0HWG5TF7Y06,,,,,,,,,,Wed Jul 29 2026 13:05:20 GMT-0500 (Colombia Standard Time),Wed Jul 29 2026 13:05:20 GMT-0500 (Colombia Standard Time),,sc_01KYNCV8FSSEG8B1MQC4QC6DA2,sc_01KYNF4WREP6XDE0A8VADDBEN8,variant_01KYQGTXJFFR8WPSS9JRBHA242,Default,rep-1359,,,,false,true,,,,,,,,,6,34000,0,,prod_01KYQGTVN6GNWWHNFMSVX2F54Q,Wed Jul 29 2026 13:05:22 GMT-0500 (Colombia Standard Time),Wed Jul 29 2026 13:05:22 GMT-0500 (Colombia Standard Time),,40000,opt_01KYQGTVN774H0GWRYZSZT8CJR,Default,Default
prod_01KYQGTVN6HY9233B9BEX5RJ8C,calabera-police-rosca-replica-60-ml,CALABERA (POLICE) ROSCA REPLICA  60 ML,,published,,Réplica preparada lista para usar (precio unitario).,false,true,,pcol_01KYNF54AK5FYBQ0HWG5TF7Y06,,,,,,,,,,Wed Jul 29 2026 13:05:20 GMT-0500 (Colombia Standard Time),Wed Jul 29 2026 13:05:20 GMT-0500 (Colombia Standard Time),,sc_01KYNCV8FSSEG8B1MQC4QC6DA2,sc_01KYNF4WREP6XDE0A8VADDBEN8,variant_01KYQGTXJFYFDYB5NBBQWH0M92,Default,rep-1371,,,,false,true,,,,,,,,,6,24200,0,,prod_01KYQGTVN6HY9233B9BEX5RJ8C,Wed Jul 29 2026 13:05:22 GMT-0500 (Colombia Standard Time),Wed Jul 29 2026 13:05:22 GMT-0500 (Colombia Standard Time),,28500,opt_01KYQGTVN7QJGCV1MPYVSJ876J,Default,Default
prod_01KYQGTVN6KXKM92SE3F1J4BMJ,butter-fly-rosca-lujo-80-ml-2,BUTTER FLY ROSCA LUJO 80 ML,,published,,Réplica preparada lista para usar (precio unitario).,false,true,,pcol_01KYNF54AK5FYBQ0HWG5TF7Y06,,,,,,,,,,Wed Jul 29 2026 13:05:20 GMT-0500 (Colombia Standard Time),Wed Jul 29 2026 13:05:20 GMT-0500 (Colombia Standard Time),,sc_01KYNCV8FSSEG8B1MQC4QC6DA2,sc_01KYNF4WREP6XDE0A8VADDBEN8,variant_01KYQGTXJFDHP2060KQP89XEQB,Default,rep-1265,,,,false,true,,,,,,,,,6,28500,0,,prod_01KYQGTVN6KXKM92SE3F1J4BMJ,Wed Jul 29 2026 13:05:22 GMT-0500 (Colombia Standard Time),Wed Jul 29 2026 13:05:22 GMT-0500 (Colombia Standard Time),,33500,opt_01KYQGTVN61TE75HG091PMF7SF,Default,Default
prod_01KYQGTVN6S8Y2CA1JYJN5MHFN,can-can-rosca-replica-100-ml-2,CAN CAN ROSCA REPLICA 100 ML,,published,,Réplica preparada lista para usar (precio unitario).,false,true,,pcol_01KYNF54AK5FYBQ0HWG5TF7Y06,,,,,,,,,,Wed Jul 29 2026 13:05:20 GMT-0500 (Colombia Standard Time),Wed Jul 29 2026 13:05:20 GMT-0500 (Colombia Standard Time),,sc_01KYNCV8FSSEG8B1MQC4QC6DA2,sc_01KYNF4WREP6XDE0A8VADDBEN8,variant_01KYQGTXJFTJ0H33GTVKMB6FSK,Default,rep-1381,,,,false,true,,,,,,,,,6,35300,0,,prod_01KYQGTVN6S8Y2CA1JYJN5MHFN,Wed Jul 29 2026 13:05:22 GMT-0500 (Colombia Standard Time),Wed Jul 29 2026 13:05:22 GMT-0500 (Colombia Standard Time),,41500,opt_01KYQGTVN7C00A3CNJ8JCHSJ0K,Default,Default
prod_01KYQGTVN6X55MPHVA6M7RVZVR,canada-chanel-rosca-replica-100-ml-2,CANADA (CHANEL) ROSCA REPLICA 100 ML,,published,,Réplica preparada lista para usar (precio unitario).,false,true,,pcol_01KYNF54AK5FYBQ0HWG5TF7Y06,,,,,,,,,,Wed Jul 29 2026 13:05:20 GMT-0500 (Colombia Standard Time),Wed Jul 29 2026 13:05:20 GMT-0500 (Colombia Standard Time),,sc_01KYNCV8FSSEG8B1MQC4QC6DA2,sc_01KYNF4WREP6XDE0A8VADDBEN8,variant_01KYQGTXJFSQ8FFARTJ6AYGH9W,Default,rep-1241,,,,false,true,,,,,,,,,6,34000,0,,prod_01KYQGTVN6X55MPHVA6M7RVZVR,Wed Jul 29 2026 13:05:22 GMT-0500 (Colombia Standard Time),Wed Jul 29 2026 13:05:22 GMT-0500 (Colombia Standard Time),,40000,opt_01KYQGTVN7V5QFP6FE3PXV51QA,Default,Default
prod_01KYQGTZ9Y7Z8MBSXSQN25JHZF,cat-rosca-replica-75-ml,CAT ROSCA REPLICA 75 ML,,published,,Réplica preparada lista para usar (precio unitario).,false,true,,pcol_01KYNF54AK5FYBQ0HWG5TF7Y06,,,,,,,,,,Wed Jul 29 2026 13:05:24 GMT-0500 (Colombia Standard Time),Wed Jul 29 2026 13:05:24 GMT-0500 (Colombia Standard Time),,sc_01KYNCV8FSSEG8B1MQC4QC6DA2,sc_01KYNF4WREP6XDE0A8VADDBEN8,variant_01KYQGV16Z211E6JF6KR7K2TKE,Default,rep-1264,,,,false,true,,,,,,,,,6,29800,0,,prod_01KYQGTZ9Y7Z8MBSXSQN25JHZF,Wed Jul 29 2026 13:05:26 GMT-0500 (Colombia Standard Time),Wed Jul 29 2026 13:05:26 GMT-0500 (Colombia Standard Time),,35000,opt_01KYQGTZ9ZY43630WZHG5V1ARG,Default,Default
prod_01KYQGTZ9YA8QJWD7YFVPEK5NF,canal-rosca-lujo-60-ml,CANAL ROSCA LUJO 60 ML,,published,,Réplica preparada lista para usar (precio unitario).,false,true,,pcol_01KYNF54AK5FYBQ0HWG5TF7Y06,,,,,,,,,,Wed Jul 29 2026 13:05:24 GMT-0500 (Colombia Standard Time),Wed Jul 29 2026 13:05:24 GMT-0500 (Colombia Standard Time),,sc_01KYNCV8FSSEG8B1MQC4QC6DA2,sc_01KYNF4WREP6XDE0A8VADDBEN8,variant_01KYQGV16WDJ6CHVDZZ2A8PZNX,Default,rep-1375,,,,false,true,,,,,,,,,6,23000,0,,prod_01KYQGTZ9YA8QJWD7YFVPEK5NF,Wed Jul 29 2026 13:05:26 GMT-0500 (Colombia Standard Time),Wed Jul 29 2026 13:05:26 GMT-0500 (Colombia Standard Time),,27000,opt_01KYQGTZ9ZDY38J82GJG0F8RSS,Default,Default
prod_01KYQGTZ9YNTJ8PNDN0J8W2T05,cat-rosca-replica-60-ml,CAT ROSCA REPLICA 60 ML,,published,,Réplica preparada lista para usar (precio unitario).,false,true,,pcol_01KYNF54AK5FYBQ0HWG5TF7Y06,,,,,,,,,,Wed Jul 29 2026 13:05:24 GMT-0500 (Colombia Standard Time),Wed Jul 29 2026 13:05:24 GMT-0500 (Colombia Standard Time),,sc_01KYNCV8FSSEG8B1MQC4QC6DA2,sc_01KYNF4WREP6XDE0A8VADDBEN8,variant_01KYQGV16XCRH5F08AJ37HHTRC,Default,rep-1372,,,,false,true,,,,,,,,,6,25500,0,,prod_01KYQGTZ9YNTJ8PNDN0J8W2T05,Wed Jul 29 2026 13:05:26 GMT-0500 (Colombia Standard Time),Wed Jul 29 2026 13:05:26 GMT-0500 (Colombia Standard Time),,30000,opt_01KYQGTZ9ZGZD5G09FDAPM98BG,Default,Default
prod_01KYQGTZ9ZA1WZB41XFV9RYHYA,cilindrico-rosca-lujo-30-ml-2,CILINDRICO ROSCA LUJO 30 ML,,published,,Réplica preparada lista para usar (precio unitario).,false,true,,pcol_01KYNF54AK5FYBQ0HWG5TF7Y06,,,,,,,,,,Wed Jul 29 2026 13:05:24 GMT-0500 (Colombia Standard Time),Wed Jul 29 2026 13:05:24 GMT-0500 (Colombia Standard Time),,sc_01KYNCV8FSSEG8B1MQC4QC6DA2,sc_01KYNF4WREP6XDE0A8VADDBEN8,variant_01KYQGV170H2KQJRC9F0S1DRYR,Default,rep-1211,,,,false,true,,,,,,,,,6,12800,0,,prod_01KYQGTZ9ZA1WZB41XFV9RYHYA,Wed Jul 29 2026 13:05:26 GMT-0500 (Colombia Standard Time),Wed Jul 29 2026 13:05:26 GMT-0500 (Colombia Standard Time),,15000,opt_01KYQGTZA06HRCQ601G2GYXQ7R,Default,Default
prod_01KYQGTZ9ZKW8A8V3TGQGGDYPB,canada-chanel-rosca-replica-60-ml,CANADA (CHANEL) ROSCA REPLICA 60 ML,,published,,Réplica preparada lista para usar (precio unitario).,false,true,,pcol_01KYNF54AK5FYBQ0HWG5TF7Y06,,,,,,,,,,Wed Jul 29 2026 13:05:24 GMT-0500 (Colombia Standard Time),Wed Jul 29 2026 13:05:24 GMT-0500 (Colombia Standard Time),,sc_01KYNCV8FSSEG8B1MQC4QC6DA2,sc_01KYNF4WREP6XDE0A8VADDBEN8,variant_01KYQGV16Z7MCZHX6ZPFJPMM7A,Default,rep-1240,,,,false,true,,,,,,,,,6,23000,0,,prod_01KYQGTZ9ZKW8A8V3TGQGGDYPB,Wed Jul 29 2026 13:05:26 GMT-0500 (Colombia Standard Time),Wed Jul 29 2026 13:05:26 GMT-0500 (Colombia Standard Time),,27000,opt_01KYQGTZ9ZXE0HT82JC1DRWCW5,Default,Default
prod_01KYQGTZ9ZNSK8M43RZ72GNTPW,ch-m-rosca-replica-100-ml-2,CH M ROSCA REPLICA 100 ML,,published,,Réplica preparada lista para usar (precio unitario).,false,true,,pcol_01KYNF54AK5FYBQ0HWG5TF7Y06,,,,,,,,,,Wed Jul 29 2026 13:05:24 GMT-0500 (Colombia Standard Time),Wed Jul 29 2026 13:05:24 GMT-0500 (Colombia Standard Time),,sc_01KYNCV8FSSEG8B1MQC4QC6DA2,sc_01KYNF4WREP6XDE0A8VADDBEN8,variant_01KYQGV16Z1MXV62DWQDWA4QF8,Default,rep-1386,,,,false,true,,,,,,,,,6,35700,0,,prod_01KYQGTZ9ZNSK8M43RZ72GNTPW,Wed Jul 29 2026 13:05:26 GMT-0500 (Colombia Standard Time),Wed Jul 29 2026 13:05:26 GMT-0500 (Colombia Standard Time),,42000,opt_01KYQGTZ9Z9EQ5BB7GJ5TVK4RX,Default,Default
prod_01KYQGTZ9ZQCYJ8B4A0R29HKZX,cilindrico-rosca-lujo-50-ml-2,CILINDRICO ROSCA LUJO 50 ML,,published,,Réplica preparada lista para usar (precio unitario).,false,true,,pcol_01KYNF54AK5FYBQ0HWG5TF7Y06,,,,,,,,,,Wed Jul 29 2026 13:05:24 GMT-0500 (Colombia Standard Time),Wed Jul 29 2026 13:05:24 GMT-0500 (Colombia Standard Time),,sc_01KYNCV8FSSEG8B1MQC4QC6DA2,sc_01KYNF4WREP6XDE0A8VADDBEN8,variant_01KYQGV1703464XR9XBD189MAT,Default,rep-1212,,,,false,true,,,,,,,,,6,20400,0,,prod_01KYQGTZ9ZQCYJ8B4A0R29HKZX,Wed Jul 29 2026 13:05:26 GMT-0500 (Colombia Standard Time),Wed Jul 29 2026 13:05:26 GMT-0500 (Colombia Standard Time),,24000,opt_01KYQGTZA0JYCVNFXZ5DRKT37Z,Default,Default
prod_01KYQGTZ9ZVGJ7HB04W5HAQDAJ,cilindrico-rosca-lujo-100-ml-2,CILINDRICO ROSCA LUJO 100 ML,,published,,Réplica preparada lista para usar (precio unitario).,false,true,,pcol_01KYNF54AK5FYBQ0HWG5TF7Y06,,,,,,,,,,Wed Jul 29 2026 13:05:24 GMT-0500 (Colombia Standard Time),Wed Jul 29 2026 13:05:24 GMT-0500 (Colombia Standard Time),,sc_01KYNCV8FSSEG8B1MQC4QC6DA2,sc_01KYNF4WREP6XDE0A8VADDBEN8,variant_01KYQGV1700PN950EGZEVY8Y4R,Default,rep-1214,,,,false,true,,,,,,,,,6,30600,0,,prod_01KYQGTZ9ZVGJ7HB04W5HAQDAJ,Wed Jul 29 2026 13:05:26 GMT-0500 (Colombia Standard Time),Wed Jul 29 2026 13:05:26 GMT-0500 (Colombia Standard Time),,36000,opt_01KYQGTZA0B4NV5KT0QM3AD6M2,Default,Default
prod_01KYQGTZ9ZVHFXJY4M62TKEKD8,cilindrico-agrafe-lujo-90-ml,CILINDRICO AGRAFE LUJO 90 ML,,published,,Réplica preparada lista para usar (precio unitario).,false,true,,pcol_01KYNF54AK5FYBQ0HWG5TF7Y06,,,,,,,,,,Wed Jul 29 2026 13:05:24 GMT-0500 (Colombia Standard Time),Wed Jul 29 2026 13:05:24 GMT-0500 (Colombia Standard Time),,sc_01KYNCV8FSSEG8B1MQC4QC6DA2,sc_01KYNF4WREP6XDE0A8VADDBEN8,variant_01KYQGV16Z9Y9S4713GZY6NB80,Default,rep-1293,,,,false,true,,,,,,,,,6,31900,0,,prod_01KYQGTZ9ZVHFXJY4M62TKEKD8,Wed Jul 29 2026 13:05:26 GMT-0500 (Colombia Standard Time),Wed Jul 29 2026 13:05:26 GMT-0500 (Colombia Standard Time),,37500,opt_01KYQGTZ9Z1YWAVA0MYHV5REZS,Default,Default
prod_01KYQGTZ9ZXZG233G1EF5NTRWQ,ch-f-agrafe-replica-100-ml-2,CH F AGRAFE REPLICA 100 ML,,published,,Réplica preparada lista para usar (precio unitario).,false,true,,pcol_01KYNF54AK5FYBQ0HWG5TF7Y06,,,,,,,,,,Wed Jul 29 2026 13:05:24 GMT-0500 (Colombia Standard Time),Wed Jul 29 2026 13:05:24 GMT-0500 (Colombia Standard Time),,sc_01KYNCV8FSSEG8B1MQC4QC6DA2,sc_01KYNF4WREP6XDE0A8VADDBEN8,variant_01KYQGV16ZP40Q3TB7WTND0WX7,Default,rep-1378,,,,false,true,,,,,,,,,6,34900,0,,prod_01KYQGTZ9ZXZG233G1EF5NTRWQ,Wed Jul 29 2026 13:05:26 GMT-0500 (Colombia Standard Time),Wed Jul 29 2026 13:05:26 GMT-0500 (Colombia Standard Time),,41000,opt_01KYQGTZ9ZWA2FR2YHZBFJNFNC,Default,Default
prod_01KYQGV2ZM6XHDEP5KTRRZR0DZ,cool-rosca-100-ml,COOL ROSCA 100 ML,,published,,Réplica preparada lista para usar (precio unitario).,false,true,,pcol_01KYNF54AK5FYBQ0HWG5TF7Y06,,,,,,,,,,Wed Jul 29 2026 13:05:28 GMT-0500 (Colombia Standard Time),Wed Jul 29 2026 13:05:28 GMT-0500 (Colombia Standard Time),,sc_01KYNCV8FSSEG8B1MQC4QC6DA2,sc_01KYNF4WREP6XDE0A8VADDBEN8,variant_01KYQGV4X4R29WE9W4HBYM1K40,Default,rep-1247,,,,false,true,,,,,,,,,6,31000,0,,prod_01KYQGV2ZM6XHDEP5KTRRZR0DZ,Wed Jul 29 2026 13:05:30 GMT-0500 (Colombia Standard Time),Wed Jul 29 2026 13:05:30 GMT-0500 (Colombia Standard Time),,36500,opt_01KYQGV2ZP7WYZQ8HNTMPRABMV,Default,Default
prod_01KYQGV2ZMKQ0B8YBERT3ZAGPP,cilindrico-rosca-lujo-90-ml-2,CILINDRICO ROSCA LUJO 90 ML,,published,,Réplica preparada lista para usar (precio unitario).,false,true,,pcol_01KYNF54AK5FYBQ0HWG5TF7Y06,,,,,,,,,,Wed Jul 29 2026 13:05:28 GMT-0500 (Colombia Standard Time),Wed Jul 29 2026 13:05:28 GMT-0500 (Colombia Standard Time),,sc_01KYNCV8FSSEG8B1MQC4QC6DA2,sc_01KYNF4WREP6XDE0A8VADDBEN8,variant_01KYQGV4X488YC2429126DWXJR,Default,rep-1248,,,,false,true,,,,,,,,,6,29300,0,,prod_01KYQGV2ZMKQ0B8YBERT3ZAGPP,Wed Jul 29 2026 13:05:30 GMT-0500 (Colombia Standard Time),Wed Jul 29 2026 13:05:30 GMT-0500 (Colombia Standard Time),,34500,opt_01KYQGV2ZP6Y0WH2TJXD9833S9,Default,Default
prod_01KYQGV2ZMR3R3PE7NXA6XEK0D,cilindrico-rosca-lujo-60-ml-2,CILINDRICO ROSCA LUJO 60 ML,,published,,Réplica preparada lista para usar (precio unitario).,false,true,,pcol_01KYNF54AK5FYBQ0HWG5TF7Y06,,,,,,,,,,Wed Jul 29 2026 13:05:28 GMT-0500 (Colombia Standard Time),Wed Jul 29 2026 13:05:28 GMT-0500 (Colombia Standard Time),,sc_01KYNCV8FSSEG8B1MQC4QC6DA2,sc_01KYNF4WREP6XDE0A8VADDBEN8,variant_01KYQGV4X43EQP0DYYRN3ZK4KT,Default,rep-1213,,,,false,true,,,,,,,,,6,22100,0,,prod_01KYQGV2ZMR3R3PE7NXA6XEK0D,Wed Jul 29 2026 13:05:30 GMT-0500 (Colombia Standard Time),Wed Jul 29 2026 13:05:30 GMT-0500 (Colombia Standard Time),,26000,opt_01KYQGV2ZNB1QGAVEWABGERZ5X,Default,Default
prod_01KYQGV2ZN2XCB5BQX1ZX1WTKS,copa-victory-replica-rosca-100-ml-2,COPA (VICTORY) REPLICA ROSCA 100 ML,,published,,Réplica preparada lista para usar (precio unitario).,false,true,,pcol_01KYNF54AK5FYBQ0HWG5TF7Y06,,,,,,,,,,Wed Jul 29 2026 13:05:28 GMT-0500 (Colombia Standard Time),Wed Jul 29 2026 13:05:28 GMT-0500 (Colombia Standard Time),,sc_01KYNCV8FSSEG8B1MQC4QC6DA2,sc_01KYNF4WREP6XDE0A8VADDBEN8,variant_01KYQGV4X41Y6QQ58AEJQ5P7AH,Default,rep-1370,,,,false,true,,,,,,,,,6,35700,0,,prod_01KYQGV2ZN2XCB5BQX1ZX1WTKS,Wed Jul 29 2026 13:05:30 GMT-0500 (Colombia Standard Time),Wed Jul 29 2026 13:05:30 GMT-0500 (Colombia Standard Time),,42000,opt_01KYQGV2ZP2BWFYESNTEZVK0MW,Default,Default
prod_01KYQGV2ZN46ZNRNHTE9MX7FY1,copa-invictus-rosca-replica-30-ml-2,COPA (INVICTUS) ROSCA REPLICA 30 ML,,published,,Réplica preparada lista para usar (precio unitario).,false,true,,pcol_01KYNF54AK5FYBQ0HWG5TF7Y06,,,,,,,,,,Wed Jul 29 2026 13:05:28 GMT-0500 (Colombia Standard Time),Wed Jul 29 2026 13:05:28 GMT-0500 (Colombia Standard Time),,sc_01KYNCV8FSSEG8B1MQC4QC6DA2,sc_01KYNF4WREP6XDE0A8VADDBEN8,variant_01KYQGV4X4JRP5P95SK3V39C92,Default,rep-1272,,,,false,true,,,,,,,,,6,15300,0,,prod_01KYQGV2ZN46ZNRNHTE9MX7FY1,Wed Jul 29 2026 13:05:30 GMT-0500 (Colombia Standard Time),Wed Jul 29 2026 13:05:30 GMT-0500 (Colombia Standard Time),,18000,opt_01KYQGV2ZPHVEENZK6X8WDD7G8,Default,Default
prod_01KYQGV2ZNDRKCMQ9FSNHYHJ13,corazon-rosca-cristal-60-ml-2,CORAZON ROSCA CRISTAL 60 ML,,published,,Réplica preparada lista para usar (precio unitario).,false,true,,pcol_01KYNF54AK5FYBQ0HWG5TF7Y06,,,,,,,,,,Wed Jul 29 2026 13:05:28 GMT-0500 (Colombia Standard Time),Wed Jul 29 2026 13:05:28 GMT-0500 (Colombia Standard Time),,sc_01KYNCV8FSSEG8B1MQC4QC6DA2,sc_01KYNF4WREP6XDE0A8VADDBEN8,variant_01KYQGV4X42P16827YKBR8FM8X,Default,rep-1270,,,,false,true,,,,,,,,,6,23800,0,,prod_01KYQGV2ZNDRKCMQ9FSNHYHJ13,Wed Jul 29 2026 13:05:30 GMT-0500 (Colombia Standard Time),Wed Jul 29 2026 13:05:30 GMT-0500 (Colombia Standard Time),,28000,opt_01KYQGV2ZPX2QVJM3VN6SVPDJ0,Default,Default
prod_01KYQGV2ZNEHCCXT9CFVFATT05,copa-invictus-rosca-replica-50-ml-2,COPA (INVICTUS) ROSCA REPLICA 50 ML,,published,,Réplica preparada lista para usar (precio unitario).,false,true,,pcol_01KYNF54AK5FYBQ0HWG5TF7Y06,,,,,,,,,,Wed Jul 29 2026 13:05:28 GMT-0500 (Colombia Standard Time),Wed Jul 29 2026 13:05:28 GMT-0500 (Colombia Standard Time),,sc_01KYNCV8FSSEG8B1MQC4QC6DA2,sc_01KYNF4WREP6XDE0A8VADDBEN8,variant_01KYQGV4X4NJNDB661E5KECE8Z,Default,rep-1238,,,,false,true,,,,,,,,,6,22100,0,,prod_01KYQGV2ZNEHCCXT9CFVFATT05,Wed Jul 29 2026 13:05:30 GMT-0500 (Colombia Standard Time),Wed Jul 29 2026 13:05:30 GMT-0500 (Colombia Standard Time),,26000,opt_01KYQGV2ZPMFQXXVF5ET2MQZ7N,Default,Default
prod_01KYQGV2ZNKXKWSK7YSDVTS8GG,copa-invictus-rosca-replica-100-ml-2,COPA (INVICTUS) ROSCA REPLICA 100 ML,,published,,Réplica preparada lista para usar (precio unitario).,false,true,,pcol_01KYNF54AK5FYBQ0HWG5TF7Y06,,,,,,,,,,Wed Jul 29 2026 13:05:28 GMT-0500 (Colombia Standard Time),Wed Jul 29 2026 13:05:28 GMT-0500 (Colombia Standard Time),,sc_01KYNCV8FSSEG8B1MQC4QC6DA2,sc_01KYNF4WREP6XDE0A8VADDBEN8,variant_01KYQGV4X4K0PF2XWC9462GN0S,Default,rep-1239,,,,false,true,,,,,,,,,6,34900,0,,prod_01KYQGV2ZNKXKWSK7YSDVTS8GG,Wed Jul 29 2026 13:05:30 GMT-0500 (Colombia Standard Time),Wed Jul 29 2026 13:05:30 GMT-0500 (Colombia Standard Time),,41000,opt_01KYQGV2ZP5BXD4E7WDZ3R5AFX,Default,Default
prod_01KYQGV2ZNP6N2YET9FE923FFG,corazon-rosca-color-50-ml-2,CORAZON ROSCA COLOR 50 ML,,published,,Réplica preparada lista para usar (precio unitario).,false,true,,pcol_01KYNF54AK5FYBQ0HWG5TF7Y06,,,,,,,,,,Wed Jul 29 2026 13:05:28 GMT-0500 (Colombia Standard Time),Wed Jul 29 2026 13:05:28 GMT-0500 (Colombia Standard Time),,sc_01KYNCV8FSSEG8B1MQC4QC6DA2,sc_01KYNF4WREP6XDE0A8VADDBEN8,variant_01KYQGV4X44H7TT81GA4CH8JG5,Default,rep-1221,,,,false,true,,,,,,,,,6,21300,0,,prod_01KYQGV2ZNP6N2YET9FE923FFG,Wed Jul 29 2026 13:05:30 GMT-0500 (Colombia Standard Time),Wed Jul 29 2026 13:05:30 GMT-0500 (Colombia Standard Time),,25000,opt_01KYQGV2ZP0HZT219V304R4QVP,Default,Default
prod_01KYQGV2ZNSRBB1QJ2V466W675,copa-victory-replica-rosca-30-ml-2,COPA (VICTORY) REPLICA ROSCA 30 ML,,published,,Réplica preparada lista para usar (precio unitario).,false,true,,pcol_01KYNF54AK5FYBQ0HWG5TF7Y06,,,,,,,,,,Wed Jul 29 2026 13:05:28 GMT-0500 (Colombia Standard Time),Wed Jul 29 2026 13:05:28 GMT-0500 (Colombia Standard Time),,sc_01KYNCV8FSSEG8B1MQC4QC6DA2,sc_01KYNF4WREP6XDE0A8VADDBEN8,variant_01KYQGV4X4ZFGM56ET3532X6FX,Default,rep-1334,,,,false,true,,,,,,,,,6,16200,0,,prod_01KYQGV2ZNSRBB1QJ2V466W675,Wed Jul 29 2026 13:05:30 GMT-0500 (Colombia Standard Time),Wed Jul 29 2026 13:05:30 GMT-0500 (Colombia Standard Time),,19000,opt_01KYQGV2ZPEQ2VP166JXHCDHA1,Default,Default
prod_01KYQGV6NB4A1DECVGFVY194BE,emblem-rosca-replica-60-ml-2,EMBLEM ROSCA REPLICA  60 ML,,published,,Réplica preparada lista para usar (precio unitario).,false,true,,pcol_01KYNF54AK5FYBQ0HWG5TF7Y06,,,,,,,,,,Wed Jul 29 2026 13:05:32 GMT-0500 (Colombia Standard Time),Wed Jul 29 2026 13:05:32 GMT-0500 (Colombia Standard Time),,sc_01KYNCV8FSSEG8B1MQC4QC6DA2,sc_01KYNF4WREP6XDE0A8VADDBEN8,variant_01KYQGV8JBFHKRX5CFWR4BK4WW,Default,rep-1307,,,,false,true,,,,,,,,,6,23400,0,,prod_01KYQGV6NB4A1DECVGFVY194BE,Wed Jul 29 2026 13:05:34 GMT-0500 (Colombia Standard Time),Wed Jul 29 2026 13:05:34 GMT-0500 (Colombia Standard Time),,27500,opt_01KYQGV6NCVH0JBCD0GZ5FKKSC,Default,Default
prod_01KYQGV6NB5H68X2TV7Y1CSMKK,creed-rosca-replica-30-ml-2,CREED ROSCA REPLICA 30 ML,,published,,Réplica preparada lista para usar (precio unitario).,false,true,,pcol_01KYNF54AK5FYBQ0HWG5TF7Y06,,,,,,,,,,Wed Jul 29 2026 13:05:32 GMT-0500 (Colombia Standard Time),Wed Jul 29 2026 13:05:32 GMT-0500 (Colombia Standard Time),,sc_01KYNCV8FSSEG8B1MQC4QC6DA2,sc_01KYNF4WREP6XDE0A8VADDBEN8,variant_01KYQGV8JAPJYP5GF76RQM8AW4,Default,rep-1236,,,,false,true,,,,,,,,,6,15300,0,,prod_01KYQGV6NB5H68X2TV7Y1CSMKK,Wed Jul 29 2026 13:05:34 GMT-0500 (Colombia Standard Time),Wed Jul 29 2026 13:05:34 GMT-0500 (Colombia Standard Time),,18000,opt_01KYQGV6NBET95D2RQR1DESYNM,Default,Default
prod_01KYQGV6NB5M7R1KQNXZ2VBMRZ,eiffel-rosca-lujo-50-ml-2,EIFFEL ROSCA LUJO 50 ML,,published,,Réplica preparada lista para usar (precio unitario).,false,true,,pcol_01KYNF54AK5FYBQ0HWG5TF7Y06,,,,,,,,,,Wed Jul 29 2026 13:05:32 GMT-0500 (Colombia Standard Time),Wed Jul 29 2026 13:05:32 GMT-0500 (Colombia Standard Time),,sc_01KYNCV8FSSEG8B1MQC4QC6DA2,sc_01KYNF4WREP6XDE0A8VADDBEN8,variant_01KYQGV8JBT7HDP48QPX10E3AQ,Default,rep-1313,,,,false,true,,,,,,,,,6,23000,0,,prod_01KYQGV6NB5M7R1KQNXZ2VBMRZ,Wed Jul 29 2026 13:05:34 GMT-0500 (Colombia Standard Time),Wed Jul 29 2026 13:05:34 GMT-0500 (Colombia Standard Time),,27000,opt_01KYQGV6NCG6VM8DNS6C60879W,Default,Default
prod_01KYQGV6NB61X4WP1GC1135JQK,dorso-rosca-replica-100-ml,DORSO ROSCA REPLICA 100 ML,,published,,Réplica preparada lista para usar (precio unitario).,false,true,,pcol_01KYNF54AK5FYBQ0HWG5TF7Y06,,,,,,,,,,Wed Jul 29 2026 13:05:32 GMT-0500 (Colombia Standard Time),Wed Jul 29 2026 13:05:32 GMT-0500 (Colombia Standard Time),,sc_01KYNCV8FSSEG8B1MQC4QC6DA2,sc_01KYNF4WREP6XDE0A8VADDBEN8,variant_01KYQGV8JBKM9XW9HW5G8WTPJT,Default,rep-1314,,,,false,true,,,,,,,,,6,33200,0,,prod_01KYQGV6NB61X4WP1GC1135JQK,Wed Jul 29 2026 13:05:34 GMT-0500 (Colombia Standard Time),Wed Jul 29 2026 13:05:34 GMT-0500 (Colombia Standard Time),,39000,opt_01KYQGV6NBVNHW4SWJRM6QCG9Z,Default,Default
prod_01KYQGV6NB8K3CGX2PPG2KTY34,creed-rosca-replica-50-ml-2,CREED ROSCA REPLICA 50 ML,,published,,Réplica preparada lista para usar (precio unitario).,false,true,,pcol_01KYNF54AK5FYBQ0HWG5TF7Y06,,,,,,,,,,Wed Jul 29 2026 13:05:32 GMT-0500 (Colombia Standard Time),Wed Jul 29 2026 13:05:32 GMT-0500 (Colombia Standard Time),,sc_01KYNCV8FSSEG8B1MQC4QC6DA2,sc_01KYNF4WREP6XDE0A8VADDBEN8,variant_01KYQGV8JA4DEJA95RGXP3JNEG,Default,rep-1356,,,,false,true,,,,,,,,,6,21700,0,,prod_01KYQGV6NB8K3CGX2PPG2KTY34,Wed Jul 29 2026 13:05:34 GMT-0500 (Colombia Standard Time),Wed Jul 29 2026 13:05:34 GMT-0500 (Colombia Standard Time),,25500,opt_01KYQGV6NB38Z78FHS1T47H5X0,Default,Default
prod_01KYQGV6NB8YW669V9BQP8QYRE,dorso-jpg-rosca-replica-50-ml,DORSO (JPG) ROSCA REPLICA 50 ML,,published,,Réplica preparada lista para usar (precio unitario).,false,true,,pcol_01KYNF54AK5FYBQ0HWG5TF7Y06,,,,,,,,,,Wed Jul 29 2026 13:05:32 GMT-0500 (Colombia Standard Time),Wed Jul 29 2026 13:05:32 GMT-0500 (Colombia Standard Time),,sc_01KYNCV8FSSEG8B1MQC4QC6DA2,sc_01KYNF4WREP6XDE0A8VADDBEN8,variant_01KYQGV8JBF6HZBSFVFX1EVMBJ,Default,rep-1261,,,,false,true,,,,,,,,,6,21700,0,,prod_01KYQGV6NB8YW669V9BQP8QYRE,Wed Jul 29 2026 13:05:34 GMT-0500 (Colombia Standard Time),Wed Jul 29 2026 13:05:34 GMT-0500 (Colombia Standard Time),,25500,opt_01KYQGV6NBJ8TCVE7EF5GRH3H9,Default,Default
prod_01KYQGV6NBDQJ0T9X10E15BWQ0,cristal-rosca-45-ml-2,CRISTAL ROSCA 45 ML,,published,,Réplica preparada lista para usar (precio unitario).,false,true,,pcol_01KYNF54AK5FYBQ0HWG5TF7Y06,,,,,,,,,,Wed Jul 29 2026 13:05:32 GMT-0500 (Colombia Standard Time),Wed Jul 29 2026 13:05:32 GMT-0500 (Colombia Standard Time),,sc_01KYNCV8FSSEG8B1MQC4QC6DA2,sc_01KYNF4WREP6XDE0A8VADDBEN8,variant_01KYQGV8JBK7V6T5S5P4HDMHR4,Default,rep-1227,,,,false,true,,,,,,,,,6,19600,0,,prod_01KYQGV6NBDQJ0T9X10E15BWQ0,Wed Jul 29 2026 13:05:34 GMT-0500 (Colombia Standard Time),Wed Jul 29 2026 13:05:34 GMT-0500 (Colombia Standard Time),,23000,opt_01KYQGV6NBHDCKJHQNZD7P4Q3M,Default,Default
prod_01KYQGV6NBMNWWJS6WW1GJ1XMD,creed-rosca-replica-100-ml-2,CREED ROSCA REPLICA 100 ML,,published,,Réplica preparada lista para usar (precio unitario).,false,true,,pcol_01KYNF54AK5FYBQ0HWG5TF7Y06,,,,,,,,,,Wed Jul 29 2026 13:05:32 GMT-0500 (Colombia Standard Time),Wed Jul 29 2026 13:05:32 GMT-0500 (Colombia Standard Time),,sc_01KYNCV8FSSEG8B1MQC4QC6DA2,sc_01KYNF4WREP6XDE0A8VADDBEN8,variant_01KYQGV8JA0Z6KYGAYPCMW9BX3,Default,rep-1237,,,,false,true,,,,,,,,,6,33600,0,,prod_01KYQGV6NBMNWWJS6WW1GJ1XMD,Wed Jul 29 2026 13:05:34 GMT-0500 (Colombia Standard Time),Wed Jul 29 2026 13:05:34 GMT-0500 (Colombia Standard Time),,39500,opt_01KYQGV6NB6ZNPFC16SKF7KZE0,Default,Default
prod_01KYQGV6NBRR1CEPD42V5MGWF4,eiffel-rosca-lujo-30-ml-2,EIFFEL ROSCA LUJO 30 ML,,published,,Réplica preparada lista para usar (precio unitario).,false,true,,pcol_01KYNF54AK5FYBQ0HWG5TF7Y06,,,,,,,,,,Wed Jul 29 2026 13:05:32 GMT-0500 (Colombia Standard Time),Wed Jul 29 2026 13:05:32 GMT-0500 (Colombia Standard Time),,sc_01KYNCV8FSSEG8B1MQC4QC6DA2,sc_01KYNF4WREP6XDE0A8VADDBEN8,variant_01KYQGV8JB68VBTS2TAJN5DH8S,Default,rep-1304,,,,false,true,,,,,,,,,6,16200,0,,prod_01KYQGV6NBRR1CEPD42V5MGWF4,Wed Jul 29 2026 13:05:34 GMT-0500 (Colombia Standard Time),Wed Jul 29 2026 13:05:34 GMT-0500 (Colombia Standard Time),,19000,opt_01KYQGV6NCP7ZBD4XD6K0H1HT9,Default,Default
prod_01KYQGV6NBT5V75TP3J9KPZS5J,dubai-rosca-lujo-30-ml,DUBAI ROSCA LUJO 30 ML,,published,,Réplica preparada lista para usar (precio unitario).,false,true,,pcol_01KYNF54AK5FYBQ0HWG5TF7Y06,,,,,,,,,,Wed Jul 29 2026 13:05:32 GMT-0500 (Colombia Standard Time),Wed Jul 29 2026 13:05:32 GMT-0500 (Colombia Standard Time),,sc_01KYNCV8FSSEG8B1MQC4QC6DA2,sc_01KYNF4WREP6XDE0A8VADDBEN8,variant_01KYQGV8JBEJ7PDD4FB596ZJYW,Default,rep-1300,,,,false,true,,,,,,,,,6,13600,0,,prod_01KYQGV6NBT5V75TP3J9KPZS5J,Wed Jul 29 2026 13:05:34 GMT-0500 (Colombia Standard Time),Wed Jul 29 2026 13:05:34 GMT-0500 (Colombia Standard Time),,16000,opt_01KYQGV6NCXAD78F93QRP2MYWZ,Default,Default
prod_01KYQGVA9619XT3R9FG2FV8SHK,eros-rosca-replica-25-ml,EROS ROSCA REPLICA 25 ML,,published,,Réplica preparada lista para usar (precio unitario).,false,true,,pcol_01KYNF54AK5FYBQ0HWG5TF7Y06,,,,,,,,,,Wed Jul 29 2026 13:05:35 GMT-0500 (Colombia Standard Time),Wed Jul 29 2026 13:05:35 GMT-0500 (Colombia Standard Time),,sc_01KYNCV8FSSEG8B1MQC4QC6DA2,sc_01KYNF4WREP6XDE0A8VADDBEN8,variant_01KYQGVC5VQ1TCKM3RHVP2ETM6,Default,rep-1343,,,,false,true,,,,,,,,,6,14000,0,,prod_01KYQGVA9619XT3R9FG2FV8SHK,Wed Jul 29 2026 13:05:37 GMT-0500 (Colombia Standard Time),Wed Jul 29 2026 13:05:37 GMT-0500 (Colombia Standard Time),,16500,opt_01KYQGVA97X2WG4JE46QTDQQ1M,Default,Default
prod_01KYQGVA9661JV5SSX7NN0XNJJ,fahrenheit-rosca-replica-100-ml-2,FAHRENHEIT ROSCA REPLICA 100 ML,,published,,Réplica preparada lista para usar (precio unitario).,false,true,,pcol_01KYNF54AK5FYBQ0HWG5TF7Y06,,,,,,,,,,Wed Jul 29 2026 13:05:35 GMT-0500 (Colombia Standard Time),Wed Jul 29 2026 13:05:35 GMT-0500 (Colombia Standard Time),,sc_01KYNCV8FSSEG8B1MQC4QC6DA2,sc_01KYNF4WREP6XDE0A8VADDBEN8,variant_01KYQGVC5VQVT014RZ2ZEC4VD2,Default,rep-1267,,,,false,true,,,,,,,,,6,33600,0,,prod_01KYQGVA9661JV5SSX7NN0XNJJ,Wed Jul 29 2026 13:05:37 GMT-0500 (Colombia Standard Time),Wed Jul 29 2026 13:05:37 GMT-0500 (Colombia Standard Time),,39500,opt_01KYQGVA979YWXGQDD0XC35809,Default,Default
prod_01KYQGVA96B4PRD7VKPZJX9MH8,eros-rosca-replica-100-ml,EROS ROSCA REPLICA 100 ML,,published,,Réplica preparada lista para usar (precio unitario).,false,true,,pcol_01KYNF54AK5FYBQ0HWG5TF7Y06,,,,,,,,,,Wed Jul 29 2026 13:05:35 GMT-0500 (Colombia Standard Time),Wed Jul 29 2026 13:05:35 GMT-0500 (Colombia Standard Time),,sc_01KYNCV8FSSEG8B1MQC4QC6DA2,sc_01KYNF4WREP6XDE0A8VADDBEN8,variant_01KYQGVC5V948B8R3C0STCBS6N,Default,rep-1368,,,,false,true,,,,,,,,,6,35700,0,,prod_01KYQGVA96B4PRD7VKPZJX9MH8,Wed Jul 29 2026 13:05:37 GMT-0500 (Colombia Standard Time),Wed Jul 29 2026 13:05:37 GMT-0500 (Colombia Standard Time),,42000,opt_01KYQGVA977JS86V8MJB4DZZZ6,Default,Default
prod_01KYQGVA96RHQX2H4Q9D3K199R,fantasy-agrafe-replica-100-ml,FANTASY AGRAFE REPLICA 100 ML,,published,,Réplica preparada lista para usar (precio unitario).,false,true,,pcol_01KYNF54AK5FYBQ0HWG5TF7Y06,,,,,,,,,,Wed Jul 29 2026 13:05:35 GMT-0500 (Colombia Standard Time),Wed Jul 29 2026 13:05:35 GMT-0500 (Colombia Standard Time),,sc_01KYNCV8FSSEG8B1MQC4QC6DA2,sc_01KYNF4WREP6XDE0A8VADDBEN8,variant_01KYQGVC5V4TRM79TJNX3CMEP7,Default,rep-1258,,,,false,true,,,,,,,,,6,34000,0,,prod_01KYQGVA96RHQX2H4Q9D3K199R,Wed Jul 29 2026 13:05:37 GMT-0500 (Colombia Standard Time),Wed Jul 29 2026 13:05:37 GMT-0500 (Colombia Standard Time),,40000,opt_01KYQGVA97BWE7Z9VF9KGC036F,Default,Default
prod_01KYQGVA96ZW93B8JG70BKDQSK,eros-rosca-replica-50-ml,EROS ROSCA REPLICA  50 ML,,published,,Réplica preparada lista para usar (precio unitario).,false,true,,pcol_01KYNF54AK5FYBQ0HWG5TF7Y06,,,,,,,,,,Wed Jul 29 2026 13:05:35 GMT-0500 (Colombia Standard Time),Wed Jul 29 2026 13:05:35 GMT-0500 (Colombia Standard Time),,sc_01KYNCV8FSSEG8B1MQC4QC6DA2,sc_01KYNF4WREP6XDE0A8VADDBEN8,variant_01KYQGVC5VSAMBQRNCSD6WVBBG,Default,rep-1325,,,,false,true,,,,,,,,,6,22100,0,,prod_01KYQGVA96ZW93B8JG70BKDQSK,Wed Jul 29 2026 13:05:37 GMT-0500 (Colombia Standard Time),Wed Jul 29 2026 13:05:37 GMT-0500 (Colombia Standard Time),,26000,opt_01KYQGVA97GGY3VQ6H6C0H0CQD,Default,Default
prod_01KYQGVA976CYBT8T51K35VM1R,fantasy-rosca-replica-110-ml-2,FANTASY ROSCA REPLICA 110 ML,,published,,Réplica preparada lista para usar (precio unitario).,false,true,,pcol_01KYNF54AK5FYBQ0HWG5TF7Y06,,,,,,,,,,Wed Jul 29 2026 13:05:35 GMT-0500 (Colombia Standard Time),Wed Jul 29 2026 13:05:35 GMT-0500 (Colombia Standard Time),,sc_01KYNCV8FSSEG8B1MQC4QC6DA2,sc_01KYNF4WREP6XDE0A8VADDBEN8,variant_01KYQGVC5VMFD05QMS0WWJ53NR,Default,rep-1315,,,,false,true,,,,,,,,,6,35700,0,,prod_01KYQGVA976CYBT8T51K35VM1R,Wed Jul 29 2026 13:05:37 GMT-0500 (Colombia Standard Time),Wed Jul 29 2026 13:05:37 GMT-0500 (Colombia Standard Time),,42000,opt_01KYQGVA976HRMSD8J55SKZPB6,Default,Default
prod_01KYQGVA977P7242AAS5ZX2XQ9,flor-lujo-rosca-100-ml-2,FLOR LUJO ROSCA 100 ML,,published,,Réplica preparada lista para usar (precio unitario).,false,true,,pcol_01KYNF54AK5FYBQ0HWG5TF7Y06,,,,,,,,,,Wed Jul 29 2026 13:05:35 GMT-0500 (Colombia Standard Time),Wed Jul 29 2026 13:05:35 GMT-0500 (Colombia Standard Time),,sc_01KYNCV8FSSEG8B1MQC4QC6DA2,sc_01KYNF4WREP6XDE0A8VADDBEN8,variant_01KYQGVC5VPX30T7EDRWMSWAV7,Default,rep-1367,,,,false,true,,,,,,,,,6,32700,0,,prod_01KYQGVA977P7242AAS5ZX2XQ9,Wed Jul 29 2026 13:05:37 GMT-0500 (Colombia Standard Time),Wed Jul 29 2026 13:05:37 GMT-0500 (Colombia Standard Time),,38500,opt_01KYQGVA9797FEWE1H76SMEW2P,Default,Default
prod_01KYQGVA97CA28D5FANGXDM365,flat-rosca-lujo-30-ml,FLAT ROSCA LUJO 30 ML,,published,,Réplica preparada lista para usar (precio unitario).,false,true,,pcol_01KYNF54AK5FYBQ0HWG5TF7Y06,,,,,,,,,,Wed Jul 29 2026 13:05:35 GMT-0500 (Colombia Standard Time),Wed Jul 29 2026 13:05:35 GMT-0500 (Colombia Standard Time),,sc_01KYNCV8FSSEG8B1MQC4QC6DA2,sc_01KYNF4WREP6XDE0A8VADDBEN8,variant_01KYQGVC5V689QK9R2BE9BH4JS,Default,rep-1311,,,,false,true,,,,,,,,,6,12800,0,,prod_01KYQGVA97CA28D5FANGXDM365,Wed Jul 29 2026 13:05:37 GMT-0500 (Colombia Standard Time),Wed Jul 29 2026 13:05:37 GMT-0500 (Colombia Standard Time),,15000,opt_01KYQGVA97JV1W1P7BH5MQFQJR,Default,Default
prod_01KYQGVA97PVQ0J7A0MG6E95V4,ferrari-replica-rosca-100-ml-2,FERRARI REPLICA ROSCA 100 ML,,published,,Réplica preparada lista para usar (precio unitario).,false,true,,pcol_01KYNF54AK5FYBQ0HWG5TF7Y06,,,,,,,,,,Wed Jul 29 2026 13:05:35 GMT-0500 (Colombia Standard Time),Wed Jul 29 2026 13:05:35 GMT-0500 (Colombia Standard Time),,sc_01KYNCV8FSSEG8B1MQC4QC6DA2,sc_01KYNF4WREP6XDE0A8VADDBEN8,variant_01KYQGVC5VC1CNTFSYZZE1NX48,Default,rep-1366,,,,false,true,,,,,,,,,6,33200,0,,prod_01KYQGVA97PVQ0J7A0MG6E95V4,Wed Jul 29 2026 13:05:37 GMT-0500 (Colombia Standard Time),Wed Jul 29 2026 13:05:37 GMT-0500 (Colombia Standard Time),,39000,opt_01KYQGVA97GSKRHAYT7VN6SZ3T,Default,Default
prod_01KYQGVA97TKH42XYHDVR31QQP,flat-rosca-lujo-50-ml-2,FLAT ROSCA LUJO 50 ML,,published,,Réplica preparada lista para usar (precio unitario).,false,true,,pcol_01KYNF54AK5FYBQ0HWG5TF7Y06,,,,,,,,,,Wed Jul 29 2026 13:05:35 GMT-0500 (Colombia Standard Time),Wed Jul 29 2026 13:05:35 GMT-0500 (Colombia Standard Time),,sc_01KYNCV8FSSEG8B1MQC4QC6DA2,sc_01KYNF4WREP6XDE0A8VADDBEN8,variant_01KYQGVC5V9AX7YV58NRM0D82S,Default,rep-1312,,,,false,true,,,,,,,,,6,21300,0,,prod_01KYQGVA97TKH42XYHDVR31QQP,Wed Jul 29 2026 13:05:37 GMT-0500 (Colombia Standard Time),Wed Jul 29 2026 13:05:37 GMT-0500 (Colombia Standard Time),,25000,opt_01KYQGVA97PMP7VETXT9N74897,Default,Default
prod_01KYQGVDWT6BJ2B72EF1524KYC,generico-agrafe-100-ml-2,GENERICO AGRAFE 100 ML,,published,,Réplica preparada lista para usar (precio unitario).,false,true,,pcol_01KYNF54AK5FYBQ0HWG5TF7Y06,,,,,,,,,,Wed Jul 29 2026 13:05:39 GMT-0500 (Colombia Standard Time),Wed Jul 29 2026 13:05:39 GMT-0500 (Colombia Standard Time),,sc_01KYNCV8FSSEG8B1MQC4QC6DA2,sc_01KYNF4WREP6XDE0A8VADDBEN8,variant_01KYQGVFS1WK8AANY4955HJAXG,Default,rep-1230,,,,false,true,,,,,,,,,6,32700,0,,prod_01KYQGVDWT6BJ2B72EF1524KYC,Wed Jul 29 2026 13:05:41 GMT-0500 (Colombia Standard Time),Wed Jul 29 2026 13:05:41 GMT-0500 (Colombia Standard Time),,38500,opt_01KYQGVDWTM7ZZ8G2FQCAZHB37,Default,Default
prod_01KYQGVDWT757A110FFZ713T8S,generico-rosca-25-ml-v-p,GENERICO ROSCA 25 ML V.P.,,published,,Réplica preparada lista para usar (precio unitario).,false,true,,pcol_01KYNF54AK5FYBQ0HWG5TF7Y06,,,,,,,,,,Wed Jul 29 2026 13:05:39 GMT-0500 (Colombia Standard Time),Wed Jul 29 2026 13:05:39 GMT-0500 (Colombia Standard Time),,sc_01KYNCV8FSSEG8B1MQC4QC6DA2,sc_01KYNF4WREP6XDE0A8VADDBEN8,variant_01KYQGVFS1AYC0RCAQE17XCPTC,Default,rep-1280,,,,false,true,,,,,,,,,6,11100,0,,prod_01KYQGVDWT757A110FFZ713T8S,Wed Jul 29 2026 13:05:41 GMT-0500 (Colombia Standard Time),Wed Jul 29 2026 13:05:41 GMT-0500 (Colombia Standard Time),,13000,opt_01KYQGVDWT3HN3CGN6FHXJJQ33,Default,Default
prod_01KYQGVDWTA7ZYCQZZ84RJJ3N5,generico-rosca-45-ml,GENERICO ROSCA 45 ML,,published,,Réplica preparada lista para usar (precio unitario).,false,true,,pcol_01KYNF54AK5FYBQ0HWG5TF7Y06,,,,,,,,,,Wed Jul 29 2026 13:05:39 GMT-0500 (Colombia Standard Time),Wed Jul 29 2026 13:05:39 GMT-0500 (Colombia Standard Time),,sc_01KYNCV8FSSEG8B1MQC4QC6DA2,sc_01KYNF4WREP6XDE0A8VADDBEN8,variant_01KYQGVFS119BMWWCGC3JGGEN8,Default,rep-1275,,,,false,true,,,,,,,,,6,17000,0,,prod_01KYQGVDWTA7ZYCQZZ84RJJ3N5,Wed Jul 29 2026 13:05:41 GMT-0500 (Colombia Standard Time),Wed Jul 29 2026 13:05:41 GMT-0500 (Colombia Standard Time),,20000,opt_01KYQGVDWTCF7E83WSMZ481975,Default,Default
prod_01KYQGVDWTDJVQ528QXD8EDN5C,generico-rosca-30-ml-vp-2,GENERICO ROSCA 30 ML VP,,published,,Réplica preparada lista para usar (precio unitario).,false,true,,pcol_01KYNF54AK5FYBQ0HWG5TF7Y06,,,,,,,,,,Wed Jul 29 2026 13:05:39 GMT-0500 (Colombia Standard Time),Wed Jul 29 2026 13:05:39 GMT-0500 (Colombia Standard Time),,sc_01KYNCV8FSSEG8B1MQC4QC6DA2,sc_01KYNF4WREP6XDE0A8VADDBEN8,variant_01KYQGVFS1P7AK2NJBEFFR4BGV,Default,rep-1207,,,,false,true,,,,,,,,,6,12300,0,,prod_01KYQGVDWTDJVQ528QXD8EDN5C,Wed Jul 29 2026 13:05:41 GMT-0500 (Colombia Standard Time),Wed Jul 29 2026 13:05:41 GMT-0500 (Colombia Standard Time),,14500,opt_01KYQGVDWTXNRYNFMWN5GE8GF8,Default,Default
prod_01KYQGVDWTHYTT5B2Z305BN1FB,globo-agrafe-lujo-100-ml-2,GLOBO AGRAFE LUJO 100 ML,,published,,Réplica preparada lista para usar (precio unitario).,false,true,,pcol_01KYNF54AK5FYBQ0HWG5TF7Y06,,,,,,,,,,Wed Jul 29 2026 13:05:39 GMT-0500 (Colombia Standard Time),Wed Jul 29 2026 13:05:39 GMT-0500 (Colombia Standard Time),,sc_01KYNCV8FSSEG8B1MQC4QC6DA2,sc_01KYNF4WREP6XDE0A8VADDBEN8,variant_01KYQGVFS279X3X2Q4EEARC2VS,Default,rep-1231,,,,false,true,,,,,,,,,6,32700,0,,prod_01KYQGVDWTHYTT5B2Z305BN1FB,Wed Jul 29 2026 13:05:41 GMT-0500 (Colombia Standard Time),Wed Jul 29 2026 13:05:41 GMT-0500 (Colombia Standard Time),,38500,opt_01KYQGVDWTY7T52SWKDY7DS072,Default,Default
prod_01KYQGVDWTR1D0G8DKF6785N5H,generico-rosca-60-ml-vp-2,GENERICO ROSCA 60 ML VP,,published,,Réplica preparada lista para usar (precio unitario).,false,true,,pcol_01KYNF54AK5FYBQ0HWG5TF7Y06,,,,,,,,,,Wed Jul 29 2026 13:05:39 GMT-0500 (Colombia Standard Time),Wed Jul 29 2026 13:05:39 GMT-0500 (Colombia Standard Time),,sc_01KYNCV8FSSEG8B1MQC4QC6DA2,sc_01KYNF4WREP6XDE0A8VADDBEN8,variant_01KYQGVFS1RTHP1RCW5PD77TQ1,Default,rep-1209,,,,false,true,,,,,,,,,6,20400,0,,prod_01KYQGVDWTR1D0G8DKF6785N5H,Wed Jul 29 2026 13:05:41 GMT-0500 (Colombia Standard Time),Wed Jul 29 2026 13:05:41 GMT-0500 (Colombia Standard Time),,24000,opt_01KYQGVDWT0DKK00E4G8S6K4GH,Default,Default
prod_01KYQGVDWTX28YRKK6HDRE6SW5,gabbana-rosca-100-ml,GABBANA ROSCA 100 ML,,published,,Réplica preparada lista para usar (precio unitario).,false,true,,pcol_01KYNF54AK5FYBQ0HWG5TF7Y06,,,,,,,,,,Wed Jul 29 2026 13:05:39 GMT-0500 (Colombia Standard Time),Wed Jul 29 2026 13:05:39 GMT-0500 (Colombia Standard Time),,sc_01KYNCV8FSSEG8B1MQC4QC6DA2,sc_01KYNF4WREP6XDE0A8VADDBEN8,variant_01KYQGVFS1TCW7A7CJGVQNZN5S,Default,rep-1383,,,,false,true,,,,,,,,,6,33200,0,,prod_01KYQGVDWTX28YRKK6HDRE6SW5,Wed Jul 29 2026 13:05:41 GMT-0500 (Colombia Standard Time),Wed Jul 29 2026 13:05:41 GMT-0500 (Colombia Standard Time),,39000,opt_01KYQGVDWTEDXY89NM8KRS9M0G,Default,Default
prod_01KYQGVDWTXER88KTRFNRW0YH9,generico-agrafe-50-ml-2,GENERICO AGRAFE 50 ML,,published,,Réplica preparada lista para usar (precio unitario).,false,true,,pcol_01KYNF54AK5FYBQ0HWG5TF7Y06,,,,,,,,,,Wed Jul 29 2026 13:05:39 GMT-0500 (Colombia Standard Time),Wed Jul 29 2026 13:05:39 GMT-0500 (Colombia Standard Time),,sc_01KYNCV8FSSEG8B1MQC4QC6DA2,sc_01KYNF4WREP6XDE0A8VADDBEN8,variant_01KYQGVFS1AV42B0GK2XE2NXHY,Default,rep-1229,,,,false,true,,,,,,,,,6,20800,0,,prod_01KYQGVDWTXER88KTRFNRW0YH9,Wed Jul 29 2026 13:05:41 GMT-0500 (Colombia Standard Time),Wed Jul 29 2026 13:05:41 GMT-0500 (Colombia Standard Time),,24500,opt_01KYQGVDWTEPEG3BSQG2NG7YP6,Default,Default
prod_01KYQGVDWTXTCY63P1PCRV59AX,generico-rosca-100-ml-vp-2,GENERICO ROSCA 100 ML VP,,published,,Réplica preparada lista para usar (precio unitario).,false,true,,pcol_01KYNF54AK5FYBQ0HWG5TF7Y06,,,,,,,,,,Wed Jul 29 2026 13:05:39 GMT-0500 (Colombia Standard Time),Wed Jul 29 2026 13:05:39 GMT-0500 (Colombia Standard Time),,sc_01KYNCV8FSSEG8B1MQC4QC6DA2,sc_01KYNF4WREP6XDE0A8VADDBEN8,variant_01KYQGVFS1RG9S7YYR5K3R7AF9,Default,rep-1210,,,,false,true,,,,,,,,,6,29800,0,,prod_01KYQGVDWTXTCY63P1PCRV59AX,Wed Jul 29 2026 13:05:41 GMT-0500 (Colombia Standard Time),Wed Jul 29 2026 13:05:41 GMT-0500 (Colombia Standard Time),,35000,opt_01KYQGVDWTT67T1C1RK4BRAK0W,Default,Default
prod_01KYQGVDWTZF0HVRK9KDY5PEC5,generico-rosca-50-ml-vp,GENERICO ROSCA 50 ML VP,,published,,Réplica preparada lista para usar (precio unitario).,false,true,,pcol_01KYNF54AK5FYBQ0HWG5TF7Y06,,,,,,,,,,Wed Jul 29 2026 13:05:39 GMT-0500 (Colombia Standard Time),Wed Jul 29 2026 13:05:39 GMT-0500 (Colombia Standard Time),,sc_01KYNCV8FSSEG8B1MQC4QC6DA2,sc_01KYNF4WREP6XDE0A8VADDBEN8,variant_01KYQGVFS1EX7CHXFWRMYF6AWM,Default,rep-1208,,,,false,true,,,,,,,,,6,18700,0,,prod_01KYQGVDWTZF0HVRK9KDY5PEC5,Wed Jul 29 2026 13:05:41 GMT-0500 (Colombia Standard Time),Wed Jul 29 2026 13:05:41 GMT-0500 (Colombia Standard Time),,22000,opt_01KYQGVDWTEYC3V0AMDBSD4PR6,Default,Default
prod_01KYQGVHFY0WP37GQND5T7YJNZ,hugo-boss-rosca-replica-100-ml-2,HUGO BOSS ROSCA REPLICA 100 ML,,published,,Réplica preparada lista para usar (precio unitario).,false,true,,pcol_01KYNF54AK5FYBQ0HWG5TF7Y06,,,,,,,,,,Wed Jul 29 2026 13:05:43 GMT-0500 (Colombia Standard Time),Wed Jul 29 2026 13:05:43 GMT-0500 (Colombia Standard Time),,sc_01KYNCV8FSSEG8B1MQC4QC6DA2,sc_01KYNF4WREP6XDE0A8VADDBEN8,variant_01KYQGVKCGQWJ01TDMQAF5ZHWM,Default,rep-1281,,,,false,true,,,,,,,,,6,33600,0,,prod_01KYQGVHFY0WP37GQND5T7YJNZ,Wed Jul 29 2026 13:05:45 GMT-0500 (Colombia Standard Time),Wed Jul 29 2026 13:05:45 GMT-0500 (Colombia Standard Time),,39500,opt_01KYQGVHFZH2CB7DEYEND5ABKD,Default,Default
prod_01KYQGVHFY5VVF0RZQHBKTJ3T7,gucci-snake-agrafe-70-ml,GUCCI (SNAKE) AGRAFE 70 ML,,published,,Réplica preparada lista para usar (precio unitario).,false,true,,pcol_01KYNF54AK5FYBQ0HWG5TF7Y06,,,,,,,,,,Wed Jul 29 2026 13:05:43 GMT-0500 (Colombia Standard Time),Wed Jul 29 2026 13:05:43 GMT-0500 (Colombia Standard Time),,sc_01KYNCV8FSSEG8B1MQC4QC6DA2,sc_01KYNF4WREP6XDE0A8VADDBEN8,variant_01KYQGVKCGWC92PK20FQ7E8WX6,Default,rep-1233,,,,false,true,,,,,,,,,6,25100,0,,prod_01KYQGVHFY5VVF0RZQHBKTJ3T7,Wed Jul 29 2026 13:05:45 GMT-0500 (Colombia Standard Time),Wed Jul 29 2026 13:05:45 GMT-0500 (Colombia Standard Time),,29500,opt_01KYQGVHFZ7RTVN3FR7R4WVR01,Default,Default
prod_01KYQGVHFY9JBDSZPRWW200R8A,golden-rosca-lujo-90-ml,GOLDEN ROSCA LUJO 90 ML,,published,,Réplica preparada lista para usar (precio unitario).,false,true,,pcol_01KYNF54AK5FYBQ0HWG5TF7Y06,,,,,,,,,,Wed Jul 29 2026 13:05:43 GMT-0500 (Colombia Standard Time),Wed Jul 29 2026 13:05:43 GMT-0500 (Colombia Standard Time),,sc_01KYNCV8FSSEG8B1MQC4QC6DA2,sc_01KYNF4WREP6XDE0A8VADDBEN8,variant_01KYQGVKCFKRHX3S67DKX3MPT0,Default,rep-1260,,,,false,true,,,,,,,,,6,30200,0,,prod_01KYQGVHFY9JBDSZPRWW200R8A,Wed Jul 29 2026 13:05:45 GMT-0500 (Colombia Standard Time),Wed Jul 29 2026 13:05:45 GMT-0500 (Colombia Standard Time),,35500,opt_01KYQGVHFYZ2CBHSVJWBSWMRK6,Default,Default
prod_01KYQGVHFYCZTDTENF7JKA7Y0N,happy-rosca-replica-100-ml,HAPPY ROSCA REPLICA 100 ML,,published,,Réplica preparada lista para usar (precio unitario).,false,true,,pcol_01KYNF54AK5FYBQ0HWG5TF7Y06,,,,,,,,,,Wed Jul 29 2026 13:05:43 GMT-0500 (Colombia Standard Time),Wed Jul 29 2026 13:05:43 GMT-0500 (Colombia Standard Time),,sc_01KYNCV8FSSEG8B1MQC4QC6DA2,sc_01KYNF4WREP6XDE0A8VADDBEN8,variant_01KYQGVKCG24NJEBCGV2HHA6YV,Default,rep-1219,,,,false,true,,,,,,,,,6,34000,0,,prod_01KYQGVHFYCZTDTENF7JKA7Y0N,Wed Jul 29 2026 13:05:45 GMT-0500 (Colombia Standard Time),Wed Jul 29 2026 13:05:45 GMT-0500 (Colombia Standard Time),,40000,opt_01KYQGVHFZPBYYCCT1E9KXCA9V,Default,Default
prod_01KYQGVHFYH9SHPQME6JCY9V5Y,happy-rosca-replica-60-ml-2,HAPPY ROSCA REPLICA 60 ML,,published,,Réplica preparada lista para usar (precio unitario).,false,true,,pcol_01KYNF54AK5FYBQ0HWG5TF7Y06,,,,,,,,,,Wed Jul 29 2026 13:05:43 GMT-0500 (Colombia Standard Time),Wed Jul 29 2026 13:05:43 GMT-0500 (Colombia Standard Time),,sc_01KYNCV8FSSEG8B1MQC4QC6DA2,sc_01KYNF4WREP6XDE0A8VADDBEN8,variant_01KYQGVKCG07ER5GPMVZ90J96V,Default,rep-1218,,,,false,true,,,,,,,,,6,23000,0,,prod_01KYQGVHFYH9SHPQME6JCY9V5Y,Wed Jul 29 2026 13:05:45 GMT-0500 (Colombia Standard Time),Wed Jul 29 2026 13:05:45 GMT-0500 (Colombia Standard Time),,27000,opt_01KYQGVHFZJ66CCN516245NDK4,Default,Default
prod_01KYQGVHFYPBH81WV5NRSMJBAX,honor-glory-lataffa-agrafe-100-ml-aaa-2,HONOR & GLORY (LATAFFA) AGRAFE 100 ML AAA,,published,,Réplica preparada lista para usar (precio unitario).,false,true,,pcol_01KYNF54AK5FYBQ0HWG5TF7Y06,,,,,,,,,,Wed Jul 29 2026 13:05:43 GMT-0500 (Colombia Standard Time),Wed Jul 29 2026 13:05:43 GMT-0500 (Colombia Standard Time),,sc_01KYNCV8FSSEG8B1MQC4QC6DA2,sc_01KYNF4WREP6XDE0A8VADDBEN8,variant_01KYQGVKCGN65Y51ZQR3E32YM8,Default,rep-1394,,,,false,true,,,,,,,,,6,68000,0,,prod_01KYQGVHFYPBH81WV5NRSMJBAX,Wed Jul 29 2026 13:05:45 GMT-0500 (Colombia Standard Time),Wed Jul 29 2026 13:05:45 GMT-0500 (Colombia Standard Time),,80000,opt_01KYQGVHFZE407K4B3TRJRRT7Y,Default,Default
prod_01KYQGVHFYS7XYAY1DNVZ2TR9R,hugo-agrafe-replica-100-ml,HUGO AGRAFE REPLICA 100 ML,,published,,Réplica preparada lista para usar (precio unitario).,false,true,,pcol_01KYNF54AK5FYBQ0HWG5TF7Y06,,,,,,,,,,Wed Jul 29 2026 13:05:43 GMT-0500 (Colombia Standard Time),Wed Jul 29 2026 13:05:43 GMT-0500 (Colombia Standard Time),,sc_01KYNCV8FSSEG8B1MQC4QC6DA2,sc_01KYNF4WREP6XDE0A8VADDBEN8,variant_01KYQGVKCGC6NJ61F32K89S51S,Default,rep-1257,,,,false,true,,,,,,,,,6,33600,0,,prod_01KYQGVHFYS7XYAY1DNVZ2TR9R,Wed Jul 29 2026 13:05:45 GMT-0500 (Colombia Standard Time),Wed Jul 29 2026 13:05:45 GMT-0500 (Colombia Standard Time),,39500,opt_01KYQGVHFZEFEE38336GWB19BH,Default,Default
prod_01KYQGVHFYS90AW9A57SP7K3NK,hugo-boss-rosca-replica-60-ml-2,HUGO BOSS ROSCA REPLICA 60 ML,,published,,Réplica preparada lista para usar (precio unitario).,false,true,,pcol_01KYNF54AK5FYBQ0HWG5TF7Y06,,,,,,,,,,Wed Jul 29 2026 13:05:43 GMT-0500 (Colombia Standard Time),Wed Jul 29 2026 13:05:43 GMT-0500 (Colombia Standard Time),,sc_01KYNCV8FSSEG8B1MQC4QC6DA2,sc_01KYNF4WREP6XDE0A8VADDBEN8,variant_01KYQGVKCGK3K0WGP5KCVBGFE1,Default,rep-1273,,,,false,true,,,,,,,,,6,23000,0,,prod_01KYQGVHFYS90AW9A57SP7K3NK,Wed Jul 29 2026 13:05:45 GMT-0500 (Colombia Standard Time),Wed Jul 29 2026 13:05:45 GMT-0500 (Colombia Standard Time),,27000,opt_01KYQGVHFZXJH54M3DDHJF1T4Y,Default,Default
prod_01KYQGVHFYTVV3QPEE4155292B,guitarra-rosca-60-ml-2,GUITARRA ROSCA 60 ML,,published,,Réplica preparada lista para usar (precio unitario).,false,true,,pcol_01KYNF54AK5FYBQ0HWG5TF7Y06,,,,,,,,,,Wed Jul 29 2026 13:05:43 GMT-0500 (Colombia Standard Time),Wed Jul 29 2026 13:05:43 GMT-0500 (Colombia Standard Time),,sc_01KYNCV8FSSEG8B1MQC4QC6DA2,sc_01KYNF4WREP6XDE0A8VADDBEN8,variant_01KYQGVKCGSB7MXMCH7D2S4D4D,Default,rep-1282,,,,false,true,,,,,,,,,6,22500,0,,prod_01KYQGVHFYTVV3QPEE4155292B,Wed Jul 29 2026 13:05:45 GMT-0500 (Colombia Standard Time),Wed Jul 29 2026 13:05:45 GMT-0500 (Colombia Standard Time),,26500,opt_01KYQGVHFZAGB73QJ266DZ41G2,Default,Default
prod_01KYQGVHFYYGWENK81GTENJZRW,gucci-conquer-agrafe-80-ml,GUCCI (CONQUER) AGRAFE 80 ML,,published,,Réplica preparada lista para usar (precio unitario).,false,true,,pcol_01KYNF54AK5FYBQ0HWG5TF7Y06,,,,,,,,,,Wed Jul 29 2026 13:05:43 GMT-0500 (Colombia Standard Time),Wed Jul 29 2026 13:05:43 GMT-0500 (Colombia Standard Time),,sc_01KYNCV8FSSEG8B1MQC4QC6DA2,sc_01KYNF4WREP6XDE0A8VADDBEN8,variant_01KYQGVKCF33CQBJ2WF50MWGNE,Default,rep-1234,,,,false,true,,,,,,,,,6,27600,0,,prod_01KYQGVHFYYGWENK81GTENJZRW,Wed Jul 29 2026 13:05:45 GMT-0500 (Colombia Standard Time),Wed Jul 29 2026 13:05:45 GMT-0500 (Colombia Standard Time),,32500,opt_01KYQGVHFZPKSB0F8D2WJ2M9QD,Default,Default
prod_01KYQGVN320QATDVY9CNF5S14E,j-adore-rosca-replica-60-ml-2,J´ADORE ROSCA REPLICA 60 ML,,published,,Réplica preparada lista para usar (precio unitario).,false,true,,pcol_01KYNF54AK5FYBQ0HWG5TF7Y06,,,,,,,,,,Wed Jul 29 2026 13:05:46 GMT-0500 (Colombia Standard Time),Wed Jul 29 2026 13:05:46 GMT-0500 (Colombia Standard Time),,sc_01KYNCV8FSSEG8B1MQC4QC6DA2,sc_01KYNF4WREP6XDE0A8VADDBEN8,variant_01KYQGVPZX1NETYP74EDA2CB39,Default,rep-1223,,,,false,true,,,,,,,,,6,24700,0,,prod_01KYQGVN320QATDVY9CNF5S14E,Wed Jul 29 2026 13:05:48 GMT-0500 (Colombia Standard Time),Wed Jul 29 2026 13:05:48 GMT-0500 (Colombia Standard Time),,29000,opt_01KYQGVN33EET0VZJSE5VJRMXB,Default,Default
prod_01KYQGVN323KZ6M8SWVP50MMDX,issey-miyake-rosca-replica-120-ml-2,ISSEY MIYAKE ROSCA REPLICA 120 ML,,published,,Réplica preparada lista para usar (precio unitario).,false,true,,pcol_01KYNF54AK5FYBQ0HWG5TF7Y06,,,,,,,,,,Wed Jul 29 2026 13:05:46 GMT-0500 (Colombia Standard Time),Wed Jul 29 2026 13:05:46 GMT-0500 (Colombia Standard Time),,sc_01KYNCV8FSSEG8B1MQC4QC6DA2,sc_01KYNF4WREP6XDE0A8VADDBEN8,variant_01KYQGVPZW8Z0FXZJG2KT0GP4P,Default,rep-1369,,,,false,true,,,,,,,,,6,39100,0,,prod_01KYQGVN323KZ6M8SWVP50MMDX,Wed Jul 29 2026 13:05:48 GMT-0500 (Colombia Standard Time),Wed Jul 29 2026 13:05:48 GMT-0500 (Colombia Standard Time),,46000,opt_01KYQGVN33153P45T2ADH8P18N,Default,Default
prod_01KYQGVN325S4EMPNW6HRRX3NY,kalifa-rosca-lujo-45-ml-2,KALIFA ROSCA LUJO 45 ML,,published,,Réplica preparada lista para usar (precio unitario).,false,true,,pcol_01KYNF54AK5FYBQ0HWG5TF7Y06,,,,,,,,,,Wed Jul 29 2026 13:05:46 GMT-0500 (Colombia Standard Time),Wed Jul 29 2026 13:05:46 GMT-0500 (Colombia Standard Time),,sc_01KYNCV8FSSEG8B1MQC4QC6DA2,sc_01KYNF4WREP6XDE0A8VADDBEN8,variant_01KYQGVPZX938B00NEDS5GEW1G,Default,rep-1385,,,,false,true,,,,,,,,,6,21300,0,,prod_01KYQGVN325S4EMPNW6HRRX3NY,Wed Jul 29 2026 13:05:48 GMT-0500 (Colombia Standard Time),Wed Jul 29 2026 13:05:48 GMT-0500 (Colombia Standard Time),,25000,opt_01KYQGVN33JWG60TZCWBV5K7A1,Default,Default
prod_01KYQGVN326H9F72TWH188FGVJ,issey-miyake-rosca-replica-30-ml-2,ISSEY MIYAKE ROSCA REPLICA 30 ML,,published,,Réplica preparada lista para usar (precio unitario).,false,true,,pcol_01KYNF54AK5FYBQ0HWG5TF7Y06,,,,,,,,,,Wed Jul 29 2026 13:05:46 GMT-0500 (Colombia Standard Time),Wed Jul 29 2026 13:05:46 GMT-0500 (Colombia Standard Time),,sc_01KYNCV8FSSEG8B1MQC4QC6DA2,sc_01KYNF4WREP6XDE0A8VADDBEN8,variant_01KYQGVPZXV2D3MF20QXEGK8Q8,Default,rep-1374,,,,false,true,,,,,,,,,6,14900,0,,prod_01KYQGVN326H9F72TWH188FGVJ,Wed Jul 29 2026 13:05:48 GMT-0500 (Colombia Standard Time),Wed Jul 29 2026 13:05:48 GMT-0500 (Colombia Standard Time),,17500,opt_01KYQGVN335QM6SHE4H0Q0TT3S,Default,Default
prod_01KYQGVN3291QYJ3D0F4F9M8BA,jenifer-rosca-replica-50-ml-2,JENIFER ROSCA REPLICA 50 ML,,published,,Réplica preparada lista para usar (precio unitario).,false,true,,pcol_01KYNF54AK5FYBQ0HWG5TF7Y06,,,,,,,,,,Wed Jul 29 2026 13:05:46 GMT-0500 (Colombia Standard Time),Wed Jul 29 2026 13:05:46 GMT-0500 (Colombia Standard Time),,sc_01KYNCV8FSSEG8B1MQC4QC6DA2,sc_01KYNF4WREP6XDE0A8VADDBEN8,variant_01KYQGVPZXNK31BR3XZKQVEFP9,Default,rep-1297,,,,false,true,,,,,,,,,6,22100,0,,prod_01KYQGVN3291QYJ3D0F4F9M8BA,Wed Jul 29 2026 13:05:48 GMT-0500 (Colombia Standard Time),Wed Jul 29 2026 13:05:48 GMT-0500 (Colombia Standard Time),,26000,opt_01KYQGVN33M0WFCN1TD5G8VF3V,Default,Default
prod_01KYQGVN32EE3EMC1G6106TSZT,lacoste-color-rosca-lujo-30-ml,LACOSTE COLOR ROSCA LUJO 30 ML,,published,,Réplica preparada lista para usar (precio unitario).,false,true,,pcol_01KYNF54AK5FYBQ0HWG5TF7Y06,,,,,,,,,,Wed Jul 29 2026 13:05:46 GMT-0500 (Colombia Standard Time),Wed Jul 29 2026 13:05:46 GMT-0500 (Colombia Standard Time),,sc_01KYNCV8FSSEG8B1MQC4QC6DA2,sc_01KYNF4WREP6XDE0A8VADDBEN8,variant_01KYQGVPZX69ETTX3V6Y4TAQJX,Default,rep-1330,,,,false,true,,,,,,,,,6,15300,0,,prod_01KYQGVN32EE3EMC1G6106TSZT,Wed Jul 29 2026 13:05:48 GMT-0500 (Colombia Standard Time),Wed Jul 29 2026 13:05:48 GMT-0500 (Colombia Standard Time),,18000,opt_01KYQGVN3351A9YT1TS8JNR9AR,Default,Default
prod_01KYQGVN32HW95Y3RA9A56XJ2X,issey-miyake-rosca-replica-30-ml-3,ISSEY MIYAKE ROSCA REPLICA 30 ML,,published,,Réplica preparada lista para usar (precio unitario).,false,true,,pcol_01KYNF54AK5FYBQ0HWG5TF7Y06,,,,,,,,,,Wed Jul 29 2026 13:05:46 GMT-0500 (Colombia Standard Time),Wed Jul 29 2026 13:05:46 GMT-0500 (Colombia Standard Time),,sc_01KYNCV8FSSEG8B1MQC4QC6DA2,sc_01KYNF4WREP6XDE0A8VADDBEN8,variant_01KYQGVPZXMHC1AAQT78PM4FJK,Default,rep-1392,,,,false,true,,,,,,,,,6,14900,0,,prod_01KYQGVN32HW95Y3RA9A56XJ2X,Wed Jul 29 2026 13:05:48 GMT-0500 (Colombia Standard Time),Wed Jul 29 2026 13:05:48 GMT-0500 (Colombia Standard Time),,17500,opt_01KYQGVN33A79KCGSV5QY3SWW3,Default,Default
prod_01KYQGVN32VG29RDAMR59BEGFD,j-adore-rosca-replica-100-ml-2,J´ADORE ROSCA REPLICA 100 ML,,published,,Réplica preparada lista para usar (precio unitario).,false,true,,pcol_01KYNF54AK5FYBQ0HWG5TF7Y06,,,,,,,,,,Wed Jul 29 2026 13:05:46 GMT-0500 (Colombia Standard Time),Wed Jul 29 2026 13:05:46 GMT-0500 (Colombia Standard Time),,sc_01KYNCV8FSSEG8B1MQC4QC6DA2,sc_01KYNF4WREP6XDE0A8VADDBEN8,variant_01KYQGVPZXNAJB73NFKCDF5V2S,Default,rep-1224,,,,false,true,,,,,,,,,6,34400,0,,prod_01KYQGVN32VG29RDAMR59BEGFD,Wed Jul 29 2026 13:05:48 GMT-0500 (Colombia Standard Time),Wed Jul 29 2026 13:05:48 GMT-0500 (Colombia Standard Time),,40500,opt_01KYQGVN331EWZVRM1GBV275XE,Default,Default
prod_01KYQGVN338HE987373957YQES,lacoste-red-rosca-replica-100-ml-2,LACOSTE RED ROSCA REPLICA 100 ML,,published,,Réplica preparada lista para usar (precio unitario).,false,true,,pcol_01KYNF54AK5FYBQ0HWG5TF7Y06,,,,,,,,,,Wed Jul 29 2026 13:05:46 GMT-0500 (Colombia Standard Time),Wed Jul 29 2026 13:05:46 GMT-0500 (Colombia Standard Time),,sc_01KYNCV8FSSEG8B1MQC4QC6DA2,sc_01KYNF4WREP6XDE0A8VADDBEN8,variant_01KYQGVPZXBYSRPM8C7VA7R2KB,Default,rep-1274,,,,false,true,,,,,,,,,6,33600,0,,prod_01KYQGVN338HE987373957YQES,Wed Jul 29 2026 13:05:48 GMT-0500 (Colombia Standard Time),Wed Jul 29 2026 13:05:48 GMT-0500 (Colombia Standard Time),,39500,opt_01KYQGVN33YVNEK0PY9R1MMF1C,Default,Default
prod_01KYQGVN33CWAA61WXVJPFKD5Z,lacoste-color-rosca-lujo-50-ml,LACOSTE COLOR ROSCA LUJO 50 ML,,published,,Réplica preparada lista para usar (precio unitario).,false,true,,pcol_01KYNF54AK5FYBQ0HWG5TF7Y06,,,,,,,,,,Wed Jul 29 2026 13:05:46 GMT-0500 (Colombia Standard Time),Wed Jul 29 2026 13:05:46 GMT-0500 (Colombia Standard Time),,sc_01KYNCV8FSSEG8B1MQC4QC6DA2,sc_01KYNF4WREP6XDE0A8VADDBEN8,variant_01KYQGVPZX4WVE0HG0FKJ60KDN,Default,rep-1305,,,,false,true,,,,,,,,,6,22100,0,,prod_01KYQGVN33CWAA61WXVJPFKD5Z,Wed Jul 29 2026 13:05:48 GMT-0500 (Colombia Standard Time),Wed Jul 29 2026 13:05:48 GMT-0500 (Colombia Standard Time),,26000,opt_01KYQGVN33GWK94T1VSDKK59PR,Default,Default
prod_01KYQGVRPN4PCVBGD0WNNQDBMK,maletin-doble-perfumero-3-y-8-ml-2,MALETIN DOBLE PERFUMERO 3 Y 8 ML,,published,,Réplica preparada lista para usar (precio unitario).,false,true,,pcol_01KYNF54AK5FYBQ0HWG5TF7Y06,,,,,,,,,,Wed Jul 29 2026 13:05:50 GMT-0500 (Colombia Standard Time),Wed Jul 29 2026 13:05:50 GMT-0500 (Colombia Standard Time),,sc_01KYNCV8FSSEG8B1MQC4QC6DA2,sc_01KYNF4WREP6XDE0A8VADDBEN8,variant_01KYQGVTJKBZYVK5FY497RA6NY,Default,rep-1294,,,,false,true,,,,,,,,,6,7200,0,,prod_01KYQGVRPN4PCVBGD0WNNQDBMK,Wed Jul 29 2026 13:05:52 GMT-0500 (Colombia Standard Time),Wed Jul 29 2026 13:05:52 GMT-0500 (Colombia Standard Time),,8500,opt_01KYQGVRPPVVNK0P2AV448SZ1D,Default,Default
prod_01KYQGVRPNAWYY2MMKEHS0PNYH,legend-rosca-replica-100-ml-2,LEGEND ROSCA REPLICA 100 ML,,published,,Réplica preparada lista para usar (precio unitario).,false,true,,pcol_01KYNF54AK5FYBQ0HWG5TF7Y06,,,,,,,,,,Wed Jul 29 2026 13:05:50 GMT-0500 (Colombia Standard Time),Wed Jul 29 2026 13:05:50 GMT-0500 (Colombia Standard Time),,sc_01KYNCV8FSSEG8B1MQC4QC6DA2,sc_01KYNF4WREP6XDE0A8VADDBEN8,variant_01KYQGVTJKBQKM6NS5K5WRWGMM,Default,rep-1308,,,,false,true,,,,,,,,,6,35700,0,,prod_01KYQGVRPNAWYY2MMKEHS0PNYH,Wed Jul 29 2026 13:05:52 GMT-0500 (Colombia Standard Time),Wed Jul 29 2026 13:05:52 GMT-0500 (Colombia Standard Time),,42000,opt_01KYQGVRPP6MHKQY54MMJW7A0W,Default,Default
prod_01KYQGVRPNE9D35Q05HYWXPVK3,lacoste-rosca-replica-100-ml-2,LACOSTE ROSCA REPLICA 100 ML,,published,,Réplica preparada lista para usar (precio unitario).,false,true,,pcol_01KYNF54AK5FYBQ0HWG5TF7Y06,,,,,,,,,,Wed Jul 29 2026 13:05:50 GMT-0500 (Colombia Standard Time),Wed Jul 29 2026 13:05:50 GMT-0500 (Colombia Standard Time),,sc_01KYNCV8FSSEG8B1MQC4QC6DA2,sc_01KYNF4WREP6XDE0A8VADDBEN8,variant_01KYQGVTJKBB0XFQT947ZZFD8X,Default,rep-1279,,,,false,true,,,,,,,,,6,33600,0,,prod_01KYQGVRPNE9D35Q05HYWXPVK3,Wed Jul 29 2026 13:05:52 GMT-0500 (Colombia Standard Time),Wed Jul 29 2026 13:05:52 GMT-0500 (Colombia Standard Time),,39500,opt_01KYQGVRPP8NHW1T35WG1MVJT9,Default,Default
prod_01KYQGVRPNJ5P13AW5B8GQK9M9,lady-agrafe-lujo-100-ml,LADY AGRAFE LUJO 100 ML,,published,,Réplica preparada lista para usar (precio unitario).,false,true,,pcol_01KYNF54AK5FYBQ0HWG5TF7Y06,,,,,,,,,,Wed Jul 29 2026 13:05:50 GMT-0500 (Colombia Standard Time),Wed Jul 29 2026 13:05:50 GMT-0500 (Colombia Standard Time),,sc_01KYNCV8FSSEG8B1MQC4QC6DA2,sc_01KYNF4WREP6XDE0A8VADDBEN8,variant_01KYQGVTJKRXWG91M47GND4H7E,Default,rep-1284,,,,false,true,,,,,,,,,6,32300,0,,prod_01KYQGVRPNJ5P13AW5B8GQK9M9,Wed Jul 29 2026 13:05:52 GMT-0500 (Colombia Standard Time),Wed Jul 29 2026 13:05:52 GMT-0500 (Colombia Standard Time),,38000,opt_01KYQGVRPPVS7ANDTNN24P1C70,Default,Default
prod_01KYQGVRPNM1CE8PNYHWGT6ETJ,manzana-rosca-color-30-ml,MANZANA ROSCA COLOR 30 ML,,published,,Réplica preparada lista para usar (precio unitario).,false,true,,pcol_01KYNF54AK5FYBQ0HWG5TF7Y06,,,,,,,,,,Wed Jul 29 2026 13:05:50 GMT-0500 (Colombia Standard Time),Wed Jul 29 2026 13:05:50 GMT-0500 (Colombia Standard Time),,sc_01KYNCV8FSSEG8B1MQC4QC6DA2,sc_01KYNF4WREP6XDE0A8VADDBEN8,variant_01KYQGVTJKHQ3TQHRG69V499K0,Default,rep-1321,,,,false,true,,,,,,,,,6,14500,0,,prod_01KYQGVRPNM1CE8PNYHWGT6ETJ,Wed Jul 29 2026 13:05:52 GMT-0500 (Colombia Standard Time),Wed Jul 29 2026 13:05:52 GMT-0500 (Colombia Standard Time),,17000,opt_01KYQGVRPPBJG8Y06QRAQ0SVVF,Default,Default
prod_01KYQGVRPNR00ZY1VX8GZR9KPN,manzana-agrafe-lujo-100-ml-2,MANZANA AGRAFE LUJO 100 ML,,published,,Réplica preparada lista para usar (precio unitario).,false,true,,pcol_01KYNF54AK5FYBQ0HWG5TF7Y06,,,,,,,,,,Wed Jul 29 2026 13:05:50 GMT-0500 (Colombia Standard Time),Wed Jul 29 2026 13:05:50 GMT-0500 (Colombia Standard Time),,sc_01KYNCV8FSSEG8B1MQC4QC6DA2,sc_01KYNF4WREP6XDE0A8VADDBEN8,variant_01KYQGVTJKCVANP278805NCXYF,Default,rep-1232,,,,false,true,,,,,,,,,6,32700,0,,prod_01KYQGVRPNR00ZY1VX8GZR9KPN,Wed Jul 29 2026 13:05:52 GMT-0500 (Colombia Standard Time),Wed Jul 29 2026 13:05:52 GMT-0500 (Colombia Standard Time),,38500,opt_01KYQGVRPPJ0H306KQEEX9NKTD,Default,Default
prod_01KYQGVRPNR0VSKD0TF77BCQ59,light-blue-m-rosca-replica-100-ml,LIGHT BLUE M ROSCA REPLICA 100 ML,,published,,Réplica preparada lista para usar (precio unitario).,false,true,,pcol_01KYNF54AK5FYBQ0HWG5TF7Y06,,,,,,,,,,Wed Jul 29 2026 13:05:50 GMT-0500 (Colombia Standard Time),Wed Jul 29 2026 13:05:50 GMT-0500 (Colombia Standard Time),,sc_01KYNCV8FSSEG8B1MQC4QC6DA2,sc_01KYNF4WREP6XDE0A8VADDBEN8,variant_01KYQGVTJK2E9B6PCND5A8PMH8,Default,rep-1256,,,,false,true,,,,,,,,,6,33600,0,,prod_01KYQGVRPNR0VSKD0TF77BCQ59,Wed Jul 29 2026 13:05:52 GMT-0500 (Colombia Standard Time),Wed Jul 29 2026 13:05:52 GMT-0500 (Colombia Standard Time),,39500,opt_01KYQGVRPPSJ859TQ3YFGN5XYZ,Default,Default
prod_01KYQGVRPNVVVC4YZGKHVQDZPB,martillado-rosca-generico-80-ml,MARTILLADO ROSCA GENERICO 80 ML,,published,,Réplica preparada lista para usar (precio unitario).,false,true,,pcol_01KYNF54AK5FYBQ0HWG5TF7Y06,,,,,,,,,,Wed Jul 29 2026 13:05:50 GMT-0500 (Colombia Standard Time),Wed Jul 29 2026 13:05:50 GMT-0500 (Colombia Standard Time),,sc_01KYNCV8FSSEG8B1MQC4QC6DA2,sc_01KYNF4WREP6XDE0A8VADDBEN8,variant_01KYQGVTJMW7B6WR0X44QN7725,Default,rep-1244,,,,false,true,,,,,,,,,6,27200,0,,prod_01KYQGVRPNVVVC4YZGKHVQDZPB,Wed Jul 29 2026 13:05:52 GMT-0500 (Colombia Standard Time),Wed Jul 29 2026 13:05:52 GMT-0500 (Colombia Standard Time),,32000,opt_01KYQGVRPPW0AXK4KPDS0RFG36,Default,Default
prod_01KYQGVRPNX0Y6K5MFHVXEKC18,licor-rosca-lujo-100-ml,LICOR ROSCA LUJO 100 ML,,published,,Réplica preparada lista para usar (precio unitario).,false,true,,pcol_01KYNF54AK5FYBQ0HWG5TF7Y06,,,,,,,,,,Wed Jul 29 2026 13:05:50 GMT-0500 (Colombia Standard Time),Wed Jul 29 2026 13:05:50 GMT-0500 (Colombia Standard Time),,sc_01KYNCV8FSSEG8B1MQC4QC6DA2,sc_01KYNF4WREP6XDE0A8VADDBEN8,variant_01KYQGVTJKG4EJKVYZ3W9VRKG2,Default,rep-1365,,,,false,true,,,,,,,,,6,33200,0,,prod_01KYQGVRPNX0Y6K5MFHVXEKC18,Wed Jul 29 2026 13:05:52 GMT-0500 (Colombia Standard Time),Wed Jul 29 2026 13:05:52 GMT-0500 (Colombia Standard Time),,39000,opt_01KYQGVRPPMW5NYGRKBV4QDERY,Default,Default
prod_01KYQGVRPPXQA7684YTGG6REYP,moon-rosca-jujo-60-ml-2,MOON ROSCA JUJO 60 ML,,published,,Réplica preparada lista para usar (precio unitario).,false,true,,pcol_01KYNF54AK5FYBQ0HWG5TF7Y06,,,,,,,,,,Wed Jul 29 2026 13:05:50 GMT-0500 (Colombia Standard Time),Wed Jul 29 2026 13:05:50 GMT-0500 (Colombia Standard Time),,sc_01KYNCV8FSSEG8B1MQC4QC6DA2,sc_01KYNF4WREP6XDE0A8VADDBEN8,variant_01KYQGVTJM8QVKMJHWY5YKWG2G,Default,rep-1216,,,,false,true,,,,,,,,,6,22500,0,,prod_01KYQGVRPPXQA7684YTGG6REYP,Wed Jul 29 2026 13:05:52 GMT-0500 (Colombia Standard Time),Wed Jul 29 2026 13:05:52 GMT-0500 (Colombia Standard Time),,26500,opt_01KYQGVRPPZ2T30Y15XF7E9TWS,Default,Default
prod_01KYQGVW8Y05RX3WMAV7V6ETNJ,olympea-rosca-replica-100-ml-2,OLYMPEA ROSCA REPLICA 100 ML,,published,,Réplica preparada lista para usar (precio unitario).,false,true,,pcol_01KYNF54AK5FYBQ0HWG5TF7Y06,,,,,,,,,,Wed Jul 29 2026 13:05:54 GMT-0500 (Colombia Standard Time),Wed Jul 29 2026 13:05:54 GMT-0500 (Colombia Standard Time),,sc_01KYNCV8FSSEG8B1MQC4QC6DA2,sc_01KYNF4WREP6XDE0A8VADDBEN8,variant_01KYQGVY4Z52X3YY914TCPVY1R,Default,rep-1235,,,,false,true,,,,,,,,,6,34000,0,,prod_01KYQGVW8Y05RX3WMAV7V6ETNJ,Wed Jul 29 2026 13:05:56 GMT-0500 (Colombia Standard Time),Wed Jul 29 2026 13:05:56 GMT-0500 (Colombia Standard Time),,40000,opt_01KYQGVW8YJBZCTRZMZE2KDEV3,Default,Default
prod_01KYQGVW8Y2VBE6BKGRZ8KFR41,only-the-brave-rosca-replica-50-ml-2,ONLY THE BRAVE ROSCA REPLICA 50 ML,,published,,Réplica preparada lista para usar (precio unitario).,false,true,,pcol_01KYNF54AK5FYBQ0HWG5TF7Y06,,,,,,,,,,Wed Jul 29 2026 13:05:54 GMT-0500 (Colombia Standard Time),Wed Jul 29 2026 13:05:54 GMT-0500 (Colombia Standard Time),,sc_01KYNCV8FSSEG8B1MQC4QC6DA2,sc_01KYNF4WREP6XDE0A8VADDBEN8,variant_01KYQGVY4ZRCVDY2J9JHPTESC0,Default,rep-1316,,,,false,true,,,,,,,,,6,22100,0,,prod_01KYQGVW8Y2VBE6BKGRZ8KFR41,Wed Jul 29 2026 13:05:56 GMT-0500 (Colombia Standard Time),Wed Jul 29 2026 13:05:56 GMT-0500 (Colombia Standard Time),,26000,opt_01KYQGVW8YZ9814QXV10217PZ9,Default,Default
prod_01KYQGVW8Y4SEEXB7H3Q276K30,murano-rosca-lujo-100-ml-2,MURANO ROSCA LUJO 100 ML,,published,,Réplica preparada lista para usar (precio unitario).,false,true,,pcol_01KYNF54AK5FYBQ0HWG5TF7Y06,,,,,,,,,,Wed Jul 29 2026 13:05:54 GMT-0500 (Colombia Standard Time),Wed Jul 29 2026 13:05:54 GMT-0500 (Colombia Standard Time),,sc_01KYNCV8FSSEG8B1MQC4QC6DA2,sc_01KYNF4WREP6XDE0A8VADDBEN8,variant_01KYQGVY4ZS2HTN583E92Y2J7C,Default,rep-1354,,,,false,true,,,,,,,,,6,33200,0,,prod_01KYQGVW8Y4SEEXB7H3Q276K30,Wed Jul 29 2026 13:05:56 GMT-0500 (Colombia Standard Time),Wed Jul 29 2026 13:05:56 GMT-0500 (Colombia Standard Time),,39000,opt_01KYQGVW8YJ3BXA4C3VJVJM0TD,Default,Default
prod_01KYQGVW8Y9D8YGNK54ECB9YRK,osito-rosca-plastico-65-ml-2,OSITO ROSCA PLASTICO 65 ML,,published,,Réplica preparada lista para usar (precio unitario).,false,true,,pcol_01KYNF54AK5FYBQ0HWG5TF7Y06,,,,,,,,,,Wed Jul 29 2026 13:05:54 GMT-0500 (Colombia Standard Time),Wed Jul 29 2026 13:05:54 GMT-0500 (Colombia Standard Time),,sc_01KYNCV8FSSEG8B1MQC4QC6DA2,sc_01KYNF4WREP6XDE0A8VADDBEN8,variant_01KYQGVY50AARC42GDARYN1C8Q,Default,rep-1382,,,,false,true,,,,,,,,,6,22500,0,,prod_01KYQGVW8Y9D8YGNK54ECB9YRK,Wed Jul 29 2026 13:05:56 GMT-0500 (Colombia Standard Time),Wed Jul 29 2026 13:05:56 GMT-0500 (Colombia Standard Time),,26500,opt_01KYQGVW8YJ7SMSV3PY12PG0N1,Default,Default
prod_01KYQGVW8YAFQE38PVRWHHSZFZ,oso-moshino-rosca-replica-50-ml-2,OSO (MOSHINO) ROSCA REPLICA 50 ML,,published,,Réplica preparada lista para usar (precio unitario).,false,true,,pcol_01KYNF54AK5FYBQ0HWG5TF7Y06,,,,,,,,,,Wed Jul 29 2026 13:05:54 GMT-0500 (Colombia Standard Time),Wed Jul 29 2026 13:05:54 GMT-0500 (Colombia Standard Time),,sc_01KYNCV8FSSEG8B1MQC4QC6DA2,sc_01KYNF4WREP6XDE0A8VADDBEN8,variant_01KYQGVY50XCP9J5P29TH8MQGH,Default,rep-1310,,,,false,true,,,,,,,,,6,25500,0,,prod_01KYQGVW8YAFQE38PVRWHHSZFZ,Wed Jul 29 2026 13:05:56 GMT-0500 (Colombia Standard Time),Wed Jul 29 2026 13:05:56 GMT-0500 (Colombia Standard Time),,30000,opt_01KYQGVW8YND2WX4S91MW18TWK,Default,Default
prod_01KYQGVW8YCYAP2RM2HKTHRF7W,olympea-rosca-replica-50-ml-2,OLYMPEA ROSCA REPLICA 50 ML,,published,,Réplica preparada lista para usar (precio unitario).,false,true,,pcol_01KYNF54AK5FYBQ0HWG5TF7Y06,,,,,,,,,,Wed Jul 29 2026 13:05:54 GMT-0500 (Colombia Standard Time),Wed Jul 29 2026 13:05:54 GMT-0500 (Colombia Standard Time),,sc_01KYNCV8FSSEG8B1MQC4QC6DA2,sc_01KYNF4WREP6XDE0A8VADDBEN8,variant_01KYQGVY4ZVNTHV5XXKC7M8JZX,Default,rep-1324,,,,false,true,,,,,,,,,6,22500,0,,prod_01KYQGVW8YCYAP2RM2HKTHRF7W,Wed Jul 29 2026 13:05:56 GMT-0500 (Colombia Standard Time),Wed Jul 29 2026 13:05:56 GMT-0500 (Colombia Standard Time),,26500,opt_01KYQGVW8YZHAGBS16KQSKV42B,Default,Default
prod_01KYQGVW8YG1GTQWKC7WS75ECX,oso-moshino-rosca-replica-30-ml-2,OSO (MOSHINO) ROSCA REPLICA 30 ML,,published,,Réplica preparada lista para usar (precio unitario).,false,true,,pcol_01KYNF54AK5FYBQ0HWG5TF7Y06,,,,,,,,,,Wed Jul 29 2026 13:05:54 GMT-0500 (Colombia Standard Time),Wed Jul 29 2026 13:05:54 GMT-0500 (Colombia Standard Time),,sc_01KYNCV8FSSEG8B1MQC4QC6DA2,sc_01KYNF4WREP6XDE0A8VADDBEN8,variant_01KYQGVY50H0X8NWN1YRFTWJN7,Default,rep-1387,,,,false,true,,,,,,,,,6,18300,0,,prod_01KYQGVW8YG1GTQWKC7WS75ECX,Wed Jul 29 2026 13:05:56 GMT-0500 (Colombia Standard Time),Wed Jul 29 2026 13:05:56 GMT-0500 (Colombia Standard Time),,21500,opt_01KYQGVW8Y3BKQT61SPCVV78XJ,Default,Default
prod_01KYQGVW8YKSBM5WJQ6DJ67J7C,only-the-brave-rosca-replica-80-ml-2,ONLY THE BRAVE ROSCA REPLICA 80 ML,,published,,Réplica preparada lista para usar (precio unitario).,false,true,,pcol_01KYNF54AK5FYBQ0HWG5TF7Y06,,,,,,,,,,Wed Jul 29 2026 13:05:54 GMT-0500 (Colombia Standard Time),Wed Jul 29 2026 13:05:54 GMT-0500 (Colombia Standard Time),,sc_01KYNCV8FSSEG8B1MQC4QC6DA2,sc_01KYNF4WREP6XDE0A8VADDBEN8,variant_01KYQGVY4ZDMN7R8EE99H8MKPY,Default,rep-1285,,,,false,true,,,,,,,,,6,28900,0,,prod_01KYQGVW8YKSBM5WJQ6DJ67J7C,Wed Jul 29 2026 13:05:56 GMT-0500 (Colombia Standard Time),Wed Jul 29 2026 13:05:56 GMT-0500 (Colombia Standard Time),,34000,opt_01KYQGVW8YRG6KCYR7GSJ4R6H8,Default,Default
prod_01KYQGVW8YQ285Z8B0NT0AC4EE,new-york-rosca-55-ml-2,NEW YORK ROSCA 55 ML,,published,,Réplica preparada lista para usar (precio unitario).,false,true,,pcol_01KYNF54AK5FYBQ0HWG5TF7Y06,,,,,,,,,,Wed Jul 29 2026 13:05:54 GMT-0500 (Colombia Standard Time),Wed Jul 29 2026 13:05:54 GMT-0500 (Colombia Standard Time),,sc_01KYNCV8FSSEG8B1MQC4QC6DA2,sc_01KYNF4WREP6XDE0A8VADDBEN8,variant_01KYQGVY4ZPN9J3QNRHZ713BHN,Default,rep-1379,,,,false,true,,,,,,,,,6,22100,0,,prod_01KYQGVW8YQ285Z8B0NT0AC4EE,Wed Jul 29 2026 13:05:56 GMT-0500 (Colombia Standard Time),Wed Jul 29 2026 13:05:56 GMT-0500 (Colombia Standard Time),,26000,opt_01KYQGVW8YM87KJS309Z6DMWTQ,Default,Default
prod_01KYQGVW8YQVB7QP38NDV84EF5,omnia-rosca-replica-65-ml-2,OMNIA ROSCA REPLICA 65 ML,,published,,Réplica preparada lista para usar (precio unitario).,false,true,,pcol_01KYNF54AK5FYBQ0HWG5TF7Y06,,,,,,,,,,Wed Jul 29 2026 13:05:54 GMT-0500 (Colombia Standard Time),Wed Jul 29 2026 13:05:54 GMT-0500 (Colombia Standard Time),,sc_01KYNCV8FSSEG8B1MQC4QC6DA2,sc_01KYNF4WREP6XDE0A8VADDBEN8,variant_01KYQGVY4ZZS1QD2RFYYPCJDJ4,Default,rep-1336,,,,false,true,,,,,,,,,6,28100,0,,prod_01KYQGVW8YQVB7QP38NDV84EF5,Wed Jul 29 2026 13:05:56 GMT-0500 (Colombia Standard Time),Wed Jul 29 2026 13:05:56 GMT-0500 (Colombia Standard Time),,33000,opt_01KYQGVW8YX51W6WEMPCZFDBZ2,Default,Default
prod_01KYQGVZVKHHG0GFK9HZRPC9XJ,oval-rosca-color-100-ml,OVAL ROSCA COLOR 100 ML,,published,,Réplica preparada lista para usar (precio unitario).,false,true,,pcol_01KYNF54AK5FYBQ0HWG5TF7Y06,,,,,,,,,,Wed Jul 29 2026 13:05:58 GMT-0500 (Colombia Standard Time),Wed Jul 29 2026 13:05:58 GMT-0500 (Colombia Standard Time),,sc_01KYNCV8FSSEG8B1MQC4QC6DA2,sc_01KYNF4WREP6XDE0A8VADDBEN8,variant_01KYQGW1QQXCQD5GEHWPPJ0S4D,Default,rep-1276,,,,false,true,,,,,,,,,6,32300,0,,prod_01KYQGVZVKHHG0GFK9HZRPC9XJ,Wed Jul 29 2026 13:05:59 GMT-0500 (Colombia Standard Time),Wed Jul 29 2026 13:05:59 GMT-0500 (Colombia Standard Time),,38000,opt_01KYQGVZVMATPJ2DN0JZ7J3G3Q,Default,Default
prod_01KYQGVZVM22AJ3432M8SCWCSK,perfumero-esfero-lujo-3-ml-2,PERFUMERO ESFERO LUJO 3 ML,,published,,Réplica preparada lista para usar (precio unitario).,false,true,,pcol_01KYNF54AK5FYBQ0HWG5TF7Y06,,,,,,,,,,Wed Jul 29 2026 13:05:58 GMT-0500 (Colombia Standard Time),Wed Jul 29 2026 13:05:58 GMT-0500 (Colombia Standard Time),,sc_01KYNCV8FSSEG8B1MQC4QC6DA2,sc_01KYNF4WREP6XDE0A8VADDBEN8,variant_01KYQGW1QR0NGHK62CMJP1Y7D6,Default,rep-1289,,,,false,true,,,,,,,,,6,3700,0,,prod_01KYQGVZVM22AJ3432M8SCWCSK,Wed Jul 29 2026 13:05:59 GMT-0500 (Colombia Standard Time),Wed Jul 29 2026 13:05:59 GMT-0500 (Colombia Standard Time),,4300,opt_01KYQGVZVMZBCD8PWBDXWSAZX2,Default,Default
prod_01KYQGVZVM2DGTWNVGQ2W4AT9K,perfumero-esfero-plastico-10-ml-2,PERFUMERO ESFERO PLASTICO 10 ML,,published,,Réplica preparada lista para usar (precio unitario).,false,true,,pcol_01KYNF54AK5FYBQ0HWG5TF7Y06,,,,,,,,,,Wed Jul 29 2026 13:05:58 GMT-0500 (Colombia Standard Time),Wed Jul 29 2026 13:05:58 GMT-0500 (Colombia Standard Time),,sc_01KYNCV8FSSEG8B1MQC4QC6DA2,sc_01KYNF4WREP6XDE0A8VADDBEN8,variant_01KYQGW1QR8RS27Q71SVQNVY3P,Default,rep-1291,,,,false,true,,,,,,,,,6,5600,0,,prod_01KYQGVZVM2DGTWNVGQ2W4AT9K,Wed Jul 29 2026 13:05:59 GMT-0500 (Colombia Standard Time),Wed Jul 29 2026 13:05:59 GMT-0500 (Colombia Standard Time),,6600,opt_01KYQGVZVM5HY4XFSPB36B7RAS,Default,Default
prod_01KYQGVZVM4F7W3Y4KCQ6VZ1RG,plastico-generico-25-ml-2,PLASTICO GENERICO 25 ML,,published,,Réplica preparada lista para usar (precio unitario).,false,true,,pcol_01KYNF54AK5FYBQ0HWG5TF7Y06,,,,,,,,,,Wed Jul 29 2026 13:05:58 GMT-0500 (Colombia Standard Time),Wed Jul 29 2026 13:05:58 GMT-0500 (Colombia Standard Time),,sc_01KYNCV8FSSEG8B1MQC4QC6DA2,sc_01KYNF4WREP6XDE0A8VADDBEN8,variant_01KYQGW1QRGWMCZCQEB7510HYQ,Default,rep-1292,,,,false,true,,,,,,,,,6,10600,0,,prod_01KYQGVZVM4F7W3Y4KCQ6VZ1RG,Wed Jul 29 2026 13:05:59 GMT-0500 (Colombia Standard Time),Wed Jul 29 2026 13:05:59 GMT-0500 (Colombia Standard Time),,12500,opt_01KYQGVZVME7G3FYZXMZET40QS,Default,Default
prod_01KYQGVZVMEY2FXW3PS6B4JDZD,perfumero-plastico-8-ml-2,PERFUMERO PLASTICO 8 ML,,published,,Réplica preparada lista para usar (precio unitario).,false,true,,pcol_01KYNF54AK5FYBQ0HWG5TF7Y06,,,,,,,,,,Wed Jul 29 2026 13:05:58 GMT-0500 (Colombia Standard Time),Wed Jul 29 2026 13:05:58 GMT-0500 (Colombia Standard Time),,sc_01KYNCV8FSSEG8B1MQC4QC6DA2,sc_01KYNF4WREP6XDE0A8VADDBEN8,variant_01KYQGW1QR02CTYHMA7KFTQDMD,Default,rep-1202,,,,false,true,,,,,,,,,6,4900,0,,prod_01KYQGVZVMEY2FXW3PS6B4JDZD,Wed Jul 29 2026 13:05:59 GMT-0500 (Colombia Standard Time),Wed Jul 29 2026 13:05:59 GMT-0500 (Colombia Standard Time),,5800,opt_01KYQGVZVM7TWKBFW3152Z292Y,Default,Default
prod_01KYQGVZVMJATV7RCAGQECQSSY,perfumero-esfero-plastico-8-ml-2,PERFUMERO ESFERO PLASTICO 8 ML,,published,,Réplica preparada lista para usar (precio unitario).,false,true,,pcol_01KYNF54AK5FYBQ0HWG5TF7Y06,,,,,,,,,,Wed Jul 29 2026 13:05:58 GMT-0500 (Colombia Standard Time),Wed Jul 29 2026 13:05:58 GMT-0500 (Colombia Standard Time),,sc_01KYNCV8FSSEG8B1MQC4QC6DA2,sc_01KYNF4WREP6XDE0A8VADDBEN8,variant_01KYQGW1QRPQWJ6Y3T6EEWDF7Z,Default,rep-1290,,,,false,true,,,,,,,,,6,4900,0,,prod_01KYQGVZVMJATV7RCAGQECQSSY,Wed Jul 29 2026 13:05:59 GMT-0500 (Colombia Standard Time),Wed Jul 29 2026 13:05:59 GMT-0500 (Colombia Standard Time),,5800,opt_01KYQGVZVMPV93RR2DTS1WZQN2,Default,Default
prod_01KYQGVZVMNGG5JWDVD1A05BD5,perfumero-esfero-plastico-6-ml-2,PERFUMERO ESFERO PLASTICO 6 ML,,published,,Réplica preparada lista para usar (precio unitario).,false,true,,pcol_01KYNF54AK5FYBQ0HWG5TF7Y06,,,,,,,,,,Wed Jul 29 2026 13:05:58 GMT-0500 (Colombia Standard Time),Wed Jul 29 2026 13:05:58 GMT-0500 (Colombia Standard Time),,sc_01KYNCV8FSSEG8B1MQC4QC6DA2,sc_01KYNF4WREP6XDE0A8VADDBEN8,variant_01KYQGW1QRT5A1F0J8Y5EC5Z4V,Default,rep-1204,,,,false,true,,,,,,,,,6,4000,0,,prod_01KYQGVZVMNGG5JWDVD1A05BD5,Wed Jul 29 2026 13:05:59 GMT-0500 (Colombia Standard Time),Wed Jul 29 2026 13:05:59 GMT-0500 (Colombia Standard Time),,4700,opt_01KYQGVZVM1XH1M75026M23JVZ,Default,Default
prod_01KYQGVZVMNGJA6PVXJZHSETHX,paris-agrafe-replica-100-ml,PARIS AGRAFE REPLICA 100 ML,,published,,Réplica preparada lista para usar (precio unitario).,false,true,,pcol_01KYNF54AK5FYBQ0HWG5TF7Y06,,,,,,,,,,Wed Jul 29 2026 13:05:58 GMT-0500 (Colombia Standard Time),Wed Jul 29 2026 13:05:58 GMT-0500 (Colombia Standard Time),,sc_01KYNCV8FSSEG8B1MQC4QC6DA2,sc_01KYNF4WREP6XDE0A8VADDBEN8,variant_01KYQGW1QQZC1EJVG5K015YKYT,Default,rep-1339,,,,false,true,,,,,,,,,6,36600,0,,prod_01KYQGVZVMNGJA6PVXJZHSETHX,Wed Jul 29 2026 13:05:59 GMT-0500 (Colombia Standard Time),Wed Jul 29 2026 13:05:59 GMT-0500 (Colombia Standard Time),,43000,opt_01KYQGVZVMTE3Y4CKMBXRCMS4S,Default,Default
prod_01KYQGVZVMSKKKK6YW6JQQ8XGA,perfumero-plastico-3-ml-2,PERFUMERO PLASTICO 3 ML,,published,,Réplica preparada lista para usar (precio unitario).,false,true,,pcol_01KYNF54AK5FYBQ0HWG5TF7Y06,,,,,,,,,,Wed Jul 29 2026 13:05:58 GMT-0500 (Colombia Standard Time),Wed Jul 29 2026 13:05:58 GMT-0500 (Colombia Standard Time),,sc_01KYNCV8FSSEG8B1MQC4QC6DA2,sc_01KYNF4WREP6XDE0A8VADDBEN8,variant_01KYQGW1QRZEKE6E2G0R8NJ4Y1,Default,rep-1201,,,,false,true,,,,,,,,,6,2600,0,,prod_01KYQGVZVMSKKKK6YW6JQQ8XGA,Wed Jul 29 2026 13:05:59 GMT-0500 (Colombia Standard Time),Wed Jul 29 2026 13:05:59 GMT-0500 (Colombia Standard Time),,3000,opt_01KYQGVZVMXR50P8HJN9BHS3MR,Default,Default
prod_01KYQGVZVMWXS9K8MAVD9FYHWG,oval-rosca-lujo-45-ml,OVAL ROSCA LUJO 45 ML,,published,,Réplica preparada lista para usar (precio unitario).,false,true,,pcol_01KYNF54AK5FYBQ0HWG5TF7Y06,,,,,,,,,,Wed Jul 29 2026 13:05:58 GMT-0500 (Colombia Standard Time),Wed Jul 29 2026 13:05:58 GMT-0500 (Colombia Standard Time),,sc_01KYNCV8FSSEG8B1MQC4QC6DA2,sc_01KYNF4WREP6XDE0A8VADDBEN8,variant_01KYQGW1QQC7YA67FG74QBQV0M,Default,rep-1362,,,,false,true,,,,,,,,,6,19600,0,,prod_01KYQGVZVMWXS9K8MAVD9FYHWG,Wed Jul 29 2026 13:05:59 GMT-0500 (Colombia Standard Time),Wed Jul 29 2026 13:05:59 GMT-0500 (Colombia Standard Time),,23000,opt_01KYQGVZVMYA3AFYKRVR3Z0QEE,Default,Default
prod_01KYQGW3E926K2D4P5CFHTKTAJ,robot-phantom-agrafe-replica-100-ml-2,ROBOT (PHANTOM) AGRAFE REPLICA 100 ML,,published,,Réplica preparada lista para usar (precio unitario).,false,true,,pcol_01KYNF54AK5FYBQ0HWG5TF7Y06,,,,,,,,,,Wed Jul 29 2026 13:06:01 GMT-0500 (Colombia Standard Time),Wed Jul 29 2026 13:06:01 GMT-0500 (Colombia Standard Time),,sc_01KYNCV8FSSEG8B1MQC4QC6DA2,sc_01KYNF4WREP6XDE0A8VADDBEN8,variant_01KYQGW5A93J9ZNRRYCMJTCQKZ,Default,rep-1390,,,,false,true,,,,,,,,,6,39100,0,,prod_01KYQGW3E926K2D4P5CFHTKTAJ,Wed Jul 29 2026 13:06:03 GMT-0500 (Colombia Standard Time),Wed Jul 29 2026 13:06:03 GMT-0500 (Colombia Standard Time),,46000,opt_01KYQGW3EABZMTRNX7NN4QADYG,Default,Default
prod_01KYQGW3E942KE5WZQ576FV3F6,polo-rosca-replica-55-ml-2,POLO ROSCA REPLICA 55 ML,,published,,Réplica preparada lista para usar (precio unitario).,false,true,,pcol_01KYNF54AK5FYBQ0HWG5TF7Y06,,,,,,,,,,Wed Jul 29 2026 13:06:01 GMT-0500 (Colombia Standard Time),Wed Jul 29 2026 13:06:01 GMT-0500 (Colombia Standard Time),,sc_01KYNCV8FSSEG8B1MQC4QC6DA2,sc_01KYNF4WREP6XDE0A8VADDBEN8,variant_01KYQGW5A8RDFFCMPXDP2CD371,Default,rep-1380,,,,false,true,,,,,,,,,6,23400,0,,prod_01KYQGW3E942KE5WZQ576FV3F6,Wed Jul 29 2026 13:06:03 GMT-0500 (Colombia Standard Time),Wed Jul 29 2026 13:06:03 GMT-0500 (Colombia Standard Time),,27500,opt_01KYQGW3EA523DNCEXSNN3XH4W,Default,Default
prod_01KYQGW3E94B2CWMW499AN9YWP,pure-xs-f-rosca-replica-80-ml-2,PURE XS F ROSCA REPLICA 80 ML,,published,,Réplica preparada lista para usar (precio unitario).,false,true,,pcol_01KYNF54AK5FYBQ0HWG5TF7Y06,,,,,,,,,,Wed Jul 29 2026 13:06:01 GMT-0500 (Colombia Standard Time),Wed Jul 29 2026 13:06:01 GMT-0500 (Colombia Standard Time),,sc_01KYNCV8FSSEG8B1MQC4QC6DA2,sc_01KYNF4WREP6XDE0A8VADDBEN8,variant_01KYQGW5A8ZYJP9SDKD5WMRZC9,Default,rep-1327,,,,false,true,,,,,,,,,6,32300,0,,prod_01KYQGW3E94B2CWMW499AN9YWP,Wed Jul 29 2026 13:06:03 GMT-0500 (Colombia Standard Time),Wed Jul 29 2026 13:06:03 GMT-0500 (Colombia Standard Time),,38000,opt_01KYQGW3EAAPM67CEJA8X2R16B,Default,Default
prod_01KYQGW3E96QW2X16Y4HT8N65F,polo-rosca-replica-100-ml-2,POLO ROSCA REPLICA 100 ML,,published,,Réplica preparada lista para usar (precio unitario).,false,true,,pcol_01KYNF54AK5FYBQ0HWG5TF7Y06,,,,,,,,,,Wed Jul 29 2026 13:06:01 GMT-0500 (Colombia Standard Time),Wed Jul 29 2026 13:06:01 GMT-0500 (Colombia Standard Time),,sc_01KYNCV8FSSEG8B1MQC4QC6DA2,sc_01KYNF4WREP6XDE0A8VADDBEN8,variant_01KYQGW5A8QPT5ACXZSPX9YRK8,Default,rep-1268,,,,false,true,,,,,,,,,6,34000,0,,prod_01KYQGW3E96QW2X16Y4HT8N65F,Wed Jul 29 2026 13:06:03 GMT-0500 (Colombia Standard Time),Wed Jul 29 2026 13:06:03 GMT-0500 (Colombia Standard Time),,40000,opt_01KYQGW3E9XMC7VNCV19TX3JM1,Default,Default
prod_01KYQGW3E99E064A39PKJR36T4,robot-phantom-rosca-replica-30-ml-2,ROBOT (PHANTOM) ROSCA REPLICA 30 ML,,published,,Réplica preparada lista para usar (precio unitario).,false,true,,pcol_01KYNF54AK5FYBQ0HWG5TF7Y06,,,,,,,,,,Wed Jul 29 2026 13:06:01 GMT-0500 (Colombia Standard Time),Wed Jul 29 2026 13:06:01 GMT-0500 (Colombia Standard Time),,sc_01KYNCV8FSSEG8B1MQC4QC6DA2,sc_01KYNF4WREP6XDE0A8VADDBEN8,variant_01KYQGW5A9VV7ZSPZR32G8YA30,Default,rep-1388,,,,false,true,,,,,,,,,6,20800,0,,prod_01KYQGW3E99E064A39PKJR36T4,Wed Jul 29 2026 13:06:03 GMT-0500 (Colombia Standard Time),Wed Jul 29 2026 13:06:03 GMT-0500 (Colombia Standard Time),,24500,opt_01KYQGW3EA6FWWVAPB4XEQ8AZS,Default,Default
prod_01KYQGW3E9BH8SWHKMVMEJV4BW,robot-fame-agrafe-replica-100-ml-2,ROBOT (FAME) AGRAFE REPLICA 100 ML,,published,,Réplica preparada lista para usar (precio unitario).,false,true,,pcol_01KYNF54AK5FYBQ0HWG5TF7Y06,,,,,,,,,,Wed Jul 29 2026 13:06:01 GMT-0500 (Colombia Standard Time),Wed Jul 29 2026 13:06:01 GMT-0500 (Colombia Standard Time),,sc_01KYNCV8FSSEG8B1MQC4QC6DA2,sc_01KYNF4WREP6XDE0A8VADDBEN8,variant_01KYQGW5A954JA7SFVS5MYE35Z,Default,rep-1391,,,,false,true,,,,,,,,,6,40800,0,,prod_01KYQGW3E9BH8SWHKMVMEJV4BW,Wed Jul 29 2026 13:06:03 GMT-0500 (Colombia Standard Time),Wed Jul 29 2026 13:06:03 GMT-0500 (Colombia Standard Time),,48000,opt_01KYQGW3EA20N9805TVG7W72DT,Default,Default
prod_01KYQGW3E9KYGW2V83VKZ36GGQ,ricci-rosca-replica-30-ml-2,RICCI ROSCA REPLICA 30 ML,,published,,Réplica preparada lista para usar (precio unitario).,false,true,,pcol_01KYNF54AK5FYBQ0HWG5TF7Y06,,,,,,,,,,Wed Jul 29 2026 13:06:01 GMT-0500 (Colombia Standard Time),Wed Jul 29 2026 13:06:01 GMT-0500 (Colombia Standard Time),,sc_01KYNCV8FSSEG8B1MQC4QC6DA2,sc_01KYNF4WREP6XDE0A8VADDBEN8,variant_01KYQGW5A95W6RXR6KTVV0RPGN,Default,rep-1346,,,,false,true,,,,,,,,,6,14900,0,,prod_01KYQGW3E9KYGW2V83VKZ36GGQ,Wed Jul 29 2026 13:06:03 GMT-0500 (Colombia Standard Time),Wed Jul 29 2026 13:06:03 GMT-0500 (Colombia Standard Time),,17500,opt_01KYQGW3EA6P3EZY1KR3A3ZJGD,Default,Default
prod_01KYQGW3E9VFSXK949QBYXAAE3,ralph-agrafe-replica-100-ml-2,RALPH AGRAFE REPLICA 100 ML,,published,,Réplica preparada lista para usar (precio unitario).,false,true,,pcol_01KYNF54AK5FYBQ0HWG5TF7Y06,,,,,,,,,,Wed Jul 29 2026 13:06:01 GMT-0500 (Colombia Standard Time),Wed Jul 29 2026 13:06:01 GMT-0500 (Colombia Standard Time),,sc_01KYNCV8FSSEG8B1MQC4QC6DA2,sc_01KYNF4WREP6XDE0A8VADDBEN8,variant_01KYQGW5A949HK34CNEJNYHA9Q,Default,rep-1361,,,,false,true,,,,,,,,,6,34000,0,,prod_01KYQGW3E9VFSXK949QBYXAAE3,Wed Jul 29 2026 13:06:03 GMT-0500 (Colombia Standard Time),Wed Jul 29 2026 13:06:03 GMT-0500 (Colombia Standard Time),,40000,opt_01KYQGW3EAT9TFQJF46CJH5ZA9,Default,Default
prod_01KYQGW3E9W4ECD2P0Q3T182FY,ricci-rosca-replica-50-ml-2,RICCI ROSCA REPLICA 50 ML,,published,,Réplica preparada lista para usar (precio unitario).,false,true,,pcol_01KYNF54AK5FYBQ0HWG5TF7Y06,,,,,,,,,,Wed Jul 29 2026 13:06:01 GMT-0500 (Colombia Standard Time),Wed Jul 29 2026 13:06:01 GMT-0500 (Colombia Standard Time),,sc_01KYNCV8FSSEG8B1MQC4QC6DA2,sc_01KYNF4WREP6XDE0A8VADDBEN8,variant_01KYQGW5A9E69G4MNP2333Q35T,Default,rep-1337,,,,false,true,,,,,,,,,6,22100,0,,prod_01KYQGW3E9W4ECD2P0Q3T182FY,Wed Jul 29 2026 13:06:03 GMT-0500 (Colombia Standard Time),Wed Jul 29 2026 13:06:03 GMT-0500 (Colombia Standard Time),,26000,opt_01KYQGW3EACWCK56FSNPTH9Y44,Default,Default
prod_01KYQGW3E9YGSXV3010X4ZGRTN,reloj-rosca-lujo-50-ml,RELOJ ROSCA LUJO 50 ML,,published,,Réplica preparada lista para usar (precio unitario).,false,true,,pcol_01KYNF54AK5FYBQ0HWG5TF7Y06,,,,,,,,,,Wed Jul 29 2026 13:06:01 GMT-0500 (Colombia Standard Time),Wed Jul 29 2026 13:06:01 GMT-0500 (Colombia Standard Time),,sc_01KYNCV8FSSEG8B1MQC4QC6DA2,sc_01KYNF4WREP6XDE0A8VADDBEN8,variant_01KYQGW5A9H725TC0RE3MMBE30,Default,rep-1283,,,,false,true,,,,,,,,,6,21300,0,,prod_01KYQGW3E9YGSXV3010X4ZGRTN,Wed Jul 29 2026 13:06:03 GMT-0500 (Colombia Standard Time),Wed Jul 29 2026 13:06:03 GMT-0500 (Colombia Standard Time),,25000,opt_01KYQGW3EA960E7YFVB1CWFA20,Default,Default
prod_01KYQGW71E3MG24B84CRNZMT6N,scandal-f-agrafe-replica-100-ml-2,SCANDAL F AGRAFE REPLICA 100 ML,,published,,Réplica preparada lista para usar (precio unitario).,false,true,,pcol_01KYNF54AK5FYBQ0HWG5TF7Y06,,,,,,,,,,Wed Jul 29 2026 13:06:05 GMT-0500 (Colombia Standard Time),Wed Jul 29 2026 13:06:05 GMT-0500 (Colombia Standard Time),,sc_01KYNCV8FSSEG8B1MQC4QC6DA2,sc_01KYNF4WREP6XDE0A8VADDBEN8,variant_01KYQGW8YPX7Q0DKZ58QHDYEQ1,Default,rep-1306,,,,false,true,,,,,,,,,6,36600,0,,prod_01KYQGW71E3MG24B84CRNZMT6N,Wed Jul 29 2026 13:06:07 GMT-0500 (Colombia Standard Time),Wed Jul 29 2026 13:06:07 GMT-0500 (Colombia Standard Time),,43000,opt_01KYQGW71FF54X2X2A2AMF5NPM,Default,Default
prod_01KYQGW71E9MW2F1WNMNQJW81J,robot-phantom-rosca-replica-50-ml-2,ROBOT (PHANTOM) ROSCA REPLICA 50 ML,,published,,Réplica preparada lista para usar (precio unitario).,false,true,,pcol_01KYNF54AK5FYBQ0HWG5TF7Y06,,,,,,,,,,Wed Jul 29 2026 13:06:05 GMT-0500 (Colombia Standard Time),Wed Jul 29 2026 13:06:05 GMT-0500 (Colombia Standard Time),,sc_01KYNCV8FSSEG8B1MQC4QC6DA2,sc_01KYNF4WREP6XDE0A8VADDBEN8,variant_01KYQGW8YPC7D4AQFCW0CD1APC,Default,rep-1389,,,,false,true,,,,,,,,,6,27600,0,,prod_01KYQGW71E9MW2F1WNMNQJW81J,Wed Jul 29 2026 13:06:07 GMT-0500 (Colombia Standard Time),Wed Jul 29 2026 13:06:07 GMT-0500 (Colombia Standard Time),,32500,opt_01KYQGW71FR53CW61EBR5YT2TA,Default,Default
prod_01KYQGW71EB3H3QSDQKN9S4E2R,swiss-army-rosca-replica-90-ml-2,SWISS ARMY ROSCA REPLICA  90 ML,,published,,Réplica preparada lista para usar (precio unitario).,false,true,,pcol_01KYNF54AK5FYBQ0HWG5TF7Y06,,,,,,,,,,Wed Jul 29 2026 13:06:05 GMT-0500 (Colombia Standard Time),Wed Jul 29 2026 13:06:05 GMT-0500 (Colombia Standard Time),,sc_01KYNCV8FSSEG8B1MQC4QC6DA2,sc_01KYNF4WREP6XDE0A8VADDBEN8,variant_01KYQGW8YPZRTPHZKMM3QH1KEN,Default,rep-1363,,,,false,true,,,,,,,,,6,35700,0,,prod_01KYQGW71EB3H3QSDQKN9S4E2R,Wed Jul 29 2026 13:06:07 GMT-0500 (Colombia Standard Time),Wed Jul 29 2026 13:06:07 GMT-0500 (Colombia Standard Time),,42000,opt_01KYQGW71F3X5YF2AX9PJMT76H,Default,Default
prod_01KYQGW71EFGKVKNTRAXQ5MJJP,sultan-rosca-30-ml-2,SULTAN ROSCA 30 ML,,published,,Réplica preparada lista para usar (precio unitario).,false,true,,pcol_01KYNF54AK5FYBQ0HWG5TF7Y06,,,,,,,,,,Wed Jul 29 2026 13:06:05 GMT-0500 (Colombia Standard Time),Wed Jul 29 2026 13:06:05 GMT-0500 (Colombia Standard Time),,sc_01KYNCV8FSSEG8B1MQC4QC6DA2,sc_01KYNF4WREP6XDE0A8VADDBEN8,variant_01KYQGW8YP8RJBE15Q7D6X08VE,Default,rep-1376,,,,false,true,,,,,,,,,6,14900,0,,prod_01KYQGW71EFGKVKNTRAXQ5MJJP,Wed Jul 29 2026 13:06:07 GMT-0500 (Colombia Standard Time),Wed Jul 29 2026 13:06:07 GMT-0500 (Colombia Standard Time),,17500,opt_01KYQGW71FJ3R1EKC427QW7TRY,Default,Default
prod_01KYQGW71EFXZM9KPPTSDGTGCC,tacon-good-girl-rosca-50-ml-2,TACON (GOOD GIRL) ROSCA 50 ML,,published,,Réplica preparada lista para usar (precio unitario).,false,true,,pcol_01KYNF54AK5FYBQ0HWG5TF7Y06,,,,,,,,,,Wed Jul 29 2026 13:06:05 GMT-0500 (Colombia Standard Time),Wed Jul 29 2026 13:06:05 GMT-0500 (Colombia Standard Time),,sc_01KYNCV8FSSEG8B1MQC4QC6DA2,sc_01KYNF4WREP6XDE0A8VADDBEN8,variant_01KYQGW8YQ3D5P004480WC6FBG,Default,rep-1331,,,,false,true,,,,,,,,,6,25500,0,,prod_01KYQGW71EFXZM9KPPTSDGTGCC,Wed Jul 29 2026 13:06:07 GMT-0500 (Colombia Standard Time),Wed Jul 29 2026 13:06:07 GMT-0500 (Colombia Standard Time),,30000,opt_01KYQGW71F5VYBC9HV8DYANN4J,Default,Default
prod_01KYQGW71ET6CXGSNP8R3JENVP,sauvage-rosca-replica-100-ml-2,SAUVAGE ROSCA REPLICA 100 ML,,published,,Réplica preparada lista para usar (precio unitario).,false,true,,pcol_01KYNF54AK5FYBQ0HWG5TF7Y06,,,,,,,,,,Wed Jul 29 2026 13:06:05 GMT-0500 (Colombia Standard Time),Wed Jul 29 2026 13:06:05 GMT-0500 (Colombia Standard Time),,sc_01KYNCV8FSSEG8B1MQC4QC6DA2,sc_01KYNF4WREP6XDE0A8VADDBEN8,variant_01KYQGW8YPWEY9CSXD5RPPGZTA,Default,rep-1338,,,,false,true,,,,,,,,,6,33600,0,,prod_01KYQGW71ET6CXGSNP8R3JENVP,Wed Jul 29 2026 13:06:07 GMT-0500 (Colombia Standard Time),Wed Jul 29 2026 13:06:07 GMT-0500 (Colombia Standard Time),,39500,opt_01KYQGW71F9DVXZ9380BHRN3JC,Default,Default
prod_01KYQGW71EYBVZNJ3THECMPG9A,tacon-good-girl-rosca-30-ml-2,TACON (GOOD GIRL) ROSCA 30 ML,,published,,Réplica preparada lista para usar (precio unitario).,false,true,,pcol_01KYNF54AK5FYBQ0HWG5TF7Y06,,,,,,,,,,Wed Jul 29 2026 13:06:05 GMT-0500 (Colombia Standard Time),Wed Jul 29 2026 13:06:05 GMT-0500 (Colombia Standard Time),,sc_01KYNCV8FSSEG8B1MQC4QC6DA2,sc_01KYNF4WREP6XDE0A8VADDBEN8,variant_01KYQGW8YPZ9XQK2DD6ZTM48ZE,Default,rep-1351,,,,false,true,,,,,,,,,6,18300,0,,prod_01KYQGW71EYBVZNJ3THECMPG9A,Wed Jul 29 2026 13:06:07 GMT-0500 (Colombia Standard Time),Wed Jul 29 2026 13:06:07 GMT-0500 (Colombia Standard Time),,21500,opt_01KYQGW71FK0XHPGZ1BF9TYMNG,Default,Default
prod_01KYQGW71EYX187TB4K0H42AS7,tacon-good-girl-rosca-90-ml-2,TACON (GOOD GIRL) ROSCA 90 ML,,published,,Réplica preparada lista para usar (precio unitario).,false,true,,pcol_01KYNF54AK5FYBQ0HWG5TF7Y06,,,,,,,,,,Wed Jul 29 2026 13:06:05 GMT-0500 (Colombia Standard Time),Wed Jul 29 2026 13:06:05 GMT-0500 (Colombia Standard Time),,sc_01KYNCV8FSSEG8B1MQC4QC6DA2,sc_01KYNF4WREP6XDE0A8VADDBEN8,variant_01KYQGW8YQYMBGKAZR2X769H10,Default,rep-1345,,,,false,true,,,,,,,,,6,35700,0,,prod_01KYQGW71EYX187TB4K0H42AS7,Wed Jul 29 2026 13:06:07 GMT-0500 (Colombia Standard Time),Wed Jul 29 2026 13:06:07 GMT-0500 (Colombia Standard Time),,42000,opt_01KYQGW71F2RFGVRYF5EPWBEE3,Default,Default
prod_01KYQGW71FJ8TKX4D6RMH2TGEQ,tied-rosca-lujo-55-ml,TIED ROSCA LUJO 55 ML,,published,,Réplica preparada lista para usar (precio unitario).,false,true,,pcol_01KYNF54AK5FYBQ0HWG5TF7Y06,,,,,,,,,,Wed Jul 29 2026 13:06:05 GMT-0500 (Colombia Standard Time),Wed Jul 29 2026 13:06:05 GMT-0500 (Colombia Standard Time),,sc_01KYNCV8FSSEG8B1MQC4QC6DA2,sc_01KYNF4WREP6XDE0A8VADDBEN8,variant_01KYQGW8YQ2QM91Y7K027K11HB,Default,rep-1350,,,,false,true,,,,,,,,,6,22500,0,,prod_01KYQGW71FJ8TKX4D6RMH2TGEQ,Wed Jul 29 2026 13:06:07 GMT-0500 (Colombia Standard Time),Wed Jul 29 2026 13:06:07 GMT-0500 (Colombia Standard Time),,26500,opt_01KYQGW71FRJKVYVDHRKX11K30,Default,Default
prod_01KYQGW71FK6B5KM7YZG1AH1T9,tied-rosca-lujo-35-ml,TIED ROSCA LUJO 35 ML,,published,,Réplica preparada lista para usar (precio unitario).,false,true,,pcol_01KYNF54AK5FYBQ0HWG5TF7Y06,,,,,,,,,,Wed Jul 29 2026 13:06:05 GMT-0500 (Colombia Standard Time),Wed Jul 29 2026 13:06:05 GMT-0500 (Colombia Standard Time),,sc_01KYNCV8FSSEG8B1MQC4QC6DA2,sc_01KYNF4WREP6XDE0A8VADDBEN8,variant_01KYQGW8YQHF347D8YCXBAGJNZ,Default,rep-1349,,,,false,true,,,,,,,,,6,16600,0,,prod_01KYQGW71FK6B5KM7YZG1AH1T9,Wed Jul 29 2026 13:06:07 GMT-0500 (Colombia Standard Time),Wed Jul 29 2026 13:06:07 GMT-0500 (Colombia Standard Time),,19500,opt_01KYQGW71FVH3XBMZNVAE3WEZH,Default,Default
prod_01KYQGWANK3XC18FA580CHTTZ2,tommy-rosca-replica-90-ml-2,TOMMY ROSCA REPLICA 90 ML,,published,,Réplica preparada lista para usar (precio unitario).,false,true,,pcol_01KYNF54AK5FYBQ0HWG5TF7Y06,,,,,,,,,,Wed Jul 29 2026 13:06:09 GMT-0500 (Colombia Standard Time),Wed Jul 29 2026 13:06:09 GMT-0500 (Colombia Standard Time),,sc_01KYNCV8FSSEG8B1MQC4QC6DA2,sc_01KYNF4WREP6XDE0A8VADDBEN8,variant_01KYQGWCHXA71ZPCPXG60RE3P4,Default,rep-1263,,,,false,true,,,,,,,,,6,33200,0,,prod_01KYQGWANK3XC18FA580CHTTZ2,Wed Jul 29 2026 13:06:11 GMT-0500 (Colombia Standard Time),Wed Jul 29 2026 13:06:11 GMT-0500 (Colombia Standard Time),,39000,opt_01KYQGWANMSARRV69S44JWJ0H6,Default,Default
prod_01KYQGWANKBQWY0FGFDXCVH00J,valentino-rosca-replica-50-ml-2,VALENTINO ROSCA REPLICA 50 ML,,published,,Réplica preparada lista para usar (precio unitario).,false,true,,pcol_01KYNF54AK5FYBQ0HWG5TF7Y06,,,,,,,,,,Wed Jul 29 2026 13:06:09 GMT-0500 (Colombia Standard Time),Wed Jul 29 2026 13:06:09 GMT-0500 (Colombia Standard Time),,sc_01KYNCV8FSSEG8B1MQC4QC6DA2,sc_01KYNF4WREP6XDE0A8VADDBEN8,variant_01KYQGWCHXRB0109T80E8MGHTZ,Default,rep-1301,,,,false,true,,,,,,,,,6,21300,0,,prod_01KYQGWANKBQWY0FGFDXCVH00J,Wed Jul 29 2026 13:06:11 GMT-0500 (Colombia Standard Time),Wed Jul 29 2026 13:06:11 GMT-0500 (Colombia Standard Time),,25000,opt_01KYQGWANMQ2HY7DTV0Y7G3N2S,Default,Default
prod_01KYQGWANKD6ZWNM8PFVV1E02A,valentino-rosca-replica-100-ml-2,VALENTINO ROSCA REPLICA 100 ML,,published,,Réplica preparada lista para usar (precio unitario).,false,true,,pcol_01KYNF54AK5FYBQ0HWG5TF7Y06,,,,,,,,,,Wed Jul 29 2026 13:06:09 GMT-0500 (Colombia Standard Time),Wed Jul 29 2026 13:06:09 GMT-0500 (Colombia Standard Time),,sc_01KYNCV8FSSEG8B1MQC4QC6DA2,sc_01KYNF4WREP6XDE0A8VADDBEN8,variant_01KYQGWCHXJ0VN1STS3YXQXN9Q,Default,rep-1302,,,,false,true,,,,,,,,,6,33200,0,,prod_01KYQGWANKD6ZWNM8PFVV1E02A,Wed Jul 29 2026 13:06:11 GMT-0500 (Colombia Standard Time),Wed Jul 29 2026 13:06:11 GMT-0500 (Colombia Standard Time),,39000,opt_01KYQGWANMWK30KQ094WNSG9Y9,Default,Default
prod_01KYQGWANKDCYVPY24T17E2MKV,yara-lattafa-rosca-30-ml-2,YARA (LATTAFA) ROSCA 30 ML,,published,,Réplica preparada lista para usar (precio unitario).,false,true,,pcol_01KYNF54AK5FYBQ0HWG5TF7Y06,,,,,,,,,,Wed Jul 29 2026 13:06:09 GMT-0500 (Colombia Standard Time),Wed Jul 29 2026 13:06:09 GMT-0500 (Colombia Standard Time),,sc_01KYNCV8FSSEG8B1MQC4QC6DA2,sc_01KYNF4WREP6XDE0A8VADDBEN8,variant_01KYQGWCHYTM0VB7G8NV55G04V,Default,rep-1277,,,,false,true,,,,,,,,,6,16200,0,,prod_01KYQGWANKDCYVPY24T17E2MKV,Wed Jul 29 2026 13:06:11 GMT-0500 (Colombia Standard Time),Wed Jul 29 2026 13:06:11 GMT-0500 (Colombia Standard Time),,19000,opt_01KYQGWANMJC5PVB7VMHYHD0AX,Default,Default
prod_01KYQGWANKFY72D3M4SVX601DW,yara-lattafa-rosca-30-ml-aa-2,YARA (LATTAFA) ROSCA 30 ML AA,,published,,Réplica preparada lista para usar (precio unitario).,false,true,,pcol_01KYNF54AK5FYBQ0HWG5TF7Y06,,,,,,,,,,Wed Jul 29 2026 13:06:09 GMT-0500 (Colombia Standard Time),Wed Jul 29 2026 13:06:09 GMT-0500 (Colombia Standard Time),,sc_01KYNCV8FSSEG8B1MQC4QC6DA2,sc_01KYNF4WREP6XDE0A8VADDBEN8,variant_01KYQGWCHY9GBEQNW4PH7GHQYE,Default,rep-1347,,,,false,true,,,,,,,,,6,19100,0,,prod_01KYQGWANKFY72D3M4SVX601DW,Wed Jul 29 2026 13:06:11 GMT-0500 (Colombia Standard Time),Wed Jul 29 2026 13:06:11 GMT-0500 (Colombia Standard Time),,22500,opt_01KYQGWANMMNVZ9HK101F2C2CJ,Default,Default
prod_01KYQGWANKHKEK7PBRY0ZZ4K3Z,vip-bala-agrafe-replica-100-ml-2,VIP BALA AGRAFE REPLICA 100 ML,,published,,Réplica preparada lista para usar (precio unitario).,false,true,,pcol_01KYNF54AK5FYBQ0HWG5TF7Y06,,,,,,,,,,Wed Jul 29 2026 13:06:09 GMT-0500 (Colombia Standard Time),Wed Jul 29 2026 13:06:09 GMT-0500 (Colombia Standard Time),,sc_01KYNCV8FSSEG8B1MQC4QC6DA2,sc_01KYNF4WREP6XDE0A8VADDBEN8,variant_01KYQGWCHX4D6KKR1NWNECT9M5,Default,rep-1249,,,,false,true,,,,,,,,,6,34000,0,,prod_01KYQGWANKHKEK7PBRY0ZZ4K3Z,Wed Jul 29 2026 13:06:11 GMT-0500 (Colombia Standard Time),Wed Jul 29 2026 13:06:11 GMT-0500 (Colombia Standard Time),,40000,opt_01KYQGWANMHGK8KBPH97W8QJNY,Default,Default
prod_01KYQGWANKP4JW98YTVXK9TJ37,vip-men-agrafe-replica-100-ml-aa-2,VIP MEN AGRAFE REPLICA 100 ML AA,,published,,Réplica preparada lista para usar (precio unitario).,false,true,,pcol_01KYNF54AK5FYBQ0HWG5TF7Y06,,,,,,,,,,Wed Jul 29 2026 13:06:09 GMT-0500 (Colombia Standard Time),Wed Jul 29 2026 13:06:09 GMT-0500 (Colombia Standard Time),,sc_01KYNCV8FSSEG8B1MQC4QC6DA2,sc_01KYNF4WREP6XDE0A8VADDBEN8,variant_01KYQGWCHYN1YAE772ANSQ2PGE,Default,rep-1384,,,,false,true,,,,,,,,,6,38300,0,,prod_01KYQGWANKP4JW98YTVXK9TJ37,Wed Jul 29 2026 13:06:11 GMT-0500 (Colombia Standard Time),Wed Jul 29 2026 13:06:11 GMT-0500 (Colombia Standard Time),,45000,opt_01KYQGWANMKH8BK2V3RJDMXD8Z,Default,Default
prod_01KYQGWANKV89XMKRHGG68EJ1P,tom-rosca-lujo-75-ml-2,TOM ROSCA LUJO 75 ML,,published,,Réplica preparada lista para usar (precio unitario).,false,true,,pcol_01KYNF54AK5FYBQ0HWG5TF7Y06,,,,,,,,,,Wed Jul 29 2026 13:06:09 GMT-0500 (Colombia Standard Time),Wed Jul 29 2026 13:06:09 GMT-0500 (Colombia Standard Time),,sc_01KYNCV8FSSEG8B1MQC4QC6DA2,sc_01KYNF4WREP6XDE0A8VADDBEN8,variant_01KYQGWCHW3N7K4FPSQCY9D0ZR,Default,rep-1317,,,,false,true,,,,,,,,,6,26400,0,,prod_01KYQGWANKV89XMKRHGG68EJ1P,Wed Jul 29 2026 13:06:11 GMT-0500 (Colombia Standard Time),Wed Jul 29 2026 13:06:11 GMT-0500 (Colombia Standard Time),,31000,opt_01KYQGWANKWMFJ9GX1MHCE7KA7,Default,Default
prod_01KYQGWANKWGC0KBD7Z8VY399M,vip-bala-rosca-replica-85-ml-2,VIP BALA ROSCA REPLICA 85 ML,,published,,Réplica preparada lista para usar (precio unitario).,false,true,,pcol_01KYNF54AK5FYBQ0HWG5TF7Y06,,,,,,,,,,Wed Jul 29 2026 13:06:09 GMT-0500 (Colombia Standard Time),Wed Jul 29 2026 13:06:09 GMT-0500 (Colombia Standard Time),,sc_01KYNCV8FSSEG8B1MQC4QC6DA2,sc_01KYNF4WREP6XDE0A8VADDBEN8,variant_01KYQGWCHX9JKZH5MY280DRFR1,Default,rep-1250,,,,false,true,,,,,,,,,6,32300,0,,prod_01KYQGWANKWGC0KBD7Z8VY399M,Wed Jul 29 2026 13:06:11 GMT-0500 (Colombia Standard Time),Wed Jul 29 2026 13:06:11 GMT-0500 (Colombia Standard Time),,38000,opt_01KYQGWANMAY9R06TN80SQPRB6,Default,Default
prod_01KYQGWANKXX25ADACDZG0BQQJ,vip-bala-rosca-replica-50-ml,VIP BALA ROSCA REPLICA 50 ML,,published,,Réplica preparada lista para usar (precio unitario).,false,true,,pcol_01KYNF54AK5FYBQ0HWG5TF7Y06,,,,,,,,,,Wed Jul 29 2026 13:06:09 GMT-0500 (Colombia Standard Time),Wed Jul 29 2026 13:06:09 GMT-0500 (Colombia Standard Time),,sc_01KYNCV8FSSEG8B1MQC4QC6DA2,sc_01KYNF4WREP6XDE0A8VADDBEN8,variant_01KYQGWCHXPTCSCG4GACWSVZY9,Default,rep-1340,,,,false,true,,,,,,,,,6,22100,0,,prod_01KYQGWANKXX25ADACDZG0BQQJ,Wed Jul 29 2026 13:06:11 GMT-0500 (Colombia Standard Time),Wed Jul 29 2026 13:06:11 GMT-0500 (Colombia Standard Time),,26000,opt_01KYQGWANMTAR4VEBW697FTS6S,Default,Default
prod_01KYQGWE9DN3PCDHKC7Z0A1YJX,mandarin-rosca-replica-50-ml-2,MANDARIN ROSCA REPLICA 50 ML,,published,,Réplica preparada lista para usar (precio unitario).,false,true,,pcol_01KYNF54AK5FYBQ0HWG5TF7Y06,,,,,,,,,,Wed Jul 29 2026 13:06:12 GMT-0500 (Colombia Standard Time),Wed Jul 29 2026 13:06:12 GMT-0500 (Colombia Standard Time),,sc_01KYNCV8FSSEG8B1MQC4QC6DA2,sc_01KYNF4WREP6XDE0A8VADDBEN8,variant_01KYQGWG5FDF5DH4BG5T8SZ375,Default,rep-rep-199,,,,false,true,,,,,,,,,6,26400,0,,prod_01KYQGWE9DN3PCDHKC7Z0A1YJX,Wed Jul 29 2026 13:06:14 GMT-0500 (Colombia Standard Time),Wed Jul 29 2026 13:06:14 GMT-0500 (Colombia Standard Time),,31000,opt_01KYQGWE9EE8BDJK0SYTJ399JR,Default,Default
prod_01KYQGWE9E1NSBVMNQRDH5RC1S,erba-pura-agrafe-100-ml-aaa-caja-2,ERBA PURA AGRAFE 100 ML AAA CAJA,,published,,Réplica preparada lista para usar (precio unitario).,false,true,,pcol_01KYNF54AK5FYBQ0HWG5TF7Y06,,,,,,,,,,Wed Jul 29 2026 13:06:12 GMT-0500 (Colombia Standard Time),Wed Jul 29 2026 13:06:12 GMT-0500 (Colombia Standard Time),,sc_01KYNCV8FSSEG8B1MQC4QC6DA2,sc_01KYNF4WREP6XDE0A8VADDBEN8,variant_01KYQGWG5G693ZSGAMREWYF65G,Default,rep-rep-205,,,,false,true,,,,,,,,,6,66300,0,,prod_01KYQGWE9E1NSBVMNQRDH5RC1S,Wed Jul 29 2026 13:06:14 GMT-0500 (Colombia Standard Time),Wed Jul 29 2026 13:06:14 GMT-0500 (Colombia Standard Time),,78000,opt_01KYQGWE9FC00B12M32BH6BRXQ,Default,Default
prod_01KYQGWE9E7EJRV6W7TKV7QAHD,arabe-rosca-50-ml,ARABE ROSCA 50 ML,,published,,Réplica preparada lista para usar (precio unitario).,false,true,,pcol_01KYNF54AK5FYBQ0HWG5TF7Y06,,,,,,,,,,Wed Jul 29 2026 13:06:12 GMT-0500 (Colombia Standard Time),Wed Jul 29 2026 13:06:12 GMT-0500 (Colombia Standard Time),,sc_01KYNCV8FSSEG8B1MQC4QC6DA2,sc_01KYNF4WREP6XDE0A8VADDBEN8,variant_01KYQGWG5FB22H3GK8V3R2480F,Default,rep-rep-200,,,,false,true,,,,,,,,,6,22100,0,,prod_01KYQGWE9E7EJRV6W7TKV7QAHD,Wed Jul 29 2026 13:06:14 GMT-0500 (Colombia Standard Time),Wed Jul 29 2026 13:06:14 GMT-0500 (Colombia Standard Time),,26000,opt_01KYQGWE9E9BMFBQD872M539YN,Default,Default
prod_01KYQGWE9EANNR2QKHA4XAY727,yara-candy-agrafe-100-ml-aaa-2,YARA CANDY AGRAFE 100 ML AAA,,published,,Réplica preparada lista para usar (precio unitario).,false,true,,pcol_01KYNF54AK5FYBQ0HWG5TF7Y06,,,,,,,,,,Wed Jul 29 2026 13:06:12 GMT-0500 (Colombia Standard Time),Wed Jul 29 2026 13:06:12 GMT-0500 (Colombia Standard Time),,sc_01KYNCV8FSSEG8B1MQC4QC6DA2,sc_01KYNF4WREP6XDE0A8VADDBEN8,variant_01KYQGWG5FY45EAN1K6SCPQWT2,Default,rep-rep-202,,,,false,true,,,,,,,,,6,59500,0,,prod_01KYQGWE9EANNR2QKHA4XAY727,Wed Jul 29 2026 13:06:14 GMT-0500 (Colombia Standard Time),Wed Jul 29 2026 13:06:14 GMT-0500 (Colombia Standard Time),,70000,opt_01KYQGWE9ERM43FCYHT7SRHDRX,Default,Default
prod_01KYQGWE9ECBMXDP0NZ682R139,212-vip-black-agrafe-replica-100-ml-aa,212 VIP BLACK AGRAFE REPLICA 100 ML AA,,published,,Réplica preparada lista para usar (precio unitario).,false,true,,pcol_01KYNF54AK5FYBQ0HWG5TF7Y06,,,,,,,,,,Wed Jul 29 2026 13:06:12 GMT-0500 (Colombia Standard Time),Wed Jul 29 2026 13:06:12 GMT-0500 (Colombia Standard Time),,sc_01KYNCV8FSSEG8B1MQC4QC6DA2,sc_01KYNF4WREP6XDE0A8VADDBEN8,variant_01KYQGWG5F0FTRJ43K69F45A6F,Default,rep-rep-201,,,,false,true,,,,,,,,,6,40800,0,,prod_01KYQGWE9ECBMXDP0NZ682R139,Wed Jul 29 2026 13:06:14 GMT-0500 (Colombia Standard Time),Wed Jul 29 2026 13:06:14 GMT-0500 (Colombia Standard Time),,48000,opt_01KYQGWE9E06K8RKRZE8C4QW0X,Default,Default
prod_01KYQGWE9ED7BV01DSH1NG0QK2,perfume-caja-nino-a-75-ml,PERFUME CAJA NIÑO (A) 75 ML,,published,,,false,true,,pcol_01KYNF54AK6J1J9YFFJ9329JV8,,,,,,,,,,Wed Jul 29 2026 13:06:12 GMT-0500 (Colombia Standard Time),Wed Jul 29 2026 13:06:12 GMT-0500 (Colombia Standard Time),,sc_01KYNCV8FSSEG8B1MQC4QC6DA2,sc_01KYNF4WREP6XDE0A8VADDBEN8,variant_01KYQGWG5G7P7AWDCCC28X6DSY,Default,sku-splash-splash-4,,,,false,true,,,,,,,,,6,6800,0,,prod_01KYQGWE9ED7BV01DSH1NG0QK2,Wed Jul 29 2026 13:06:14 GMT-0500 (Colombia Standard Time),Wed Jul 29 2026 13:06:14 GMT-0500 (Colombia Standard Time),,8000,opt_01KYQGWE9FNE8DWZ04XY6Z819R,Default,Default
prod_01KYQGWE9ENY92Q8B71R1YKJEH,splash-250-ml-t,SPLASH 250 ML T,,published,,,false,true,,pcol_01KYNF54AK6J1J9YFFJ9329JV8,,,,,,,,,,Wed Jul 29 2026 13:06:12 GMT-0500 (Colombia Standard Time),Wed Jul 29 2026 13:06:12 GMT-0500 (Colombia Standard Time),,sc_01KYNCV8FSSEG8B1MQC4QC6DA2,sc_01KYNF4WREP6XDE0A8VADDBEN8,variant_01KYQGWG5M5XTZ5FD7PHBD4YGN,Default,sku-splash-splash-6,,,,false,true,,,,,,,,,6,10800,0,,prod_01KYQGWE9ENY92Q8B71R1YKJEH,Wed Jul 29 2026 13:06:14 GMT-0500 (Colombia Standard Time),Wed Jul 29 2026 13:06:14 GMT-0500 (Colombia Standard Time),,12000,opt_01KYQGWE9FTN2QQFJCB7AEZDXF,Default,Default
prod_01KYQGWE9EXRFVCDD52BJKAZP9,perfume-splash-nino-a-250-ml,PERFUME (SPLASH) NIÑO(A) 250 ML,,published,,,false,true,,pcol_01KYNF54AK6J1J9YFFJ9329JV8,,,,,,,,,,Wed Jul 29 2026 13:06:12 GMT-0500 (Colombia Standard Time),Wed Jul 29 2026 13:06:12 GMT-0500 (Colombia Standard Time),,sc_01KYNCV8FSSEG8B1MQC4QC6DA2,sc_01KYNF4WREP6XDE0A8VADDBEN8,variant_01KYQGWG5MXX16YPZ0JYMGW12F,Default,sku-splash-splash-5,,,,false,true,,,,,,,,,6,8900,0,,prod_01KYQGWE9EXRFVCDD52BJKAZP9,Wed Jul 29 2026 13:06:14 GMT-0500 (Colombia Standard Time),Wed Jul 29 2026 13:06:14 GMT-0500 (Colombia Standard Time),,10500,opt_01KYQGWE9F4YSYSNMYZ14DV2GV,Default,Default
prod_01KYQGWE9EXW8F858DNW41QXBA,cloud-agrafe-100-ml-aaa-2,CLOUD AGRAFE 100 ML AAA,,published,,Réplica preparada lista para usar (precio unitario).,false,true,,pcol_01KYNF54AK5FYBQ0HWG5TF7Y06,,,,,,,,,,Wed Jul 29 2026 13:06:12 GMT-0500 (Colombia Standard Time),Wed Jul 29 2026 13:06:12 GMT-0500 (Colombia Standard Time),,sc_01KYNCV8FSSEG8B1MQC4QC6DA2,sc_01KYNF4WREP6XDE0A8VADDBEN8,variant_01KYQGWG5GVRCGQ99RBYWS478S,Default,rep-rep-203,,,,false,true,,,,,,,,,6,64600,0,,prod_01KYQGWE9EXW8F858DNW41QXBA,Wed Jul 29 2026 13:06:14 GMT-0500 (Colombia Standard Time),Wed Jul 29 2026 13:06:14 GMT-0500 (Colombia Standard Time),,76000,opt_01KYQGWE9EAZT00G4YE85KXTMM,Default,Default
prod_01KYQGWE9EZMBVQG6TDM7X4A76,eros-agrafe-100-ml-aaa-2,EROS AGRAFE 100 ML AAA,,published,,Réplica preparada lista para usar (precio unitario).,false,true,,pcol_01KYNF54AK5FYBQ0HWG5TF7Y06,,,,,,,,,,Wed Jul 29 2026 13:06:12 GMT-0500 (Colombia Standard Time),Wed Jul 29 2026 13:06:12 GMT-0500 (Colombia Standard Time),,sc_01KYNCV8FSSEG8B1MQC4QC6DA2,sc_01KYNF4WREP6XDE0A8VADDBEN8,variant_01KYQGWG5GPTC2Y2CT9RGES3KE,Default,rep-rep-204,,,,false,true,,,,,,,,,6,56100,0,,prod_01KYQGWE9EZMBVQG6TDM7X4A76,Wed Jul 29 2026 13:06:14 GMT-0500 (Colombia Standard Time),Wed Jul 29 2026 13:06:14 GMT-0500 (Colombia Standard Time),,66000,opt_01KYQGWE9EYFVGHQKQ4AKJSG0S,Default,Default
prod_01KYQGWHWA6YWFP0BTRT1Y9JZZ,splash-v-s-tradicional-250-ml,SPLASH V.S. TRADICIONAL 250 ML,,published,,,false,true,,pcol_01KYNF54AK6J1J9YFFJ9329JV8,,,,,,,,,,Wed Jul 29 2026 13:06:16 GMT-0500 (Colombia Standard Time),Wed Jul 29 2026 13:06:16 GMT-0500 (Colombia Standard Time),,sc_01KYNCV8FSSEG8B1MQC4QC6DA2,sc_01KYNF4WREP6XDE0A8VADDBEN8,variant_01KYQGWKRMZ0W6A0ZF1KKYVGWD,Default,sku-splash-splash-7,,,,false,true,,,,,,,,,6,8500,0,,prod_01KYQGWHWA6YWFP0BTRT1Y9JZZ,Wed Jul 29 2026 13:06:18 GMT-0500 (Colombia Standard Time),Wed Jul 29 2026 13:06:18 GMT-0500 (Colombia Standard Time),,10000,opt_01KYQGWHWB6B71T3JTVWNQE67Y,Default,Default
prod_01KYQGWHWA9TK9PJCFPSWA1WGB,splash-v-s-masculino-300-ml,SPLASH V.S. MASCULINO 300 ML,,published,,,false,true,,pcol_01KYNF54AK6J1J9YFFJ9329JV8,,,,,,,,,,Wed Jul 29 2026 13:06:16 GMT-0500 (Colombia Standard Time),Wed Jul 29 2026 13:06:16 GMT-0500 (Colombia Standard Time),,sc_01KYNCV8FSSEG8B1MQC4QC6DA2,sc_01KYNF4WREP6XDE0A8VADDBEN8,variant_01KYQGWKRN03424DPFRSMY2KK9,Default,sku-splash-splash-10,,,,false,true,,,,,,,,,6,9400,0,,prod_01KYQGWHWA9TK9PJCFPSWA1WGB,Wed Jul 29 2026 13:06:18 GMT-0500 (Colombia Standard Time),Wed Jul 29 2026 13:06:18 GMT-0500 (Colombia Standard Time),,11000,opt_01KYQGWHWBVYF690YCZKW6AZ0Q,Default,Default
prod_01KYQGWHWAA6KKY3MYJ5WG871S,crema-perfumada-facial-y-corporal-250-ml,CREMA PERFUMADA FACIAL Y CORPORAL 250 ML,,published,,,false,true,,pcol_01KYNF54AK6J1J9YFFJ9329JV8,,,,,,,,,,Wed Jul 29 2026 13:06:16 GMT-0500 (Colombia Standard Time),Wed Jul 29 2026 13:06:16 GMT-0500 (Colombia Standard Time),,sc_01KYNCV8FSSEG8B1MQC4QC6DA2,sc_01KYNF4WREP6XDE0A8VADDBEN8,variant_01KYQGWKRNAVZPPKG3S5W07JC5,Default,sku-splash-splash-14,,,,false,true,,,,,,,,,6,8900,0,,prod_01KYQGWHWAA6KKY3MYJ5WG871S,Wed Jul 29 2026 13:06:18 GMT-0500 (Colombia Standard Time),Wed Jul 29 2026 13:06:18 GMT-0500 (Colombia Standard Time),,10500,opt_01KYQGWHWBYRXRMVWE2Y8RFB4M,Default,Default
prod_01KYQGWHWAJQ4D6XR7S24Q6Z48,splash-v-s-tapa-dorada-250-ml,SPLASH V.S. TAPA DORADA 250 ML,,published,,,false,true,,pcol_01KYNF54AK6J1J9YFFJ9329JV8,,,,,,,,,,Wed Jul 29 2026 13:06:16 GMT-0500 (Colombia Standard Time),Wed Jul 29 2026 13:06:16 GMT-0500 (Colombia Standard Time),,sc_01KYNCV8FSSEG8B1MQC4QC6DA2,sc_01KYNF4WREP6XDE0A8VADDBEN8,variant_01KYQGWKRN9JP4QJ95Q1GMF9BM,Default,sku-splash-splash-9,,,,false,true,,,,,,,,,6,10200,0,,prod_01KYQGWHWAJQ4D6XR7S24Q6Z48,Wed Jul 29 2026 13:06:18 GMT-0500 (Colombia Standard Time),Wed Jul 29 2026 13:06:18 GMT-0500 (Colombia Standard Time),,12000,opt_01KYQGWHWBS2W7DKHWWMN8KM7P,Default,Default
prod_01KYQGWHWAT8ZFY07G0XPYX02P,splash-v-s-masculino-250-ml,SPLASH V.S. MASCULINO 250 ML,,published,,,false,true,,pcol_01KYNF54AK6J1J9YFFJ9329JV8,,,,,,,,,,Wed Jul 29 2026 13:06:16 GMT-0500 (Colombia Standard Time),Wed Jul 29 2026 13:06:16 GMT-0500 (Colombia Standard Time),,sc_01KYNCV8FSSEG8B1MQC4QC6DA2,sc_01KYNF4WREP6XDE0A8VADDBEN8,variant_01KYQGWKRN4AAGDP9D2E7Z0D9Y,Default,sku-splash-splash-11,,,,false,true,,,,,,,,,6,8500,0,,prod_01KYQGWHWAT8ZFY07G0XPYX02P,Wed Jul 29 2026 13:06:18 GMT-0500 (Colombia Standard Time),Wed Jul 29 2026 13:06:18 GMT-0500 (Colombia Standard Time),,10000,opt_01KYQGWHWBA850J2SRV5DN1W72,Default,Default
prod_01KYQGWHWAXK9GSHQQ47JHVSHC,splash-pink-250-ml,SPLASH PINK 250 ML,,published,,,false,true,,pcol_01KYNF54AK6J1J9YFFJ9329JV8,,,,,,,,,,Wed Jul 29 2026 13:06:16 GMT-0500 (Colombia Standard Time),Wed Jul 29 2026 13:06:16 GMT-0500 (Colombia Standard Time),,sc_01KYNCV8FSSEG8B1MQC4QC6DA2,sc_01KYNF4WREP6XDE0A8VADDBEN8,variant_01KYQGWKRM25ZCNC0MYKP86RNM,Default,sku-splash-splash-8,,,,false,true,,,,,,,,,6,8900,0,,prod_01KYQGWHWAXK9GSHQQ47JHVSHC,Wed Jul 29 2026 13:06:18 GMT-0500 (Colombia Standard Time),Wed Jul 29 2026 13:06:18 GMT-0500 (Colombia Standard Time),,10500,opt_01KYQGWHWBZ2D2259FC8VZHZ31,Default,Default
prod_01KYQGWHWBHRCA5THG4MKFTZYA,crema-perfumas-facial-y-corporal-30-ml,CREMA PERFUMAS FACIAL Y CORPORAL 30 ML,,published,,,false,true,,pcol_01KYNF54AK6J1J9YFFJ9329JV8,,,,,,,,,,Wed Jul 29 2026 13:06:16 GMT-0500 (Colombia Standard Time),Wed Jul 29 2026 13:06:16 GMT-0500 (Colombia Standard Time),,sc_01KYNCV8FSSEG8B1MQC4QC6DA2,sc_01KYNF4WREP6XDE0A8VADDBEN8,variant_01KYQGWKRNZ2J7JX1P0N9TFWXS,Default,sku-splash-splash-16,,,,false,true,,,,,,,,,6,2000,0,,prod_01KYQGWHWBHRCA5THG4MKFTZYA,Wed Jul 29 2026 13:06:18 GMT-0500 (Colombia Standard Time),Wed Jul 29 2026 13:06:18 GMT-0500 (Colombia Standard Time),,2400,opt_01KYQGWHWBYZY4KPWYDHHR598S,Default,Default
prod_01KYQGWHWBPSTPZ279N2P16VAH,crema-perfumas-facial-y-corporal-125-ml,CREMA PERFUMAS FACIAL Y CORPORAL 125 ML,,published,,,false,true,,pcol_01KYNF54AK6J1J9YFFJ9329JV8,,,,,,,,,,Wed Jul 29 2026 13:06:16 GMT-0500 (Colombia Standard Time),Wed Jul 29 2026 13:06:16 GMT-0500 (Colombia Standard Time),,sc_01KYNCV8FSSEG8B1MQC4QC6DA2,sc_01KYNF4WREP6XDE0A8VADDBEN8,variant_01KYQGWKRNFMF30K1VK4Q5RNA1,Default,sku-splash-splash-18,,,,false,true,,,,,,,,,6,4700,0,,prod_01KYQGWHWBPSTPZ279N2P16VAH,Wed Jul 29 2026 13:06:18 GMT-0500 (Colombia Standard Time),Wed Jul 29 2026 13:06:18 GMT-0500 (Colombia Standard Time),,5500,opt_01KYQGWHWBJR6T9H2AY6TGMHXA,Default,Default
prod_01KYQGWHWBY15ZJ4AWBYQ6ZT3F,crema-perfumas-facial-y-corporal-60-ml,CREMA PERFUMAS FACIAL Y CORPORAL 60 ML,,published,,,false,true,,pcol_01KYNF54AK6J1J9YFFJ9329JV8,,,,,,,,,,Wed Jul 29 2026 13:06:16 GMT-0500 (Colombia Standard Time),Wed Jul 29 2026 13:06:16 GMT-0500 (Colombia Standard Time),,sc_01KYNCV8FSSEG8B1MQC4QC6DA2,sc_01KYNF4WREP6XDE0A8VADDBEN8,variant_01KYQGWKRNR8ZZZG1FSZBDEAGZ,Default,sku-splash-splash-17,,,,false,true,,,,,,,,,6,3000,0,,prod_01KYQGWHWBY15ZJ4AWBYQ6ZT3F,Wed Jul 29 2026 13:06:18 GMT-0500 (Colombia Standard Time),Wed Jul 29 2026 13:06:18 GMT-0500 (Colombia Standard Time),,3500,opt_01KYQGWHWBEWG4P9E3MW6CTXGZ,Default,Default
prod_01KYQGWHWBZDC319WP00R7GGZH,crema-perfumas-facial-y-corporal-250-ml,CREMA PERFUMAS FACIAL Y CORPORAL 250 ML,,published,,,false,true,,pcol_01KYNF54AK6J1J9YFFJ9329JV8,,,,,,,,,,Wed Jul 29 2026 13:06:16 GMT-0500 (Colombia Standard Time),Wed Jul 29 2026 13:06:16 GMT-0500 (Colombia Standard Time),,sc_01KYNCV8FSSEG8B1MQC4QC6DA2,sc_01KYNF4WREP6XDE0A8VADDBEN8,variant_01KYQGWKRNXEQNGFWFXS3VS2QS,Default,sku-splash-splash-19,,,,false,true,,,,,,,,,6,8500,0,,prod_01KYQGWHWBZDC319WP00R7GGZH,Wed Jul 29 2026 13:06:18 GMT-0500 (Colombia Standard Time),Wed Jul 29 2026 13:06:18 GMT-0500 (Colombia Standard Time),,10000,opt_01KYQGWHWBRXT3WQGVWVYHPP0Q,Default,Default
prod_01KYQGWNF50WZT3N89ZG6020BH,desodorante,DESODORANTE,,published,,,false,true,,pcol_01KYNF54AK6J1J9YFFJ9329JV8,,,,,,,,,,Wed Jul 29 2026 13:06:20 GMT-0500 (Colombia Standard Time),Wed Jul 29 2026 13:06:20 GMT-0500 (Colombia Standard Time),,sc_01KYNCV8FSSEG8B1MQC4QC6DA2,sc_01KYNF4WREP6XDE0A8VADDBEN8,variant_01KYQGWQBXPRBB6PVRMYCD3BH6,Default,sku-splash-splash-24,,,,false,true,,,,,,,,,6,7200,0,,prod_01KYQGWNF50WZT3N89ZG6020BH,Wed Jul 29 2026 13:06:22 GMT-0500 (Colombia Standard Time),Wed Jul 29 2026 13:06:22 GMT-0500 (Colombia Standard Time),,8500,opt_01KYQGWNF6D8J1VK69Q7Z9M2FT,Default,Default
prod_01KYQGWNF531PXGH57FNC97GEK,agua-de-linos-spray-30-ml,AGUA DE LINOS SPRAY 30 ML,,published,,,false,true,,pcol_01KYNF54AK6J1J9YFFJ9329JV8,,,,,,,,,,Wed Jul 29 2026 13:06:20 GMT-0500 (Colombia Standard Time),Wed Jul 29 2026 13:06:20 GMT-0500 (Colombia Standard Time),,sc_01KYNCV8FSSEG8B1MQC4QC6DA2,sc_01KYNF4WREP6XDE0A8VADDBEN8,variant_01KYQGWQBYHSM7942SN6NZBT90,Default,sku-splash-splash-35,,,,false,true,,,,,,,,,6,1800,0,,prod_01KYQGWNF531PXGH57FNC97GEK,Wed Jul 29 2026 13:06:22 GMT-0500 (Colombia Standard Time),Wed Jul 29 2026 13:06:22 GMT-0500 (Colombia Standard Time),,2400,opt_01KYQGWNF6PMZB48J2FY1J7V7J,Default,Default
prod_01KYQGWNF53V6MRJS2TB4VGZD7,alcohol-desodorizado-30-ml-valvula-spray,ALCOHOL DESODORIZADO 30 ML VALVULA SPRAY,,published,,,false,true,,pcol_01KYNF54AKSX3Y8RFNJ53P89S3,,,,,,,,,,Wed Jul 29 2026 13:06:20 GMT-0500 (Colombia Standard Time),Wed Jul 29 2026 13:06:20 GMT-0500 (Colombia Standard Time),,sc_01KYNCV8FSSEG8B1MQC4QC6DA2,sc_01KYNF4WREP6XDE0A8VADDBEN8,variant_01KYQGWQBXYHF4KHETNFFSMN65,Default,sku-splash-splash-26,,,,false,true,,,,,,,,,6,1280,0,,prod_01KYQGWNF53V6MRJS2TB4VGZD7,Wed Jul 29 2026 13:06:22 GMT-0500 (Colombia Standard Time),Wed Jul 29 2026 13:06:22 GMT-0500 (Colombia Standard Time),,1600,opt_01KYQGWNF606AGQ43RQ7NQ20E1,Default,Default
prod_01KYQGWNF5CNABDFT74T8KVH8S,agua-de-linos-spray-60-ml,AGUA DE LINOS SPRAY 60 ML,,published,,,false,true,,pcol_01KYNF54AK6J1J9YFFJ9329JV8,,,,,,,,,,Wed Jul 29 2026 13:06:20 GMT-0500 (Colombia Standard Time),Wed Jul 29 2026 13:06:20 GMT-0500 (Colombia Standard Time),,sc_01KYNCV8FSSEG8B1MQC4QC6DA2,sc_01KYNF4WREP6XDE0A8VADDBEN8,variant_01KYQGWQBYS2BWMTMCP1ZR6PG8,Default,sku-splash-splash-36,,,,false,true,,,,,,,,,6,3000,0,,prod_01KYQGWNF5CNABDFT74T8KVH8S,Wed Jul 29 2026 13:06:22 GMT-0500 (Colombia Standard Time),Wed Jul 29 2026 13:06:22 GMT-0500 (Colombia Standard Time),,4000,opt_01KYQGWNF66AVJH5V3WP30EEYV,Default,Default
prod_01KYQGWNF5DNJZKQ98E4DRAP56,alcohol-desodorizado-500-ml-400-gr,ALCOHOL DESODORIZADO 500 ML (400 GR),,published,,,false,true,,pcol_01KYNF54AKSX3Y8RFNJ53P89S3,,,,,,,,,,Wed Jul 29 2026 13:06:20 GMT-0500 (Colombia Standard Time),Wed Jul 29 2026 13:06:20 GMT-0500 (Colombia Standard Time),,sc_01KYNCV8FSSEG8B1MQC4QC6DA2,sc_01KYNF4WREP6XDE0A8VADDBEN8,variant_01KYQGWQBYS26RBDQ3H1QQE21E,Default,sku-splash-splash-31,,,,false,true,,,,,,,,,6,5600,0,,prod_01KYQGWNF5DNJZKQ98E4DRAP56,Wed Jul 29 2026 13:06:22 GMT-0500 (Colombia Standard Time),Wed Jul 29 2026 13:06:22 GMT-0500 (Colombia Standard Time),,7400,opt_01KYQGWNF66PXPFCJVSY0W5N94,Default,Default
prod_01KYQGWNF5EHNEKRMNK7BHQBMS,alcohol-desodorizado-125-ml-valvula-spray,ALCOHOL DESODORIZADO 125 ML VALVULA SPRAY,,published,,,false,true,,pcol_01KYNF54AKSX3Y8RFNJ53P89S3,,,,,,,,,,Wed Jul 29 2026 13:06:20 GMT-0500 (Colombia Standard Time),Wed Jul 29 2026 13:06:20 GMT-0500 (Colombia Standard Time),,sc_01KYNCV8FSSEG8B1MQC4QC6DA2,sc_01KYNF4WREP6XDE0A8VADDBEN8,variant_01KYQGWQBXQZ531NYC8TE7PKB2,Default,sku-splash-splash-28,,,,false,true,,,,,,,,,6,2800,0,,prod_01KYQGWNF5EHNEKRMNK7BHQBMS,Wed Jul 29 2026 13:06:22 GMT-0500 (Colombia Standard Time),Wed Jul 29 2026 13:06:22 GMT-0500 (Colombia Standard Time),,3500,opt_01KYQGWNF6MMGH2W71J262750H,Default,Default
prod_01KYQGWNF5EWQKS70HCQ41F01N,alcohol-desodorizado-250-ml-200-gr,ALCOHOL DESODORIZADO 250 ML (200 GR),,published,,,false,true,,pcol_01KYNF54AKSX3Y8RFNJ53P89S3,,,,,,,,,,Wed Jul 29 2026 13:06:20 GMT-0500 (Colombia Standard Time),Wed Jul 29 2026 13:06:20 GMT-0500 (Colombia Standard Time),,sc_01KYNCV8FSSEG8B1MQC4QC6DA2,sc_01KYNF4WREP6XDE0A8VADDBEN8,variant_01KYQGWQBXF6SRSDNGVTPWPXBK,Default,sku-splash-splash-30,,,,false,true,,,,,,,,,6,3000,0,,prod_01KYQGWNF5EWQKS70HCQ41F01N,Wed Jul 29 2026 13:06:22 GMT-0500 (Colombia Standard Time),Wed Jul 29 2026 13:06:22 GMT-0500 (Colombia Standard Time),,4000,opt_01KYQGWNF63R5EJTTK1HBGB59T,Default,Default
prod_01KYQGWNF5FGD3XAF29SKHW6SH,alcohol-desodorizado-1000-ml-800-gr,ALCOHOL DESODORIZADO 1000 ML (800 GR),,published,,,false,true,,pcol_01KYNF54AKSX3Y8RFNJ53P89S3,,,,,,,,,,Wed Jul 29 2026 13:06:20 GMT-0500 (Colombia Standard Time),Wed Jul 29 2026 13:06:20 GMT-0500 (Colombia Standard Time),,sc_01KYNCV8FSSEG8B1MQC4QC6DA2,sc_01KYNF4WREP6XDE0A8VADDBEN8,variant_01KYQGWQBY3YQD1YMW4QYKJ61M,Default,sku-splash-splash-32,,,,false,true,,,,,,,,,6,10100,0,,prod_01KYQGWNF5FGD3XAF29SKHW6SH,Wed Jul 29 2026 13:06:22 GMT-0500 (Colombia Standard Time),Wed Jul 29 2026 13:06:22 GMT-0500 (Colombia Standard Time),,13500,opt_01KYQGWNF6E50N7T6HB32M1FBA,Default,Default
prod_01KYQGWNF5JYM2VE4REFN03HNW,alcohol-desodorizado-125-ml-100-gr,ALCOHOL DESODORIZADO 125 ML (100 GR),,published,,,false,true,,pcol_01KYNF54AKSX3Y8RFNJ53P89S3,,,,,,,,,,Wed Jul 29 2026 13:06:20 GMT-0500 (Colombia Standard Time),Wed Jul 29 2026 13:06:20 GMT-0500 (Colombia Standard Time),,sc_01KYNCV8FSSEG8B1MQC4QC6DA2,sc_01KYNF4WREP6XDE0A8VADDBEN8,variant_01KYQGWQBXEQF2HND1ZNZ1KYYS,Default,sku-splash-splash-29,,,,false,true,,,,,,,,,6,1700,0,,prod_01KYQGWNF5JYM2VE4REFN03HNW,Wed Jul 29 2026 13:06:22 GMT-0500 (Colombia Standard Time),Wed Jul 29 2026 13:06:22 GMT-0500 (Colombia Standard Time),,2300,opt_01KYQGWNF67G1M3PX2FD3QCBE5,Default,Default
prod_01KYQGWNF5YZVYQKACZYCMQG16,alcohol-desodorizado-60-ml-valvula-spray,ALCOHOL DESODORIZADO 60 ML VALVULA SPRAY,,published,,,false,true,,pcol_01KYNF54AKSX3Y8RFNJ53P89S3,,,,,,,,,,Wed Jul 29 2026 13:06:20 GMT-0500 (Colombia Standard Time),Wed Jul 29 2026 13:06:20 GMT-0500 (Colombia Standard Time),,sc_01KYNCV8FSSEG8B1MQC4QC6DA2,sc_01KYNF4WREP6XDE0A8VADDBEN8,variant_01KYQGWQBXEBJWBBXXHAAHNDQ3,Default,sku-splash-splash-27,,,,false,true,,,,,,,,,6,1760,0,,prod_01KYQGWNF5YZVYQKACZYCMQG16,Wed Jul 29 2026 13:06:22 GMT-0500 (Colombia Standard Time),Wed Jul 29 2026 13:06:22 GMT-0500 (Colombia Standard Time),,2200,opt_01KYQGWNF6VX8B78GC0D5EBP7G,Default,Default
prod_01KYQGWS24319XA3EVQ9VK4A91,alcohol-desodorizado-125-ml,Alcohol Desodorizado 125 ML,,published,,Alcohol desodorizado especializado para perfumería.,false,true,,pcol_01KYNF54AKSX3Y8RFNJ53P89S3,,,,,,,,,,Wed Jul 29 2026 13:06:23 GMT-0500 (Colombia Standard Time),Wed Jul 29 2026 13:06:23 GMT-0500 (Colombia Standard Time),,sc_01KYNCV8FSSEG8B1MQC4QC6DA2,sc_01KYNF4WREP6XDE0A8VADDBEN8,variant_01KYQGWTYHYD9RBKXTWAHWQKFA,Default,alc-125-ml,,,,false,true,,,,,,,,,6,2800,0,,prod_01KYQGWS24319XA3EVQ9VK4A91,Wed Jul 29 2026 13:06:25 GMT-0500 (Colombia Standard Time),Wed Jul 29 2026 13:06:25 GMT-0500 (Colombia Standard Time),,3500,opt_01KYQGWS25S0GS5J6Z1GMXDBBN,Default,Default
prod_01KYQGWS24CVWWEFD69GDN4CVD,alcohol-desodorizado-60-ml,Alcohol Desodorizado 60 ML,,published,,Alcohol desodorizado especializado para perfumería.,false,true,,pcol_01KYNF54AKSX3Y8RFNJ53P89S3,,,,,,,,,,Wed Jul 29 2026 13:06:23 GMT-0500 (Colombia Standard Time),Wed Jul 29 2026 13:06:23 GMT-0500 (Colombia Standard Time),,sc_01KYNCV8FSSEG8B1MQC4QC6DA2,sc_01KYNF4WREP6XDE0A8VADDBEN8,variant_01KYQGWTYHWAM5VSAY7VFJYS65,Default,alc-60-ml,,,,false,true,,,,,,,,,6,1760,0,,prod_01KYQGWS24CVWWEFD69GDN4CVD,Wed Jul 29 2026 13:06:25 GMT-0500 (Colombia Standard Time),Wed Jul 29 2026 13:06:25 GMT-0500 (Colombia Standard Time),,2200,opt_01KYQGWS24EKRSSAAR1K2FW916,Default,Default
prod_01KYQGWS24DGEY3XSRCQHT002J,agua-de-linos-spray-250-ml,AGUA DE LINOS SPRAY 250 ML,,published,,,false,true,,pcol_01KYNF54AK6J1J9YFFJ9329JV8,,,,,,,,,,Wed Jul 29 2026 13:06:23 GMT-0500 (Colombia Standard Time),Wed Jul 29 2026 13:06:23 GMT-0500 (Colombia Standard Time),,sc_01KYNCV8FSSEG8B1MQC4QC6DA2,sc_01KYNF4WREP6XDE0A8VADDBEN8,variant_01KYQGWTYHFCM90BDBT5G8AXQY,Default,sku-splash-splash-38,,,,false,true,,,,,,,,,6,9800,0,,prod_01KYQGWS24DGEY3XSRCQHT002J,Wed Jul 29 2026 13:06:25 GMT-0500 (Colombia Standard Time),Wed Jul 29 2026 13:06:25 GMT-0500 (Colombia Standard Time),,13000,opt_01KYQGWS24YTSA2GH591X7CFX7,Default,Default
prod_01KYQGWS24DVB2QAVQHVBKDYMT,anillo-covergold-f,ANILLO COVERGOLD F,,published,,,false,true,,pcol_01KYNF54AK6VNWKFF3R0GE0JQE,,,,,,,,,,Wed Jul 29 2026 13:06:23 GMT-0500 (Colombia Standard Time),Wed Jul 29 2026 13:06:23 GMT-0500 (Colombia Standard Time),,sc_01KYNCV8FSSEG8B1MQC4QC6DA2,sc_01KYNF4WREP6XDE0A8VADDBEN8,variant_01KYQGWTYJHZTMFN3Q374RR9Q5,Default,bis-1706,,,,false,true,,,,,,,,,6,9000,0,,prod_01KYQGWS24DVB2QAVQHVBKDYMT,Wed Jul 29 2026 13:06:25 GMT-0500 (Colombia Standard Time),Wed Jul 29 2026 13:06:25 GMT-0500 (Colombia Standard Time),,10000,opt_01KYQGWS2594MCTH7ME6YASPES,Default,Default
prod_01KYQGWS24G456E40CTYG5TQHE,alcohol-desodorizado-500-ml,Alcohol Desodorizado 500 ML,,published,,Alcohol desodorizado especializado para perfumería.,false,true,,pcol_01KYNF54AKSX3Y8RFNJ53P89S3,,,,,,,,,,Wed Jul 29 2026 13:06:23 GMT-0500 (Colombia Standard Time),Wed Jul 29 2026 13:06:23 GMT-0500 (Colombia Standard Time),,sc_01KYNCV8FSSEG8B1MQC4QC6DA2,sc_01KYNF4WREP6XDE0A8VADDBEN8,variant_01KYQGWTYH1RV6H9Y15SESVYKJ,Default,alc-500-ml,,,,false,true,,,,,,,,,6,5920,0,,prod_01KYQGWS24G456E40CTYG5TQHE,Wed Jul 29 2026 13:06:25 GMT-0500 (Colombia Standard Time),Wed Jul 29 2026 13:06:25 GMT-0500 (Colombia Standard Time),,7400,opt_01KYQGWS25RB280JATCBWWTA6V,Default,Default
prod_01KYQGWS24J3C94YCBAWQ6QGQ6,alcohol-desodorizado-250-ml,Alcohol Desodorizado 250 ML,,published,,Alcohol desodorizado especializado para perfumería.,false,true,,pcol_01KYNF54AKSX3Y8RFNJ53P89S3,,,,,,,,,,Wed Jul 29 2026 13:06:23 GMT-0500 (Colombia Standard Time),Wed Jul 29 2026 13:06:23 GMT-0500 (Colombia Standard Time),,sc_01KYNCV8FSSEG8B1MQC4QC6DA2,sc_01KYNF4WREP6XDE0A8VADDBEN8,variant_01KYQGWTYHJ2Q4HGWZ757RHRWB,Default,alc-250-ml,,,,false,true,,,,,,,,,6,3200,0,,prod_01KYQGWS24J3C94YCBAWQ6QGQ6,Wed Jul 29 2026 13:06:25 GMT-0500 (Colombia Standard Time),Wed Jul 29 2026 13:06:25 GMT-0500 (Colombia Standard Time),,4000,opt_01KYQGWS25J78796PVDGPVHVY8,Default,Default
prod_01KYQGWS24Q8CGZFHB9TSGM2AF,alcohol-desodorizado-1000-ml,Alcohol Desodorizado 1000 ML,,published,,Alcohol desodorizado especializado para perfumería.,false,true,,pcol_01KYNF54AKSX3Y8RFNJ53P89S3,,,,,,,,,,Wed Jul 29 2026 13:06:23 GMT-0500 (Colombia Standard Time),Wed Jul 29 2026 13:06:23 GMT-0500 (Colombia Standard Time),,sc_01KYNCV8FSSEG8B1MQC4QC6DA2,sc_01KYNF4WREP6XDE0A8VADDBEN8,variant_01KYQGWTYHMR4AMHMMW30WFRRQ,Default,alc-1000-ml,,,,false,true,,,,,,,,,6,10800,0,,prod_01KYQGWS24Q8CGZFHB9TSGM2AF,Wed Jul 29 2026 13:06:25 GMT-0500 (Colombia Standard Time),Wed Jul 29 2026 13:06:25 GMT-0500 (Colombia Standard Time),,13500,opt_01KYQGWS25XS7RBNA0HE01GKS8,Default,Default
prod_01KYQGWS24Q9V28PDG1M77M74Q,anillo-acero-lujo-f,ANILLO ACERO LUJO F,,published,,,false,true,,pcol_01KYNF54AK6VNWKFF3R0GE0JQE,,,,,,,,,,Wed Jul 29 2026 13:06:23 GMT-0500 (Colombia Standard Time),Wed Jul 29 2026 13:06:23 GMT-0500 (Colombia Standard Time),,sc_01KYNCV8FSSEG8B1MQC4QC6DA2,sc_01KYNF4WREP6XDE0A8VADDBEN8,variant_01KYQGWTYJAPTC44H01CZBSKA1,Default,bis-1702,,,,false,true,,,,,,,,,6,9000,0,,prod_01KYQGWS24Q9V28PDG1M77M74Q,Wed Jul 29 2026 13:06:25 GMT-0500 (Colombia Standard Time),Wed Jul 29 2026 13:06:25 GMT-0500 (Colombia Standard Time),,10000,opt_01KYQGWS25B7Z721DK4SPVZ276,Default,Default
prod_01KYQGWS24R6YDR1A228G77RQV,anillo-acero-lujo-m,ANILLO ACERO LUJO M,,published,,,false,true,,pcol_01KYNF54AK6VNWKFF3R0GE0JQE,,,,,,,,,,Wed Jul 29 2026 13:06:23 GMT-0500 (Colombia Standard Time),Wed Jul 29 2026 13:06:23 GMT-0500 (Colombia Standard Time),,sc_01KYNCV8FSSEG8B1MQC4QC6DA2,sc_01KYNF4WREP6XDE0A8VADDBEN8,variant_01KYQGWTYJ5JJ8N159BX8KPAAK,Default,bis-1703,,,,false,true,,,,,,,,,6,18000,0,,prod_01KYQGWS24R6YDR1A228G77RQV,Wed Jul 29 2026 13:06:25 GMT-0500 (Colombia Standard Time),Wed Jul 29 2026 13:06:25 GMT-0500 (Colombia Standard Time),,20000,opt_01KYQGWS25ZXRM8BP1KB9K0VYB,Default,Default
prod_01KYQGWS24X7PCANGYE85E91BX,alcohol-desodorizado-30-ml,Alcohol Desodorizado 30 ML,,published,,Alcohol desodorizado especializado para perfumería.,false,true,,pcol_01KYNF54AKSX3Y8RFNJ53P89S3,,,,,,,,,,Wed Jul 29 2026 13:06:23 GMT-0500 (Colombia Standard Time),Wed Jul 29 2026 13:06:23 GMT-0500 (Colombia Standard Time),,sc_01KYNCV8FSSEG8B1MQC4QC6DA2,sc_01KYNF4WREP6XDE0A8VADDBEN8,variant_01KYQGWTYHS9ABH3BXJEYQZYXD,Default,alc-30-ml,,,,false,true,,,,,,,,,6,1280,0,,prod_01KYQGWS24X7PCANGYE85E91BX,Wed Jul 29 2026 13:06:25 GMT-0500 (Colombia Standard Time),Wed Jul 29 2026 13:06:25 GMT-0500 (Colombia Standard Time),,1600,opt_01KYQGWS24N3XXDE8W2Z0HYNPQ,Default,Default
prod_01KYQGWWN806T33WSF7HJV35RS,candonga-acero-eco-pequena,CANDONGA ACERO ECO PEQUEÑA,,published,,,false,true,,pcol_01KYNF54AK6VNWKFF3R0GE0JQE,,,,,,,,,,Wed Jul 29 2026 13:06:27 GMT-0500 (Colombia Standard Time),Wed Jul 29 2026 13:06:27 GMT-0500 (Colombia Standard Time),,sc_01KYNCV8FSSEG8B1MQC4QC6DA2,sc_01KYNF4WREP6XDE0A8VADDBEN8,variant_01KYQGWYK9H9ZWKYVP8E1DPJSW,Default,bis-1730,,,,false,true,,,,,,,,,6,4500,0,,prod_01KYQGWWN806T33WSF7HJV35RS,Wed Jul 29 2026 13:06:29 GMT-0500 (Colombia Standard Time),Wed Jul 29 2026 13:06:29 GMT-0500 (Colombia Standard Time),,5000,opt_01KYQGWWN8GQQ2XXBYN517B795,Default,Default
prod_01KYQGWWN81KVTQ0D3J3QKS5C1,arete-rodio-eco,ARETE RODIO ECO,,published,,,false,true,,pcol_01KYNF54AK6VNWKFF3R0GE0JQE,,,,,,,,,,Wed Jul 29 2026 13:06:27 GMT-0500 (Colombia Standard Time),Wed Jul 29 2026 13:06:27 GMT-0500 (Colombia Standard Time),,sc_01KYNCV8FSSEG8B1MQC4QC6DA2,sc_01KYNF4WREP6XDE0A8VADDBEN8,variant_01KYQGWYK9KH4JYEQRXE5KBVG9,Default,bis-1724,,,,false,true,,,,,,,,,6,9000,0,,prod_01KYQGWWN81KVTQ0D3J3QKS5C1,Wed Jul 29 2026 13:06:29 GMT-0500 (Colombia Standard Time),Wed Jul 29 2026 13:06:29 GMT-0500 (Colombia Standard Time),,10000,opt_01KYQGWWN8XMHBTGTEY2WYADC7,Default,Default
prod_01KYQGWWN81VRZXQAJDD5DY1XC,arete-covergold-eco-corto,ARETE COVERGOLD ECO CORTO,,published,,,false,true,,pcol_01KYNF54AK6VNWKFF3R0GE0JQE,,,,,,,,,,Wed Jul 29 2026 13:06:27 GMT-0500 (Colombia Standard Time),Wed Jul 29 2026 13:06:27 GMT-0500 (Colombia Standard Time),,sc_01KYNCV8FSSEG8B1MQC4QC6DA2,sc_01KYNF4WREP6XDE0A8VADDBEN8,variant_01KYQGWYK8Z9PJB06RB1E22TBR,Default,bis-1722,,,,false,true,,,,,,,,,6,9000,0,,prod_01KYQGWWN81VRZXQAJDD5DY1XC,Wed Jul 29 2026 13:06:29 GMT-0500 (Colombia Standard Time),Wed Jul 29 2026 13:06:29 GMT-0500 (Colombia Standard Time),,10000,opt_01KYQGWWN8V8KEC5MSN6RWM3CR,Default,Default
prod_01KYQGWWN839SJR1RR0R6WDTF5,arete-acero-lujo,ARETE ACERO LUJO,,published,,,false,true,,pcol_01KYNF54AK6VNWKFF3R0GE0JQE,,,,,,,,,,Wed Jul 29 2026 13:06:27 GMT-0500 (Colombia Standard Time),Wed Jul 29 2026 13:06:27 GMT-0500 (Colombia Standard Time),,sc_01KYNCV8FSSEG8B1MQC4QC6DA2,sc_01KYNF4WREP6XDE0A8VADDBEN8,variant_01KYQGWYK89YEFCC89CZEM09QF,Default,bis-1721,,,,false,true,,,,,,,,,6,13500,0,,prod_01KYQGWWN839SJR1RR0R6WDTF5,Wed Jul 29 2026 13:06:29 GMT-0500 (Colombia Standard Time),Wed Jul 29 2026 13:06:29 GMT-0500 (Colombia Standard Time),,15000,opt_01KYQGWWN8664BK6SVDWS49AVY,Default,Default
prod_01KYQGWWN8ENKZA8PPQFNYJM5F,candonga-acero-lujo-surtida,CANDONGA ACERO LUJO SURTIDA,,published,,,false,true,,pcol_01KYNF54AK6VNWKFF3R0GE0JQE,,,,,,,,,,Wed Jul 29 2026 13:06:27 GMT-0500 (Colombia Standard Time),Wed Jul 29 2026 13:06:27 GMT-0500 (Colombia Standard Time),,sc_01KYNCV8FSSEG8B1MQC4QC6DA2,sc_01KYNF4WREP6XDE0A8VADDBEN8,variant_01KYQGWYK9KS420DFY6ES68A24,Default,bis-1732,,,,false,true,,,,,,,,,6,6400,0,,prod_01KYQGWWN8ENKZA8PPQFNYJM5F,Wed Jul 29 2026 13:06:29 GMT-0500 (Colombia Standard Time),Wed Jul 29 2026 13:06:29 GMT-0500 (Colombia Standard Time),,8000,opt_01KYQGWWN8F4ZA4S2PF5AA2BP4,Default,Default
prod_01KYQGWWN8H8JZNWNRXWKY37YJ,arete-acero-eco,ARETE ACERO ECO,,published,,,false,true,,pcol_01KYNF54AK6VNWKFF3R0GE0JQE,,,,,,,,,,Wed Jul 29 2026 13:06:27 GMT-0500 (Colombia Standard Time),Wed Jul 29 2026 13:06:27 GMT-0500 (Colombia Standard Time),,sc_01KYNCV8FSSEG8B1MQC4QC6DA2,sc_01KYNF4WREP6XDE0A8VADDBEN8,variant_01KYQGWYK8XJWN4B6QS0MBEV4X,Default,bis-1720,,,,false,true,,,,,,,,,6,9000,0,,prod_01KYQGWWN8H8JZNWNRXWKY37YJ,Wed Jul 29 2026 13:06:29 GMT-0500 (Colombia Standard Time),Wed Jul 29 2026 13:06:29 GMT-0500 (Colombia Standard Time),,10000,opt_01KYQGWWN869RE3WY8AEZY4NMA,Default,Default
prod_01KYQGWWN8HWA044XERP5BJFBP,candonga-acero-lujo-piedra,CANDONGA ACERO LUJO PIEDRA,,published,,,false,true,,pcol_01KYNF54AK6VNWKFF3R0GE0JQE,,,,,,,,,,Wed Jul 29 2026 13:06:27 GMT-0500 (Colombia Standard Time),Wed Jul 29 2026 13:06:27 GMT-0500 (Colombia Standard Time),,sc_01KYNCV8FSSEG8B1MQC4QC6DA2,sc_01KYNF4WREP6XDE0A8VADDBEN8,variant_01KYQGWYK964WV81Q9ZS0G9NMX,Default,bis-1731,,,,false,true,,,,,,,,,6,8000,0,,prod_01KYQGWWN8HWA044XERP5BJFBP,Wed Jul 29 2026 13:06:29 GMT-0500 (Colombia Standard Time),Wed Jul 29 2026 13:06:29 GMT-0500 (Colombia Standard Time),,10000,opt_01KYQGWWN8EYCE3Q3H4WT5HJV1,Default,Default
prod_01KYQGWWN8JWQ2FQQP7EGK568K,cadena-acero-corta-collar,CADENA ACERO CORTA (COLLAR),,published,,,false,true,,pcol_01KYNF54AK6VNWKFF3R0GE0JQE,,,,,,,,,,Wed Jul 29 2026 13:06:27 GMT-0500 (Colombia Standard Time),Wed Jul 29 2026 13:06:27 GMT-0500 (Colombia Standard Time),,sc_01KYNCV8FSSEG8B1MQC4QC6DA2,sc_01KYNF4WREP6XDE0A8VADDBEN8,variant_01KYQGWYK95VQBQEY57NJG8FP4,Default,bis-1740,,,,false,true,,,,,,,,,6,12000,0,,prod_01KYQGWWN8JWQ2FQQP7EGK568K,Wed Jul 29 2026 13:06:29 GMT-0500 (Colombia Standard Time),Wed Jul 29 2026 13:06:29 GMT-0500 (Colombia Standard Time),,15000,opt_01KYQGWWN8ZP169YRT37Q0V84N,Default,Default
prod_01KYQGWWN8P6QE688QDX7MDW5G,candonga-covergold-lujo-piedra,CANDONGA COVERGOLD LUJO PIEDRA,,published,,,false,true,,pcol_01KYNF54AK6VNWKFF3R0GE0JQE,,,,,,,,,,Wed Jul 29 2026 13:06:27 GMT-0500 (Colombia Standard Time),Wed Jul 29 2026 13:06:27 GMT-0500 (Colombia Standard Time),,sc_01KYNCV8FSSEG8B1MQC4QC6DA2,sc_01KYNF4WREP6XDE0A8VADDBEN8,variant_01KYQGWYK9CXTGNM67CGY7JTHX,Default,bis-1733,,,,false,true,,,,,,,,,6,8000,0,,prod_01KYQGWWN8P6QE688QDX7MDW5G,Wed Jul 29 2026 13:06:29 GMT-0500 (Colombia Standard Time),Wed Jul 29 2026 13:06:29 GMT-0500 (Colombia Standard Time),,10000,opt_01KYQGWWN8M8BBE9T9EMDSMC9Z,Default,Default
prod_01KYQGWWN8TF2HNKWQ6YH3V4AS,arete-rodio-lujo,ARETE RODIO LUJO,,published,,,false,true,,pcol_01KYNF54AK6VNWKFF3R0GE0JQE,,,,,,,,,,Wed Jul 29 2026 13:06:27 GMT-0500 (Colombia Standard Time),Wed Jul 29 2026 13:06:27 GMT-0500 (Colombia Standard Time),,sc_01KYNCV8FSSEG8B1MQC4QC6DA2,sc_01KYNF4WREP6XDE0A8VADDBEN8,variant_01KYQGWYK9WN2XR144E6ZXE0Q3,Default,bis-1725,,,,false,true,,,,,,,,,6,18000,0,,prod_01KYQGWWN8TF2HNKWQ6YH3V4AS,Wed Jul 29 2026 13:06:29 GMT-0500 (Colombia Standard Time),Wed Jul 29 2026 13:06:29 GMT-0500 (Colombia Standard Time),,20000,opt_01KYQGWWN8C1N8670K27ZW4TWE,Default,Default
prod_01KYQGX0AX4KWKAMEBEQ3XQ0FX,relicario-acero-eco,RELICARIO ACERO ECO,,published,,,false,true,,pcol_01KYNF54AK6VNWKFF3R0GE0JQE,,,,,,,,,,Wed Jul 29 2026 13:06:31 GMT-0500 (Colombia Standard Time),Wed Jul 29 2026 13:06:31 GMT-0500 (Colombia Standard Time),,sc_01KYNCV8FSSEG8B1MQC4QC6DA2,sc_01KYNF4WREP6XDE0A8VADDBEN8,variant_01KYQGX26W5X1QE7QDRP58FKX6,Default,bis-1743,,,,false,true,,,,,,,,,6,12000,0,,prod_01KYQGX0AX4KWKAMEBEQ3XQ0FX,Wed Jul 29 2026 13:06:33 GMT-0500 (Colombia Standard Time),Wed Jul 29 2026 13:06:33 GMT-0500 (Colombia Standard Time),,15000,opt_01KYQGX0AX8GC5SZYMTY9RV1H1,Default,Default
prod_01KYQGX0AX9MH3PA8C73KFEHB0,relicario-acero-lujo,RELICARIO ACERO LUJO,,published,,,false,true,,pcol_01KYNF54AK6VNWKFF3R0GE0JQE,,,,,,,,,,Wed Jul 29 2026 13:06:31 GMT-0500 (Colombia Standard Time),Wed Jul 29 2026 13:06:31 GMT-0500 (Colombia Standard Time),,sc_01KYNCV8FSSEG8B1MQC4QC6DA2,sc_01KYNF4WREP6XDE0A8VADDBEN8,variant_01KYQGX26WERGF9DXNZQNR1Y4R,Default,bis-1744,,,,false,true,,,,,,,,,6,20000,0,,prod_01KYQGX0AX9MH3PA8C73KFEHB0,Wed Jul 29 2026 13:06:33 GMT-0500 (Colombia Standard Time),Wed Jul 29 2026 13:06:33 GMT-0500 (Colombia Standard Time),,25000,opt_01KYQGX0AXRYN4ZFPXYSWB0T07,Default,Default
prod_01KYQGX0AXB42ZGE4F035HP8C9,pulsera-acero-lujo,PULSERA ACERO LUJO,,published,,,false,true,,pcol_01KYNF54AK6VNWKFF3R0GE0JQE,,,,,,,,,,Wed Jul 29 2026 13:06:31 GMT-0500 (Colombia Standard Time),Wed Jul 29 2026 13:06:31 GMT-0500 (Colombia Standard Time),,sc_01KYNCV8FSSEG8B1MQC4QC6DA2,sc_01KYNF4WREP6XDE0A8VADDBEN8,variant_01KYQGX26XW30VRM3QF0YB7N5N,Default,bis-1761,,,,false,true,,,,,,,,,6,12000,0,,prod_01KYQGX0AXB42ZGE4F035HP8C9,Wed Jul 29 2026 13:06:33 GMT-0500 (Colombia Standard Time),Wed Jul 29 2026 13:06:33 GMT-0500 (Colombia Standard Time),,15000,opt_01KYQGX0AXX44149WNH3X2XSQE,Default,Default
prod_01KYQGX0AXHXHCXJZHFZWQZY62,duo-acero-eco-arete-y-collar-inicial,DUO ACERO ECO ARETE Y COLLAR INICIAL,,published,,,false,true,,pcol_01KYNF54AK6VNWKFF3R0GE0JQE,,,,,,,,,,Wed Jul 29 2026 13:06:31 GMT-0500 (Colombia Standard Time),Wed Jul 29 2026 13:06:31 GMT-0500 (Colombia Standard Time),,sc_01KYNCV8FSSEG8B1MQC4QC6DA2,sc_01KYNF4WREP6XDE0A8VADDBEN8,variant_01KYQGX26XYAVQPYPPB2M18TSS,Default,bis-1750,,,,false,true,,,,,,,,,6,8000,0,,prod_01KYQGX0AXHXHCXJZHFZWQZY62,Wed Jul 29 2026 13:06:33 GMT-0500 (Colombia Standard Time),Wed Jul 29 2026 13:06:33 GMT-0500 (Colombia Standard Time),,10000,opt_01KYQGX0AXT2RKP9V2VDJFSBCA,Default,Default
prod_01KYQGX0AXN5MPQ950PGSSRP7F,duo-mixto-eco-arete-acero-y-collar-covergold,DUO MIXTO ECO ARETE ACERO Y COLLAR COVERGOLD,,published,,,false,true,,pcol_01KYNF54AK6VNWKFF3R0GE0JQE,,,,,,,,,,Wed Jul 29 2026 13:06:31 GMT-0500 (Colombia Standard Time),Wed Jul 29 2026 13:06:31 GMT-0500 (Colombia Standard Time),,sc_01KYNCV8FSSEG8B1MQC4QC6DA2,sc_01KYNF4WREP6XDE0A8VADDBEN8,variant_01KYQGX26XGHKJ2P95209WSXZB,Default,bis-1752,,,,false,true,,,,,,,,,6,9600,0,,prod_01KYQGX0AXN5MPQ950PGSSRP7F,Wed Jul 29 2026 13:06:33 GMT-0500 (Colombia Standard Time),Wed Jul 29 2026 13:06:33 GMT-0500 (Colombia Standard Time),,12000,opt_01KYQGX0AX86GT5EDGQVN8RFME,Default,Default